"STATION","NAME","LATITUDE","LONGITUDE","ELEVATION","DATE","TAVG","TMAX","TMIN"
"USR0000CALP","ALPINE CALIFORNIA, CA US","32.8336","-116.7392","622.1","2020-01-01","50","62","43"
"USR0000CALP","ALPINE CALIFORNIA, CA US","32.8336","-116.7392","622.1","2020-01-02","53","66","43"
"USR0000CALP","ALPINE CALIFORNIA, CA US","32.8336","-116.7392","622.1","2020-01-03","57","68","48"
"USR0000CALP","ALPINE CALIFORNIA, CA US","32.8336","-116.7392","622.1","2020-01-04","55","68","47"
"USR0000CALP","ALPINE CALIFORNIA, CA US","32.8336","-116.7392","622.1","2020-01-05","58","68","47"
"USR0000CALP","ALPINE CALIFORNIA, CA US","32.8336","-116.7392","622.1","2020-01-06","62","67","58"
"USR0000CALP","ALPINE CALIFORNIA, CA US","32.8336","-116.7392","622.1","2020-01-07","60","76","44"
"USR0000CALP","ALPINE CALIFORNIA, CA US","32.8336","-116.7392","622.1","2020-01-08","48","59","41"
"USR0000CALP","ALPINE CALIFORNIA, CA US","32.8336","-116.7392","622.1","2020-01-09","43","48","38"
"USR0000CALP","ALPINE CALIFORNIA, CA US","32.8336","-116.7392","622.1","2020-01-10","48","61","37"
"USR0000CALP","ALPINE CALIFORNIA, CA US","32.8336","-116.7392","622.1","2020-01-11","47","57","37"
"USR0000CALP","ALPINE CALIFORNIA, CA US","32.8336","-116.7392","622.1","2020-01-12","47","62","38"
"USR0000CALP","ALPINE CALIFORNIA, CA US","32.8336","-116.7392","622.1","2020-01-13","47","62","37"
"USR0000CALP","ALPINE CALIFORNIA, CA US","32.8336","-116.7392","622.1","2020-01-14","49","61","40"
"USR0000CALP","ALPINE CALIFORNIA, CA US","32.8336","-116.7392","622.1","2020-01-15","53","69","40"
"USR0000CALP","ALPINE CALIFORNIA, CA US","32.8336","-116.7392","622.1","2020-01-16","48","64","41"
"USR0000CALP","ALPINE CALIFORNIA, CA US","32.8336","-116.7392","622.1","2020-01-17","45","50","41"
"USR0000CALP","ALPINE CALIFORNIA, CA US","32.8336","-116.7392","622.1","2020-01-18","57","71","46"
"USR0000CALP","ALPINE CALIFORNIA, CA US","32.8336","-116.7392","622.1","2020-01-19","62","69","52"
"USR0000CALP","ALPINE CALIFORNIA, CA US","32.8336","-116.7392","622.1","2020-01-20","53","61","48"
"USR0000CALP","ALPINE CALIFORNIA, CA US","32.8336","-116.7392","622.1","2020-01-21","46","50","44"
"USR0000CALP","ALPINE CALIFORNIA, CA US","32.8336","-116.7392","622.1","2020-01-22","51","59","43"
"USR0000CALP","ALPINE CALIFORNIA, CA US","32.8336","-116.7392","622.1","2020-01-23","59","69","50"
"USR0000CALP","ALPINE CALIFORNIA, CA US","32.8336","-116.7392","622.1","2020-01-24","58","71","50"
"USR0000CALP","ALPINE CALIFORNIA, CA US","32.8336","-116.7392","622.1","2020-01-25","58","73","50"
"USR0000CALP","ALPINE CALIFORNIA, CA US","32.8336","-116.7392","622.1","2020-01-26","53","66","42"
"USR0000CALP","ALPINE CALIFORNIA, CA US","32.8336","-116.7392","622.1","2020-01-27","56","69","40"
"USR0000CALP","ALPINE CALIFORNIA, CA US","32.8336","-116.7392","622.1","2020-01-28","57","70","46"
"USR0000CALP","ALPINE CALIFORNIA, CA US","32.8336","-116.7392","622.1","2020-01-29","53","63","42"
"USR0000CALP","ALPINE CALIFORNIA, CA US","32.8336","-116.7392","622.1","2020-01-30","57","68","45"
"USR0000CALP","ALPINE CALIFORNIA, CA US","32.8336","-116.7392","622.1","2020-01-31","64","75","59"
"USR0000CALP","ALPINE CALIFORNIA, CA US","32.8336","-116.7392","622.1","2020-02-01","67","75","59"
"USR0000CALP","ALPINE CALIFORNIA, CA US","32.8336","-116.7392","622.1","2020-02-02","59","71","45"
"USR0000CALP","ALPINE CALIFORNIA, CA US","32.8336","-116.7392","622.1","2020-02-03","45","50","40"
"USR0000CALP","ALPINE CALIFORNIA, CA US","32.8336","-116.7392","622.1","2020-02-04","42","49","35"
"USR0000CALP","ALPINE CALIFORNIA, CA US","32.8336","-116.7392","622.1","2020-02-05","43","55","34"
"USR0000CALP","ALPINE CALIFORNIA, CA US","32.8336","-116.7392","622.1","2020-02-06","50","62","40"
"USR0000CALP","ALPINE CALIFORNIA, CA US","32.8336","-116.7392","622.1","2020-02-07","56","70","44"
"USR0000CALP","ALPINE CALIFORNIA, CA US","32.8336","-116.7392","622.1","2020-02-08","56","70","47"
"USR0000CALP","ALPINE CALIFORNIA, CA US","32.8336","-116.7392","622.1","2020-02-09","44","48","40"
"USR0000CALP","ALPINE CALIFORNIA, CA US","32.8336","-116.7392","622.1","2020-02-10","44","51","41"
"USR0000CALP","ALPINE CALIFORNIA, CA US","32.8336","-116.7392","622.1","2020-02-11","49","60","39"
"USR0000CALP","ALPINE CALIFORNIA, CA US","32.8336","-116.7392","622.1","2020-02-12","48","59","37"
"USR0000CALP","ALPINE CALIFORNIA, CA US","32.8336","-116.7392","622.1","2020-02-13","52","65","41"
"USR0000CALP","ALPINE CALIFORNIA, CA US","32.8336","-116.7392","622.1","2020-02-14","52","65","43"
"USR0000CALP","ALPINE CALIFORNIA, CA US","32.8336","-116.7392","622.1","2020-02-15","53","67","42"
"USR0000CALP","ALPINE CALIFORNIA, CA US","32.8336","-116.7392","622.1","2020-02-16","56","70","45"
"USR0000CALP","ALPINE CALIFORNIA, CA US","32.8336","-116.7392","622.1","2020-02-17","57","69","45"
"USR0000CALP","ALPINE CALIFORNIA, CA US","32.8336","-116.7392","622.1","2020-02-18","58","70","50"
"USR0000CALP","ALPINE CALIFORNIA, CA US","32.8336","-116.7392","622.1","2020-02-19","57","70","48"
"USR0000CALP","ALPINE CALIFORNIA, CA US","32.8336","-116.7392","622.1","2020-02-20","63","75","52"
"USR0000CALP","ALPINE CALIFORNIA, CA US","32.8336","-116.7392","622.1","2020-02-21","60","75","46"
"USR0000CALP","ALPINE CALIFORNIA, CA US","32.8336","-116.7392","622.1","2020-02-22","46","50","44"
"USR0000CALP","ALPINE CALIFORNIA, CA US","32.8336","-116.7392","622.1","2020-02-23","48","57","43"
"USR0000CALP","ALPINE CALIFORNIA, CA US","32.8336","-116.7392","622.1","2020-02-24","57","69","42"
"USR0000CALP","ALPINE CALIFORNIA, CA US","32.8336","-116.7392","622.1","2020-02-25","62","70","54"
"USR0000CALP","ALPINE CALIFORNIA, CA US","32.8336","-116.7392","622.1","2020-02-26","58","65","52"
"USR0000CALP","ALPINE CALIFORNIA, CA US","32.8336","-116.7392","622.1","2020-02-27","65","72","60"
"USR0000CALP","ALPINE CALIFORNIA, CA US","32.8336","-116.7392","622.1","2020-02-28","65","78","49"
"USR0000CALP","ALPINE CALIFORNIA, CA US","32.8336","-116.7392","622.1","2020-02-29","54","66","44"
"USR0000CALP","ALPINE CALIFORNIA, CA US","32.8336","-116.7392","622.1","2020-03-01","44","49","41"
"USR0000CALP","ALPINE CALIFORNIA, CA US","32.8336","-116.7392","622.1","2020-03-02","45","51","39"
"USR0000CALP","ALPINE CALIFORNIA, CA US","32.8336","-116.7392","622.1","2020-03-03","57","71","44"
"USR0000CALP","ALPINE CALIFORNIA, CA US","32.8336","-116.7392","622.1","2020-03-04","57","70","47"
"USR0000CALP","ALPINE CALIFORNIA, CA US","32.8336","-116.7392","622.1","2020-03-05","63","77","51"
"USR0000CALP","ALPINE CALIFORNIA, CA US","32.8336","-116.7392","622.1","2020-03-06","60","72","51"
"USR0000CALP","ALPINE CALIFORNIA, CA US","32.8336","-116.7392","622.1","2020-03-07","49","59","41"
"USR0000CALP","ALPINE CALIFORNIA, CA US","32.8336","-116.7392","622.1","2020-03-08","48","58","41"
"USR0000CALP","ALPINE CALIFORNIA, CA US","32.8336","-116.7392","622.1","2020-03-09","54","68","42"
"USR0000CALP","ALPINE CALIFORNIA, CA US","32.8336","-116.7392","622.1","2020-03-10","56","64","52"
"USR0000CALP","ALPINE CALIFORNIA, CA US","32.8336","-116.7392","622.1","2020-03-11","56","66","49"
"USR0000CALP","ALPINE CALIFORNIA, CA US","32.8336","-116.7392","622.1","2020-03-12","49","54","45"
"USR0000CALP","ALPINE CALIFORNIA, CA US","32.8336","-116.7392","622.1","2020-03-13","47","49","44"
"USR0000CALP","ALPINE CALIFORNIA, CA US","32.8336","-116.7392","622.1","2020-03-14","47","51","42"
"USR0000CALP","ALPINE CALIFORNIA, CA US","32.8336","-116.7392","622.1","2020-03-15","48","53","42"
"USR0000CALP","ALPINE CALIFORNIA, CA US","32.8336","-116.7392","622.1","2020-03-16","47","53","43"
"USR0000CALP","ALPINE CALIFORNIA, CA US","32.8336","-116.7392","622.1","2020-03-17","44","51","40"
"USR0000CALP","ALPINE CALIFORNIA, CA US","32.8336","-116.7392","622.1","2020-03-18","42","47","40"
"USR0000CALP","ALPINE CALIFORNIA, CA US","32.8336","-116.7392","622.1","2020-03-19","43","49","39"
"USR0000CALP","ALPINE CALIFORNIA, CA US","32.8336","-116.7392","622.1","2020-03-20","47","55","38"
"USR0000CALP","ALPINE CALIFORNIA, CA US","32.8336","-116.7392","622.1","2020-03-21","49","60","41"
"USR0000CALP","ALPINE CALIFORNIA, CA US","32.8336","-116.7392","622.1","2020-03-22","51","62","41"
"USR0000CALP","ALPINE CALIFORNIA, CA US","32.8336","-116.7392","622.1","2020-03-23","49","55","43"
"USR0000CALP","ALPINE CALIFORNIA, CA US","32.8336","-116.7392","622.1","2020-03-24","48","58","40"
"USR0000CALP","ALPINE CALIFORNIA, CA US","32.8336","-116.7392","622.1","2020-03-25","46","55","42"
"USR0000CALP","ALPINE CALIFORNIA, CA US","32.8336","-116.7392","622.1","2020-03-26","42","50","36"
"USR0000CALP","ALPINE CALIFORNIA, CA US","32.8336","-116.7392","622.1","2020-03-27","42","53","32"
"USR0000CALP","ALPINE CALIFORNIA, CA US","32.8336","-116.7392","622.1","2020-03-28","47","59","35"
"USR0000CALP","ALPINE CALIFORNIA, CA US","32.8336","-116.7392","622.1","2020-03-29","48","58","38"
"USR0000CALP","ALPINE CALIFORNIA, CA US","32.8336","-116.7392","622.1","2020-03-30","54","69","39"
"USR0000CALP","ALPINE CALIFORNIA, CA US","32.8336","-116.7392","622.1","2020-03-31","60","70","51"
"USR0000CALP","ALPINE CALIFORNIA, CA US","32.8336","-116.7392","622.1","2020-04-01","58","69","46"
"USR0000CALP","ALPINE CALIFORNIA, CA US","32.8336","-116.7392","622.1","2020-04-02","52","62","42"
"USR0000CALP","ALPINE CALIFORNIA, CA US","32.8336","-116.7392","622.1","2020-04-03","50","63","37"
"USR0000CALP","ALPINE CALIFORNIA, CA US","32.8336","-116.7392","622.1","2020-04-04","50","61","40"
"USR0000CALP","ALPINE CALIFORNIA, CA US","32.8336","-116.7392","622.1","2020-04-05","49","60","44"
"USR0000CALP","ALPINE CALIFORNIA, CA US","32.8336","-116.7392","622.1","2020-04-06","48","52","44"
"USR0000CALP","ALPINE CALIFORNIA, CA US","32.8336","-116.7392","622.1","2020-04-07","48","58","43"
"USR0000CALP","ALPINE CALIFORNIA, CA US","32.8336","-116.7392","622.1","2020-04-08","43","49","39"
"USR0000CALP","ALPINE CALIFORNIA, CA US","32.8336","-116.7392","622.1","2020-04-09","45","51","40"
"USR0000CALP","ALPINE CALIFORNIA, CA US","32.8336","-116.7392","622.1","2020-04-10","44","47","41"
"USR0000CALP","ALPINE CALIFORNIA, CA US","32.8336","-116.7392","622.1","2020-04-11","49","54","42"
"USR0000CALP","ALPINE CALIFORNIA, CA US","32.8336","-116.7392","622.1","2020-04-12","47","49","46"
"USR0000CALP","ALPINE CALIFORNIA, CA US","32.8336","-116.7392","622.1","2020-04-13","48","51","45"
"USR0000CALP","ALPINE CALIFORNIA, CA US","32.8336","-116.7392","622.1","2020-04-14","58","72","43"
"USR0000CALP","ALPINE CALIFORNIA, CA US","32.8336","-116.7392","622.1","2020-04-15","60","73","48"
"USR0000CALP","ALPINE CALIFORNIA, CA US","32.8336","-116.7392","622.1","2020-04-16","56","68","45"
"USR0000CALP","ALPINE CALIFORNIA, CA US","32.8336","-116.7392","622.1","2020-04-17","51","60","44"
"USR0000CALP","ALPINE CALIFORNIA, CA US","32.8336","-116.7392","622.1","2020-04-18","48","53","45"
"USR0000CALP","ALPINE CALIFORNIA, CA US","32.8336","-116.7392","622.1","2020-04-19","51","61","46"
"USR0000CALP","ALPINE CALIFORNIA, CA US","32.8336","-116.7392","622.1","2020-04-20","53","63","47"
"USR0000CALP","ALPINE CALIFORNIA, CA US","32.8336","-116.7392","622.1","2020-04-21","53","61","47"
"USR0000CALP","ALPINE CALIFORNIA, CA US","32.8336","-116.7392","622.1","2020-04-22","67","79","52"
"USR0000CALP","ALPINE CALIFORNIA, CA US","32.8336","-116.7392","622.1","2020-04-23","70","83","59"
"USR0000CALP","ALPINE CALIFORNIA, CA US","32.8336","-116.7392","622.1","2020-04-24","76","88","60"
"USR0000CALP","ALPINE CALIFORNIA, CA US","32.8336","-116.7392","622.1","2020-04-25","77","89","65"
"USR0000CALP","ALPINE CALIFORNIA, CA US","32.8336","-116.7392","622.1","2020-04-26","73","84","62"
"USR0000CALP","ALPINE CALIFORNIA, CA US","32.8336","-116.7392","622.1","2020-04-27","68","81","57"
"USR0000CALP","ALPINE CALIFORNIA, CA US","32.8336","-116.7392","622.1","2020-04-28","71","85","58"
"USR0000CALP","ALPINE CALIFORNIA, CA US","32.8336","-116.7392","622.1","2020-04-29","72","82","65"
"USR0000CALP","ALPINE CALIFORNIA, CA US","32.8336","-116.7392","622.1","2020-04-30","67","78","58"
"USR0000CALP","ALPINE CALIFORNIA, CA US","32.8336","-116.7392","622.1","2020-05-01","65","76","54"
"USR0000CALP","ALPINE CALIFORNIA, CA US","32.8336","-116.7392","622.1","2020-05-02","63","76","52"
"USR0000CALP","ALPINE CALIFORNIA, CA US","32.8336","-116.7392","622.1","2020-05-03","62","75","52"
"USR0000CALP","ALPINE CALIFORNIA, CA US","32.8336","-116.7392","622.1","2020-05-04","67","79","53"
"USR0000CALP","ALPINE CALIFORNIA, CA US","32.8336","-116.7392","622.1","2020-05-05","74","86","62"
"USR0000CALP","ALPINE CALIFORNIA, CA US","32.8336","-116.7392","622.1","2020-05-06","75","90","62"
"USR0000CALP","ALPINE CALIFORNIA, CA US","32.8336","-116.7392","622.1","2020-05-07","74","89","61"
"USR0000CALP","ALPINE CALIFORNIA, CA US","32.8336","-116.7392","622.1","2020-05-08","72","85","59"
"USR0000CALP","ALPINE CALIFORNIA, CA US","32.8336","-116.7392","622.1","2020-05-09","70","81","62"
"USR0000CALP","ALPINE CALIFORNIA, CA US","32.8336","-116.7392","622.1","2020-05-10","65","78","56"
"USR0000CALP","ALPINE CALIFORNIA, CA US","32.8336","-116.7392","622.1","2020-05-11","60","74","48"
"USR0000CALP","ALPINE CALIFORNIA, CA US","32.8336","-116.7392","622.1","2020-05-12","56","67","45"
"USR0000CALP","ALPINE CALIFORNIA, CA US","32.8336","-116.7392","622.1","2020-05-13","55","65","49"
"USR0000CALP","ALPINE CALIFORNIA, CA US","32.8336","-116.7392","622.1","2020-05-14","57","69","47"
"USR0000CALP","ALPINE CALIFORNIA, CA US","32.8336","-116.7392","622.1","2020-05-15","61","72","49"
"USR0000CALP","ALPINE CALIFORNIA, CA US","32.8336","-116.7392","622.1","2020-05-16","67","78","56"
"USR0000CALP","ALPINE CALIFORNIA, CA US","32.8336","-116.7392","622.1","2020-05-17","64","75","52"
"USR0000CALP","ALPINE CALIFORNIA, CA US","32.8336","-116.7392","622.1","2020-05-18","57","69","47"
"USR0000CALP","ALPINE CALIFORNIA, CA US","32.8336","-116.7392","622.1","2020-05-19","52","61","44"
"USR0000CALP","ALPINE CALIFORNIA, CA US","32.8336","-116.7392","622.1","2020-05-20","56","71","43"
"USR0000CALP","ALPINE CALIFORNIA, CA US","32.8336","-116.7392","622.1","2020-05-21","64","79","49"
"USR0000CALP","ALPINE CALIFORNIA, CA US","32.8336","-116.7392","622.1","2020-05-22","60","73","49"
"USR0000CALP","ALPINE CALIFORNIA, CA US","32.8336","-116.7392","622.1","2020-05-23","57","69","46"
"USR0000CALP","ALPINE CALIFORNIA, CA US","32.8336","-116.7392","622.1","2020-05-24","65","77","50"
"USR0000CALP","ALPINE CALIFORNIA, CA US","32.8336","-116.7392","622.1","2020-05-25","75","88","61"
"USR0000CALP","ALPINE CALIFORNIA, CA US","32.8336","-116.7392","622.1","2020-05-26","75","86","66"
"USR0000CALP","ALPINE CALIFORNIA, CA US","32.8336","-116.7392","622.1","2020-05-27","75","89","64"
"USR0000CALP","ALPINE CALIFORNIA, CA US","32.8336","-116.7392","622.1","2020-05-28","71","83","58"
"USR0000CALP","ALPINE CALIFORNIA, CA US","32.8336","-116.7392","622.1","2020-05-29","66","78","54"
"USR0000CALP","ALPINE CALIFORNIA, CA US","32.8336","-116.7392","622.1","2020-05-30","61","74","49"
"USR0000CALP","ALPINE CALIFORNIA, CA US","32.8336","-116.7392","622.1","2020-05-31","65","80","51"
"USR0000CALP","ALPINE CALIFORNIA, CA US","32.8336","-116.7392","622.1","2020-06-01","70","83","61"
"USR0000CALP","ALPINE CALIFORNIA, CA US","32.8336","-116.7392","622.1","2020-06-02","74","83","65"
"USR0000CALP","ALPINE CALIFORNIA, CA US","32.8336","-116.7392","622.1","2020-06-03","78","91","67"
"USR0000CALP","ALPINE CALIFORNIA, CA US","32.8336","-116.7392","622.1","2020-06-04","70","81","56"
"USR0000CALP","ALPINE CALIFORNIA, CA US","32.8336","-116.7392","622.1","2020-06-05","57","65","53"
"USR0000CALP","ALPINE CALIFORNIA, CA US","32.8336","-116.7392","622.1","2020-06-06","54","57","50"
"USR0000CALP","ALPINE CALIFORNIA, CA US","32.8336","-116.7392","622.1","2020-06-07","58","70","46"
"USR0000CALP","ALPINE CALIFORNIA, CA US","32.8336","-116.7392","622.1","2020-06-08","68","79","52"
"USR0000CALP","ALPINE CALIFORNIA, CA US","32.8336","-116.7392","622.1","2020-06-09","75","86","64"
"USR0000CALP","ALPINE CALIFORNIA, CA US","32.8336","-116.7392","622.1","2020-06-10","76","92","62"
"USR0000CALP","ALPINE CALIFORNIA, CA US","32.8336","-116.7392","622.1","2020-06-11","75","88","62"
"USR0000CALP","ALPINE CALIFORNIA, CA US","32.8336","-116.7392","622.1","2020-06-12","69","82","55"
"USR0000CALP","ALPINE CALIFORNIA, CA US","32.8336","-116.7392","622.1","2020-06-13","63","75","51"
"USR0000CALP","ALPINE CALIFORNIA, CA US","32.8336","-116.7392","622.1","2020-06-14","64","76","50"
"USR0000CALP","ALPINE CALIFORNIA, CA US","32.8336","-116.7392","622.1","2020-06-15","65","80","56"
"USR0000CALP","ALPINE CALIFORNIA, CA US","32.8336","-116.7392","622.1","2020-06-16","64","76","52"
"USR0000CALP","ALPINE CALIFORNIA, CA US","32.8336","-116.7392","622.1","2020-06-17","61","75","49"
"USR0000CALP","ALPINE CALIFORNIA, CA US","32.8336","-116.7392","622.1","2020-06-18","61","73","47"
"USR0000CALP","ALPINE CALIFORNIA, CA US","32.8336","-116.7392","622.1","2020-06-19","61","77","47"
"USR0000CALP","ALPINE CALIFORNIA, CA US","32.8336","-116.7392","622.1","2020-06-20","62","78","51"
"USR0000CALP","ALPINE CALIFORNIA, CA US","32.8336","-116.7392","622.1","2020-06-21","69","82","53"
"USR0000CALP","ALPINE CALIFORNIA, CA US","32.8336","-116.7392","622.1","2020-06-22","74","85","61"
"USR0000CALP","ALPINE CALIFORNIA, CA US","32.8336","-116.7392","622.1","2020-06-23","74","87","64"
"USR0000CALP","ALPINE CALIFORNIA, CA US","32.8336","-116.7392","622.1","2020-06-24","73","86","60"
"USR0000CALP","ALPINE CALIFORNIA, CA US","32.8336","-116.7392","622.1","2020-06-25","73","84","62"
"USR0000CALP","ALPINE CALIFORNIA, CA US","32.8336","-116.7392","622.1","2020-06-26","74","87","64"
"USR0000CALP","ALPINE CALIFORNIA, CA US","32.8336","-116.7392","622.1","2020-06-27","72","84","62"
"USR0000CALP","ALPINE CALIFORNIA, CA US","32.8336","-116.7392","622.1","2020-06-28","63","76","52"
"USR0000CALP","ALPINE CALIFORNIA, CA US","32.8336","-116.7392","622.1","2020-06-29","59","68","50"
"USR0000CALP","ALPINE CALIFORNIA, CA US","32.8336","-116.7392","622.1","2020-06-30","61","77","47"
"USR0000CALP","ALPINE CALIFORNIA, CA US","32.8336","-116.7392","622.1","2020-07-01","64","78","51"
"USR0000CALP","ALPINE CALIFORNIA, CA US","32.8336","-116.7392","622.1","2020-07-02","69","82","55"
"USR0000CALP","ALPINE CALIFORNIA, CA US","32.8336","-116.7392","622.1","2020-07-03","76","87","62"
"USR0000CALP","ALPINE CALIFORNIA, CA US","32.8336","-116.7392","622.1","2020-07-04","76","88","65"
"USR0000CALP","ALPINE CALIFORNIA, CA US","32.8336","-116.7392","622.1","2020-07-05","78","93","65"
"USR0000CALP","ALPINE CALIFORNIA, CA US","32.8336","-116.7392","622.1","2020-07-06","78","94","63"
"USR0000CALP","ALPINE CALIFORNIA, CA US","32.8336","-116.7392","622.1","2020-07-07","78","91","67"
"USR0000CALP","ALPINE CALIFORNIA, CA US","32.8336","-116.7392","622.1","2020-07-08","74","87","62"
"USR0000CALP","ALPINE CALIFORNIA, CA US","32.8336","-116.7392","622.1","2020-07-09","75","89","61"
"USR0000CALP","ALPINE CALIFORNIA, CA US","32.8336","-116.7392","622.1","2020-07-10","81","95","67"
"USR0000CALP","ALPINE CALIFORNIA, CA US","32.8336","-116.7392","622.1","2020-07-11","83","97","72"
"USR0000CALP","ALPINE CALIFORNIA, CA US","32.8336","-116.7392","622.1","2020-07-12","83","98","72"
"USR0000CALP","ALPINE CALIFORNIA, CA US","32.8336","-116.7392","622.1","2020-07-13","80","92","68"
"USR0000CALP","ALPINE CALIFORNIA, CA US","32.8336","-116.7392","622.1","2020-07-14","74","85","62"
"USR0000CALP","ALPINE CALIFORNIA, CA US","32.8336","-116.7392","622.1","2020-07-15","71","84","61"
"USR0000CALP","ALPINE CALIFORNIA, CA US","32.8336","-116.7392","622.1","2020-07-16","72","84","63"
"USR0000CALP","ALPINE CALIFORNIA, CA US","32.8336","-116.7392","622.1","2020-07-17","75","87","64"
"USR0000CALP","ALPINE CALIFORNIA, CA US","32.8336","-116.7392","622.1","2020-07-18","77","90","67"
"USR0000CALP","ALPINE CALIFORNIA, CA US","32.8336","-116.7392","622.1","2020-07-19","79","93","67"
"USR0000CALP","ALPINE CALIFORNIA, CA US","32.8336","-116.7392","622.1","2020-07-20","75","87","64"
"USR0000CALP","ALPINE CALIFORNIA, CA US","32.8336","-116.7392","622.1","2020-07-21","75","88","64"
"USR0000CALP","ALPINE CALIFORNIA, CA US","32.8336","-116.7392","622.1","2020-07-22","70","82","56"
"USR0000CALP","ALPINE CALIFORNIA, CA US","32.8336","-116.7392","622.1","2020-07-23","66","81","56"
"USR0000CALP","ALPINE CALIFORNIA, CA US","32.8336","-116.7392","622.1","2020-07-24","68","81","57"
"USR0000CALP","ALPINE CALIFORNIA, CA US","32.8336","-116.7392","622.1","2020-07-25","73","87","60"
"USR0000CALP","ALPINE CALIFORNIA, CA US","32.8336","-116.7392","622.1","2020-07-26","78","93","68"
"USR0000CALP","ALPINE CALIFORNIA, CA US","32.8336","-116.7392","622.1","2020-07-27","75","86","65"
"USR0000CALP","ALPINE CALIFORNIA, CA US","32.8336","-116.7392","622.1","2020-07-28","75","87","64"
"USR0000CALP","ALPINE CALIFORNIA, CA US","32.8336","-116.7392","622.1","2020-07-29","79","92","65"
"USR0000CALP","ALPINE CALIFORNIA, CA US","32.8336","-116.7392","622.1","2020-07-30","87","99","74"
"USR0000CALP","ALPINE CALIFORNIA, CA US","32.8336","-116.7392","622.1","2020-07-31","89","101","77"
"USR0000CALP","ALPINE CALIFORNIA, CA US","32.8336","-116.7392","622.1","2020-08-01","85","97","75"
"USR0000CALP","ALPINE CALIFORNIA, CA US","32.8336","-116.7392","622.1","2020-08-02","81","92","71"
"USR0000CALP","ALPINE CALIFORNIA, CA US","32.8336","-116.7392","622.1","2020-08-03","82","95","70"
"USR0000CALP","ALPINE CALIFORNIA, CA US","32.8336","-116.7392","622.1","2020-08-04","79","90","67"
"USR0000CALP","ALPINE CALIFORNIA, CA US","32.8336","-116.7392","622.1","2020-08-05","73","85","61"
"USR0000CALP","ALPINE CALIFORNIA, CA US","32.8336","-116.7392","622.1","2020-08-06","69","82","60"
"USR0000CALP","ALPINE CALIFORNIA, CA US","32.8336","-116.7392","622.1","2020-08-07","72","86","58"
"USR0000CALP","ALPINE CALIFORNIA, CA US","32.8336","-116.7392","622.1","2020-08-08","75","89","62"
"USR0000CALP","ALPINE CALIFORNIA, CA US","32.8336","-116.7392","622.1","2020-08-09","76","91","63"
"USR0000CALP","ALPINE CALIFORNIA, CA US","32.8336","-116.7392","622.1","2020-08-10","78","93","62"
"USR0000CALP","ALPINE CALIFORNIA, CA US","32.8336","-116.7392","622.1","2020-08-11","81","94","69"
"USR0000CALP","ALPINE CALIFORNIA, CA US","32.8336","-116.7392","622.1","2020-08-12","82","95","72"
"USR0000CALP","ALPINE CALIFORNIA, CA US","32.8336","-116.7392","622.1","2020-08-13","85","96","75"
"USR0000CALP","ALPINE CALIFORNIA, CA US","32.8336","-116.7392","622.1","2020-08-14","87","101","77"
"USR0000CALP","ALPINE CALIFORNIA, CA US","32.8336","-116.7392","622.1","2020-08-15","90","102","77"
"USR0000CALP","ALPINE CALIFORNIA, CA US","32.8336","-116.7392","622.1","2020-08-16","84","96","76"
"USR0000CALP","ALPINE CALIFORNIA, CA US","32.8336","-116.7392","622.1","2020-08-17","86","101","76"
"USR0000CALP","ALPINE CALIFORNIA, CA US","32.8336","-116.7392","622.1","2020-08-18","90","107","80"
"USR0000CALP","ALPINE CALIFORNIA, CA US","32.8336","-116.7392","622.1","2020-08-19","87","101","75"
"USR0000CALP","ALPINE CALIFORNIA, CA US","32.8336","-116.7392","622.1","2020-08-20","86","100","75"
"USR0000CALP","ALPINE CALIFORNIA, CA US","32.8336","-116.7392","622.1","2020-08-21","85","95","77"
"USR0000CALP","ALPINE CALIFORNIA, CA US","32.8336","-116.7392","622.1","2020-08-22","79","92","67"
"USR0000CALP","ALPINE CALIFORNIA, CA US","32.8336","-116.7392","622.1","2020-08-23","79","91","69"
"USR0000CALP","ALPINE CALIFORNIA, CA US","32.8336","-116.7392","622.1","2020-08-24","80","94","71"
"USR0000CALP","ALPINE CALIFORNIA, CA US","32.8336","-116.7392","622.1","2020-08-25","82","96","71"
"USR0000CALP","ALPINE CALIFORNIA, CA US","32.8336","-116.7392","622.1","2020-08-26","84","98","74"
"USR0000CALP","ALPINE CALIFORNIA, CA US","32.8336","-116.7392","622.1","2020-08-27","84","98","73"
"USR0000CALP","ALPINE CALIFORNIA, CA US","32.8336","-116.7392","622.1","2020-08-28","81","96","70"
"USR0000CALP","ALPINE CALIFORNIA, CA US","32.8336","-116.7392","622.1","2020-08-29","78","95","67"
"USR0000CALP","ALPINE CALIFORNIA, CA US","32.8336","-116.7392","622.1","2020-08-30","75","88","62"
"USR0000CALP","ALPINE CALIFORNIA, CA US","32.8336","-116.7392","622.1","2020-08-31","74","86","61"
"USR0000CALP","ALPINE CALIFORNIA, CA US","32.8336","-116.7392","622.1","2020-09-01","73","85","63"
"USR0000CALP","ALPINE CALIFORNIA, CA US","32.8336","-116.7392","622.1","2020-09-02","74","89","65"
"USR0000CALP","ALPINE CALIFORNIA, CA US","32.8336","-116.7392","622.1","2020-09-03","80","94","67"
"USR0000CALP","ALPINE CALIFORNIA, CA US","32.8336","-116.7392","622.1","2020-09-04","87","100","74"
"USR0000CALP","ALPINE CALIFORNIA, CA US","32.8336","-116.7392","622.1","2020-09-05","94","108","82"
"USR0000CALP","ALPINE CALIFORNIA, CA US","32.8336","-116.7392","622.1","2020-09-06","93","108","82"
"USR0000CALP","ALPINE CALIFORNIA, CA US","32.8336","-116.7392","622.1","2020-09-07","84","98","72"
"USR0000CALP","ALPINE CALIFORNIA, CA US","32.8336","-116.7392","622.1","2020-09-08","71","77","64"
"USR0000CALP","ALPINE CALIFORNIA, CA US","32.8336","-116.7392","622.1","2020-09-09","76","86","67"
"USR0000CALP","ALPINE CALIFORNIA, CA US","32.8336","-116.7392","622.1","2020-09-10","74","87","62"
"USR0000CALP","ALPINE CALIFORNIA, CA US","32.8336","-116.7392","622.1","2020-09-11","74","87","65"
"USR0000CALP","ALPINE CALIFORNIA, CA US","32.8336","-116.7392","622.1","2020-09-12","76","90","65"
"USR0000CALP","ALPINE CALIFORNIA, CA US","32.8336","-116.7392","622.1","2020-09-13","76","91","66"
"USR0000CALP","ALPINE CALIFORNIA, CA US","32.8336","-116.7392","622.1","2020-09-14","78","94","66"
"USR0000CALP","ALPINE CALIFORNIA, CA US","32.8336","-116.7392","622.1","2020-09-15","80","95","67"
"USR0000CALP","ALPINE CALIFORNIA, CA US","32.8336","-116.7392","622.1","2020-09-16","81","96","70"
"USR0000CALP","ALPINE CALIFORNIA, CA US","32.8336","-116.7392","622.1","2020-09-17","83","99","69"
"USR0000CALP","ALPINE CALIFORNIA, CA US","32.8336","-116.7392","622.1","2020-09-18","85","99","73"
"USR0000CALP","ALPINE CALIFORNIA, CA US","32.8336","-116.7392","622.1","2020-09-19","79","93","69"
"USR0000CALP","ALPINE CALIFORNIA, CA US","32.8336","-116.7392","622.1","2020-09-20","77","91","66"
"USR0000CALP","ALPINE CALIFORNIA, CA US","32.8336","-116.7392","622.1","2020-09-21","77","92","65"
"USR0000CALP","ALPINE CALIFORNIA, CA US","32.8336","-116.7392","622.1","2020-09-22","74","88","64"
"USR0000CALP","ALPINE CALIFORNIA, CA US","32.8336","-116.7392","622.1","2020-09-23","75","89","61"
"USR0000CALP","ALPINE CALIFORNIA, CA US","32.8336","-116.7392","622.1","2020-09-24","76","90","65"
"USR0000CALP","ALPINE CALIFORNIA, CA US","32.8336","-116.7392","622.1","2020-09-25","73","87","61"
"USR0000CALP","ALPINE CALIFORNIA, CA US","32.8336","-116.7392","622.1","2020-09-26","73","88","62"
"USR0000CALP","ALPINE CALIFORNIA, CA US","32.8336","-116.7392","622.1","2020-09-27","76","90","65"
"USR0000CALP","ALPINE CALIFORNIA, CA US","32.8336","-116.7392","622.1","2020-09-28","83","97","70"
"USR0000CALP","ALPINE CALIFORNIA, CA US","32.8336","-116.7392","622.1","2020-09-29","85","99","74"
"USR0000CALP","ALPINE CALIFORNIA, CA US","32.8336","-116.7392","622.1","2020-09-30","85","100","73"
"USR0000CALP","ALPINE CALIFORNIA, CA US","32.8336","-116.7392","622.1","2020-10-01","83","98","72"
"USR0000CALP","ALPINE CALIFORNIA, CA US","32.8336","-116.7392","622.1","2020-10-02","83","98","72"
"USR0000CALP","ALPINE CALIFORNIA, CA US","32.8336","-116.7392","622.1","2020-10-03","80","96","68"
"USR0000CALP","ALPINE CALIFORNIA, CA US","32.8336","-116.7392","622.1","2020-10-04","78","94","66"
"USR0000CALP","ALPINE CALIFORNIA, CA US","32.8336","-116.7392","622.1","2020-10-05","78","93","66"
"USR0000CALP","ALPINE CALIFORNIA, CA US","32.8336","-116.7392","622.1","2020-10-06","76","91","66"
"USR0000CALP","ALPINE CALIFORNIA, CA US","32.8336","-116.7392","622.1","2020-10-07","74","88","63"
"USR0000CALP","ALPINE CALIFORNIA, CA US","32.8336","-116.7392","622.1","2020-10-08","63","76","50"
"USR0000CALP","ALPINE CALIFORNIA, CA US","32.8336","-116.7392","622.1","2020-10-09","62","77","51"
"USR0000CALP","ALPINE CALIFORNIA, CA US","32.8336","-116.7392","622.1","2020-10-10","61","76","52"
"USR0000CALP","ALPINE CALIFORNIA, CA US","32.8336","-116.7392","622.1","2020-10-11","67","81","52"
"USR0000CALP","ALPINE CALIFORNIA, CA US","32.8336","-116.7392","622.1","2020-10-12","78","94","68"
"USR0000CALP","ALPINE CALIFORNIA, CA US","32.8336","-116.7392","622.1","2020-10-13","80","95","68"
"USR0000CALP","ALPINE CALIFORNIA, CA US","32.8336","-116.7392","622.1","2020-10-14","80","96","68"
"USR0000CALP","ALPINE CALIFORNIA, CA US","32.8336","-116.7392","622.1","2020-10-15","80","95","68"
"USR0000CALP","ALPINE CALIFORNIA, CA US","32.8336","-116.7392","622.1","2020-10-16","82","95","71"
"USR0000CALP","ALPINE CALIFORNIA, CA US","32.8336","-116.7392","622.1","2020-10-17","77","92","67"
"USR0000CALP","ALPINE CALIFORNIA, CA US","32.8336","-116.7392","622.1","2020-10-18","75","88","64"
"USR0000CALP","ALPINE CALIFORNIA, CA US","32.8336","-116.7392","622.1","2020-10-19","72","87","61"
"USR0000CALP","ALPINE CALIFORNIA, CA US","32.8336","-116.7392","622.1","2020-10-20","72","86","62"
"USR0000CALP","ALPINE CALIFORNIA, CA US","32.8336","-116.7392","622.1","2020-10-21","68","82","51"
"USR0000CALP","ALPINE CALIFORNIA, CA US","32.8336","-116.7392","622.1","2020-10-22","59","73","49"
"USR0000CALP","ALPINE CALIFORNIA, CA US","32.8336","-116.7392","622.1","2020-10-23","58","72","47"
"USR0000CALP","ALPINE CALIFORNIA, CA US","32.8336","-116.7392","622.1","2020-10-24","58","70","50"
"USR0000CALP","ALPINE CALIFORNIA, CA US","32.8336","-116.7392","622.1","2020-10-25","52","56","50"
"USR0000CALP","ALPINE CALIFORNIA, CA US","32.8336","-116.7392","622.1","2020-10-26","53","62","46"
"USR0000CALP","ALPINE CALIFORNIA, CA US","32.8336","-116.7392","622.1","2020-10-27","58","71","46"
"USR0000CALP","ALPINE CALIFORNIA, CA US","32.8336","-116.7392","622.1","2020-10-28","60","74","48"
"USR0000CALP","ALPINE CALIFORNIA, CA US","32.8336","-116.7392","622.1","2020-10-29","70","80","58"
"USR0000CALP","ALPINE CALIFORNIA, CA US","32.8336","-116.7392","622.1","2020-10-30","70","82","59"
"USR0000CALP","ALPINE CALIFORNIA, CA US","32.8336","-116.7392","622.1","2020-10-31","70","84","58"
"USR0000CALP","ALPINE CALIFORNIA, CA US","32.8336","-116.7392","622.1","2020-11-01","74","88","66"
"USR0000CALP","ALPINE CALIFORNIA, CA US","32.8336","-116.7392","622.1","2020-11-02","70","83","60"
"USR0000CALP","ALPINE CALIFORNIA, CA US","32.8336","-116.7392","622.1","2020-11-03","67","80","59"
"USR0000CALP","ALPINE CALIFORNIA, CA US","32.8336","-116.7392","622.1","2020-11-04","76","87","60"
"USR0000CALP","ALPINE CALIFORNIA, CA US","32.8336","-116.7392","622.1","2020-11-05","78","90","67"
"USR0000CALP","ALPINE CALIFORNIA, CA US","32.8336","-116.7392","622.1","2020-11-06","64","78","47"
"USR0000CALP","ALPINE CALIFORNIA, CA US","32.8336","-116.7392","622.1","2020-11-07","44","47","42"
"USR0000CALP","ALPINE CALIFORNIA, CA US","32.8336","-116.7392","622.1","2020-11-08","43","47","41"
"USR0000CALP","ALPINE CALIFORNIA, CA US","32.8336","-116.7392","622.1","2020-11-09","44","54","38"
"USR0000CALP","ALPINE CALIFORNIA, CA US","32.8336","-116.7392","622.1","2020-11-10","49","63","38"
"USR0000CALP","ALPINE CALIFORNIA, CA US","32.8336","-116.7392","622.1","2020-11-11","52","66","41"
"USR0000CALP","ALPINE CALIFORNIA, CA US","32.8336","-116.7392","622.1","2020-11-12","55","69","45"
"USR0000CALP","ALPINE CALIFORNIA, CA US","32.8336","-116.7392","622.1","2020-11-13","52","66","44"
"USR0000CALP","ALPINE CALIFORNIA, CA US","32.8336","-116.7392","622.1","2020-11-14","60","73","44"
"USR0000CALP","ALPINE CALIFORNIA, CA US","32.8336","-116.7392","622.1","2020-11-15","70","83","57"
"USR0000CALP","ALPINE CALIFORNIA, CA US","32.8336","-116.7392","622.1","2020-11-16","72","86","60"
"USR0000CALP","ALPINE CALIFORNIA, CA US","32.8336","-116.7392","622.1","2020-11-17","66","80","57"
"USR0000CALP","ALPINE CALIFORNIA, CA US","32.8336","-116.7392","622.1","2020-11-18","60","70","51"
"USR0000CALP","ALPINE CALIFORNIA, CA US","32.8336","-116.7392","622.1","2020-11-19","60","73","50"
"USR0000CALP","ALPINE CALIFORNIA, CA US","32.8336","-116.7392","622.1","2020-11-20","65","80","55"
"USR0000CALP","ALPINE CALIFORNIA, CA US","32.8336","-116.7392","622.1","2020-11-21","64","76","55"
"USR0000CALP","ALPINE CALIFORNIA, CA US","32.8336","-116.7392","622.1","2020-11-22","61","72","53"
"USR0000CALP","ALPINE CALIFORNIA, CA US","32.8336","-116.7392","622.1","2020-11-23","53","65","43"
"USR0000CALP","ALPINE CALIFORNIA, CA US","32.8336","-116.7392","622.1","2020-11-24","53","65","41"
"USR0000CALP","ALPINE CALIFORNIA, CA US","32.8336","-116.7392","622.1","2020-11-25","53","66","45"
"USR0000CALP","ALPINE CALIFORNIA, CA US","32.8336","-116.7392","622.1","2020-11-26","53","63","41"
"USR0000CALP","ALPINE CALIFORNIA, CA US","32.8336","-116.7392","622.1","2020-11-27","54","60","49"
"USR0000CALP","ALPINE CALIFORNIA, CA US","32.8336","-116.7392","622.1","2020-11-28","58","69","49"
"USR0000CALP","ALPINE CALIFORNIA, CA US","32.8336","-116.7392","622.1","2020-11-29","60","70","50"
"USR0000CALP","ALPINE CALIFORNIA, CA US","32.8336","-116.7392","622.1","2020-11-30","62","78","53"
"USR0000CALP","ALPINE CALIFORNIA, CA US","32.8336","-116.7392","622.1","2020-12-01","62","78","52"
"USR0000CALP","ALPINE CALIFORNIA, CA US","32.8336","-116.7392","622.1","2020-12-02","61","73","53"
"USR0000CALP","ALPINE CALIFORNIA, CA US","32.8336","-116.7392","622.1","2020-12-03","53","60","49"
"USR0000CALP","ALPINE CALIFORNIA, CA US","32.8336","-116.7392","622.1","2020-12-04","59","70","50"
"USR0000CALP","ALPINE CALIFORNIA, CA US","32.8336","-116.7392","622.1","2020-12-05","58","71","50"
"USR0000CALP","ALPINE CALIFORNIA, CA US","32.8336","-116.7392","622.1","2020-12-06","59","73","49"
"USR0000CALP","ALPINE CALIFORNIA, CA US","32.8336","-116.7392","622.1","2020-12-07","61","65","50"
"USR0000CALP","ALPINE CALIFORNIA, CA US","32.8336","-116.7392","622.1","2020-12-08","63","68","56"
"USR0000CALP","ALPINE CALIFORNIA, CA US","32.8336","-116.7392","622.1","2020-12-09","55","71","44"
"USR0000CALP","ALPINE CALIFORNIA, CA US","32.8336","-116.7392","622.1","2020-12-10","49","62","40"
"USR0000CALP","ALPINE CALIFORNIA, CA US","32.8336","-116.7392","622.1","2020-12-11","45","58","36"
"USR0000CALP","ALPINE CALIFORNIA, CA US","32.8336","-116.7392","622.1","2020-12-12","47","57","40"
"USR0000CALP","ALPINE CALIFORNIA, CA US","32.8336","-116.7392","622.1","2020-12-13","54","66","46"
"USR0000CALP","ALPINE CALIFORNIA, CA US","32.8336","-116.7392","622.1","2020-12-14","48","56","40"
"USR0000CALP","ALPINE CALIFORNIA, CA US","32.8336","-116.7392","622.1","2020-12-15","51","61","41"
"USR0000CALP","ALPINE CALIFORNIA, CA US","32.8336","-116.7392","622.1","2020-12-16","58","68","49"
"USR0000CALP","ALPINE CALIFORNIA, CA US","32.8336","-116.7392","622.1","2020-12-17","50","59","41"
"USR0000CALP","ALPINE CALIFORNIA, CA US","32.8336","-116.7392","622.1","2020-12-18","51","63","38"
"USR0000CALP","ALPINE CALIFORNIA, CA US","32.8336","-116.7392","622.1","2020-12-19","60","69","52"
"USR0000CALP","ALPINE CALIFORNIA, CA US","32.8336","-116.7392","622.1","2020-12-20","67","75","58"
"USR0000CALP","ALPINE CALIFORNIA, CA US","32.8336","-116.7392","622.1","2020-12-21","67","79","54"
"USR0000CALP","ALPINE CALIFORNIA, CA US","32.8336","-116.7392","622.1","2020-12-22","57","71","48"
"USR0000CALP","ALPINE CALIFORNIA, CA US","32.8336","-116.7392","622.1","2020-12-23","55","63","46"
"USR0000CALP","ALPINE CALIFORNIA, CA US","32.8336","-116.7392","622.1","2020-12-24","56","59","53"
"USR0000CALP","ALPINE CALIFORNIA, CA US","32.8336","-116.7392","622.1","2020-12-25","58","69","49"
"USR0000CALP","ALPINE CALIFORNIA, CA US","32.8336","-116.7392","622.1","2020-12-26","56","68","46"
"USR0000CALP","ALPINE CALIFORNIA, CA US","32.8336","-116.7392","622.1","2020-12-27","51","63","43"
"USR0000CALP","ALPINE CALIFORNIA, CA US","32.8336","-116.7392","622.1","2020-12-28","42","46","40"
"USR0000CALP","ALPINE CALIFORNIA, CA US","32.8336","-116.7392","622.1","2020-12-29","46","54","41"
"USR0000CALP","ALPINE CALIFORNIA, CA US","32.8336","-116.7392","622.1","2020-12-30","49","62","39"
"USR0000CALP","ALPINE CALIFORNIA, CA US","32.8336","-116.7392","622.1","2020-12-31","48","55","43"
"USR0000CALP","ALPINE CALIFORNIA, CA US","32.8336","-116.7392","622.1","2021-01-01","51","62","43"
"USR0000CALP","ALPINE CALIFORNIA, CA US","32.8336","-116.7392","622.1","2021-01-02","49","59","42"
"USR0000CALP","ALPINE CALIFORNIA, CA US","32.8336","-116.7392","622.1","2021-01-03","49","61","41"
"USR0000CALP","ALPINE CALIFORNIA, CA US","32.8336","-116.7392","622.1","2021-01-04","53","66","46"
"USR0000CALP","ALPINE CALIFORNIA, CA US","32.8336","-116.7392","622.1","2021-01-05","57","71","46"
"USR0000CALP","ALPINE CALIFORNIA, CA US","32.8336","-116.7392","622.1","2021-01-06","59","70","52"
"USR0000CALP","ALPINE CALIFORNIA, CA US","32.8336","-116.7392","622.1","2021-01-07","58","74","49"
"USR0000CALP","ALPINE CALIFORNIA, CA US","32.8336","-116.7392","622.1","2021-01-08","56","70","48"
"USR0000CALP","ALPINE CALIFORNIA, CA US","32.8336","-116.7392","622.1","2021-01-09","57","70","46"
"USR0000CALP","ALPINE CALIFORNIA, CA US","32.8336","-116.7392","622.1","2021-01-10","56","68","45"
"USR0000CALP","ALPINE CALIFORNIA, CA US","32.8336","-116.7392","622.1","2021-01-11","56","63","46"
"USR0000CALP","ALPINE CALIFORNIA, CA US","32.8336","-116.7392","622.1","2021-01-12","57","68","50"
"USR0000CALP","ALPINE CALIFORNIA, CA US","32.8336","-116.7392","622.1","2021-01-13","63","75","52"
"USR0000CALP","ALPINE CALIFORNIA, CA US","32.8336","-116.7392","622.1","2021-01-14","71","80","60"
"USR0000CALP","ALPINE CALIFORNIA, CA US","32.8336","-116.7392","622.1","2021-01-15","71","82","64"
"USR0000CALP","ALPINE CALIFORNIA, CA US","32.8336","-116.7392","622.1","2021-01-16","71","83","60"
"USR0000CALP","ALPINE CALIFORNIA, CA US","32.8336","-116.7392","622.1","2021-01-17","69","81","56"
"USR0000CALP","ALPINE CALIFORNIA, CA US","32.8336","-116.7392","622.1","2021-01-18","61","75","51"
"USR0000CALP","ALPINE CALIFORNIA, CA US","32.8336","-116.7392","622.1","2021-01-19","52","56","47"
"USR0000CALP","ALPINE CALIFORNIA, CA US","32.8336","-116.7392","622.1","2021-01-20","52","55","50"
"USR0000CALP","ALPINE CALIFORNIA, CA US","32.8336","-116.7392","622.1","2021-01-21","53","61","46"
"USR0000CALP","ALPINE CALIFORNIA, CA US","32.8336","-116.7392","622.1","2021-01-22","47","55","42"
"USR0000CALP","ALPINE CALIFORNIA, CA US","32.8336","-116.7392","622.1","2021-01-23","41","47","37"
"USR0000CALP","ALPINE CALIFORNIA, CA US","32.8336","-116.7392","622.1","2021-01-24","40","46","37"
"USR0000CALP","ALPINE CALIFORNIA, CA US","32.8336","-116.7392","622.1","2021-01-25","37","40","34"
"USR0000CALP","ALPINE CALIFORNIA, CA US","32.8336","-116.7392","622.1","2021-01-26","38","45","32"
"USR0000CALP","ALPINE CALIFORNIA, CA US","32.8336","-116.7392","622.1","2021-01-27","45","58","33"
"USR0000CALP","ALPINE CALIFORNIA, CA US","32.8336","-116.7392","622.1","2021-01-28","51","62","41"
"USR0000CALP","ALPINE CALIFORNIA, CA US","32.8336","-116.7392","622.1","2021-01-29","42","48","37"
"USR0000CALP","ALPINE CALIFORNIA, CA US","32.8336","-116.7392","622.1","2021-01-30","47","57","34"
"USR0000CALP","ALPINE CALIFORNIA, CA US","32.8336","-116.7392","622.1","2021-01-31","56","65","47"
"USR0000CALP","ALPINE CALIFORNIA, CA US","32.8336","-116.7392","622.1","2021-02-01","60","66","56"
"USR0000CALP","ALPINE CALIFORNIA, CA US","32.8336","-116.7392","622.1","2021-02-02","60","71","53"
"USR0000CALP","ALPINE CALIFORNIA, CA US","32.8336","-116.7392","622.1","2021-02-03","56","67","49"
"USR0000CALP","ALPINE CALIFORNIA, CA US","32.8336","-116.7392","622.1","2021-02-04","52","62","42"
"USR0000CALP","ALPINE CALIFORNIA, CA US","32.8336","-116.7392","622.1","2021-02-05","55","66","46"
"USR0000CALP","ALPINE CALIFORNIA, CA US","32.8336","-116.7392","622.1","2021-02-06","61","74","51"
"USR0000CALP","ALPINE CALIFORNIA, CA US","32.8336","-116.7392","622.1","2021-02-07","58","71","46"
"USR0000CALP","ALPINE CALIFORNIA, CA US","32.8336","-116.7392","622.1","2021-02-08","54","68","44"
"USR0000CALP","ALPINE CALIFORNIA, CA US","32.8336","-116.7392","622.1","2021-02-09","48","60","41"
"USR0000CALP","ALPINE CALIFORNIA, CA US","32.8336","-116.7392","622.1","2021-02-10","48","59","41"
"USR0000CALP","ALPINE CALIFORNIA, CA US","32.8336","-116.7392","622.1","2021-02-11","55","69","42"
"USR0000CALP","ALPINE CALIFORNIA, CA US","32.8336","-116.7392","622.1","2021-02-12","47","50","43"
"USR0000CALP","ALPINE CALIFORNIA, CA US","32.8336","-116.7392","622.1","2021-02-13","46","56","41"
"USR0000CALP","ALPINE CALIFORNIA, CA US","32.8336","-116.7392","622.1","2021-02-14","47","55","39"
"USR0000CALP","ALPINE CALIFORNIA, CA US","32.8336","-116.7392","622.1","2021-02-15","47","56","40"
"USR0000CALP","ALPINE CALIFORNIA, CA US","32.8336","-116.7392","622.1","2021-02-16","47","55","40"
"USR0000CALP","ALPINE CALIFORNIA, CA US","32.8336","-116.7392","622.1","2021-02-17","47","59","37"
"USR0000CALP","ALPINE CALIFORNIA, CA US","32.8336","-116.7392","622.1","2021-02-18","49","58","44"
"USR0000CALP","ALPINE CALIFORNIA, CA US","32.8336","-116.7392","622.1","2021-02-19","56","70","43"
"USR0000CALP","ALPINE CALIFORNIA, CA US","32.8336","-116.7392","622.1","2021-02-20","52","61","43"
"USR0000CALP","ALPINE CALIFORNIA, CA US","32.8336","-116.7392","622.1","2021-02-21","57","62","50"
"USR0000CALP","ALPINE CALIFORNIA, CA US","32.8336","-116.7392","622.1","2021-02-22","62","74","53"
"USR0000CALP","ALPINE CALIFORNIA, CA US","32.8336","-116.7392","622.1","2021-02-23","60","75","49"
"USR0000CALP","ALPINE CALIFORNIA, CA US","32.8336","-116.7392","622.1","2021-02-24","58","71","48"
"USR0000CALP","ALPINE CALIFORNIA, CA US","32.8336","-116.7392","622.1","2021-02-25","55","68","45"
"USR0000CALP","ALPINE CALIFORNIA, CA US","32.8336","-116.7392","622.1","2021-02-26","56","71","44"
"USR0000CALP","ALPINE CALIFORNIA, CA US","32.8336","-116.7392","622.1","2021-02-27","52","65","42"
"USR0000CALP","ALPINE CALIFORNIA, CA US","32.8336","-116.7392","622.1","2021-02-28","53","60","47"
"USR0000CALP","ALPINE CALIFORNIA, CA US","32.8336","-116.7392","622.1","2021-03-01","56","66","49"
"USR0000CALP","ALPINE CALIFORNIA, CA US","32.8336","-116.7392","622.1","2021-03-02","58","73","47"
"USR0000CALP","ALPINE CALIFORNIA, CA US","32.8336","-116.7392","622.1","2021-03-03","46","53","43"
"USR0000CALP","ALPINE CALIFORNIA, CA US","32.8336","-116.7392","622.1","2021-03-04","51","62","39"
"USR0000CALP","ALPINE CALIFORNIA, CA US","32.8336","-116.7392","622.1","2021-03-05","60","74","49"
"USR0000CALP","ALPINE CALIFORNIA, CA US","32.8336","-116.7392","622.1","2021-03-06","53","65","39"
"USR0000CALP","ALPINE CALIFORNIA, CA US","32.8336","-116.7392","622.1","2021-03-07","50","63","42"
"USR0000CALP","ALPINE CALIFORNIA, CA US","32.8336","-116.7392","622.1","2021-03-08","49","59","44"
"USR0000CALP","ALPINE CALIFORNIA, CA US","32.8336","-116.7392","622.1","2021-03-09","45","54","40"
"USR0000CALP","ALPINE CALIFORNIA, CA US","32.8336","-116.7392","622.1","2021-03-10","41","45","39"
"USR0000CALP","ALPINE CALIFORNIA, CA US","32.8336","-116.7392","622.1","2021-03-11","40","47","34"
"USR0000CALP","ALPINE CALIFORNIA, CA US","32.8336","-116.7392","622.1","2021-03-12","39","47","33"
"USR0000CALP","ALPINE CALIFORNIA, CA US","32.8336","-116.7392","622.1","2021-03-13","43","49","37"
"USR0000CALP","ALPINE CALIFORNIA, CA US","32.8336","-116.7392","622.1","2021-03-14","46","56","38"
"USR0000CALP","ALPINE CALIFORNIA, CA US","32.8336","-116.7392","622.1","2021-03-15","41","46","35"
"USR0000CALP","ALPINE CALIFORNIA, CA US","32.8336","-116.7392","622.1","2021-03-16","42","53","34"
"USR0000CALP","ALPINE CALIFORNIA, CA US","32.8336","-116.7392","622.1","2021-03-17","49","63","37"
"USR0000CALP","ALPINE CALIFORNIA, CA US","32.8336","-116.7392","622.1","2021-03-18","55","69","44"
"USR0000CALP","ALPINE CALIFORNIA, CA US","32.8336","-116.7392","622.1","2021-03-19","57","70","47"
"USR0000CALP","ALPINE CALIFORNIA, CA US","32.8336","-116.7392","622.1","2021-03-20","51","61","37"
"USR0000CALP","ALPINE CALIFORNIA, CA US","32.8336","-116.7392","622.1","2021-03-21","49","59","39"
"USR0000CALP","ALPINE CALIFORNIA, CA US","32.8336","-116.7392","622.1","2021-03-22","50","63","41"
"USR0000CALP","ALPINE CALIFORNIA, CA US","32.8336","-116.7392","622.1","2021-03-23","45","51","41"
"USR0000CALP","ALPINE CALIFORNIA, CA US","32.8336","-116.7392","622.1","2021-03-24","50","62","39"
"USR0000CALP","ALPINE CALIFORNIA, CA US","32.8336","-116.7392","622.1","2021-03-25","43","51","38"
"USR0000CALP","ALPINE CALIFORNIA, CA US","32.8336","-116.7392","622.1","2021-03-26","46","56","39"
"USR0000CALP","ALPINE CALIFORNIA, CA US","32.8336","-116.7392","622.1","2021-03-27","57","72","42"
"USR0000CALP","ALPINE CALIFORNIA, CA US","32.8336","-116.7392","622.1","2021-03-28","67","82","55"
"USR0000CALP","ALPINE CALIFORNIA, CA US","32.8336","-116.7392","622.1","2021-03-29","64","78","52"
"USR0000CALP","ALPINE CALIFORNIA, CA US","32.8336","-116.7392","622.1","2021-03-30","63","75","46"
"USR0000CALP","ALPINE CALIFORNIA, CA US","32.8336","-116.7392","622.1","2021-03-31","67","74","61"
"USR0000CALP","ALPINE CALIFORNIA, CA US","32.8336","-116.7392","622.1","2021-04-01","70","83","53"
"USR0000CALP","ALPINE CALIFORNIA, CA US","32.8336","-116.7392","622.1","2021-04-02","64","76","54"
"USR0000CALP","ALPINE CALIFORNIA, CA US","32.8336","-116.7392","622.1","2021-04-03","66","79","55"
"USR0000CALP","ALPINE CALIFORNIA, CA US","32.8336","-116.7392","622.1","2021-04-04","67","81","57"
"USR0000CALP","ALPINE CALIFORNIA, CA US","32.8336","-116.7392","622.1","2021-04-05","61","75","45"
"USR0000CALP","ALPINE CALIFORNIA, CA US","32.8336","-116.7392","622.1","2021-04-06","60","72","50"
"USR0000CALP","ALPINE CALIFORNIA, CA US","32.8336","-116.7392","622.1","2021-04-07","66","79","53"
"USR0000CALP","ALPINE CALIFORNIA, CA US","32.8336","-116.7392","622.1","2021-04-08","63","74","53"
"USR0000CALP","ALPINE CALIFORNIA, CA US","32.8336","-116.7392","622.1","2021-04-09","63","75","51"
"USR0000CALP","ALPINE CALIFORNIA, CA US","32.8336","-116.7392","622.1","2021-04-10","62","76","51"
"USR0000CALP","ALPINE CALIFORNIA, CA US","32.8336","-116.7392","622.1","2021-04-11","60","73","46"
"USR0000CALP","ALPINE CALIFORNIA, CA US","32.8336","-116.7392","622.1","2021-04-12","54","69","43"
"USR0000CALP","ALPINE CALIFORNIA, CA US","32.8336","-116.7392","622.1","2021-04-13","49","58","44"
"USR0000CALP","ALPINE CALIFORNIA, CA US","32.8336","-116.7392","622.1","2021-04-14","49","60","41"
"USR0000CALP","ALPINE CALIFORNIA, CA US","32.8336","-116.7392","622.1","2021-04-15","49","63","35"
"USR0000CALP","ALPINE CALIFORNIA, CA US","32.8336","-116.7392","622.1","2021-04-16","56","68","45"
"USR0000CALP","ALPINE CALIFORNIA, CA US","32.8336","-116.7392","622.1","2021-04-17","59","72","43"
"USR0000CALP","ALPINE CALIFORNIA, CA US","32.8336","-116.7392","622.1","2021-04-18","66","75","54"
"USR0000CALP","ALPINE CALIFORNIA, CA US","32.8336","-116.7392","622.1","2021-04-19","67","81","54"
"USR0000CALP","ALPINE CALIFORNIA, CA US","32.8336","-116.7392","622.1","2021-04-20","61","75","44"
"USR0000CALP","ALPINE CALIFORNIA, CA US","32.8336","-116.7392","622.1","2021-04-21","48","56","44"
"USR0000CALP","ALPINE CALIFORNIA, CA US","32.8336","-116.7392","622.1","2021-04-22","47","50","45"
"USR0000CALP","ALPINE CALIFORNIA, CA US","32.8336","-116.7392","622.1","2021-04-23","50","58","44"
"USR0000CALP","ALPINE CALIFORNIA, CA US","32.8336","-116.7392","622.1","2021-04-24","54","67","42"
"USR0000CALP","ALPINE CALIFORNIA, CA US","32.8336","-116.7392","622.1","2021-04-25","54","65","40"
"USR0000CALP","ALPINE CALIFORNIA, CA US","32.8336","-116.7392","622.1","2021-04-26","46","49","43"
"USR0000CALP","ALPINE CALIFORNIA, CA US","32.8336","-116.7392","622.1","2021-04-27","47","55","41"
"USR0000CALP","ALPINE CALIFORNIA, CA US","32.8336","-116.7392","622.1","2021-04-28","59","73","44"
"USR0000CALP","ALPINE CALIFORNIA, CA US","32.8336","-116.7392","622.1","2021-04-29","71","87","54"
"USR0000CALP","ALPINE CALIFORNIA, CA US","32.8336","-116.7392","622.1","2021-04-30","75","90","61"
"USR0000CALP","ALPINE CALIFORNIA, CA US","32.8336","-116.7392","622.1","2021-05-01","66","80","48"
"USR0000CALP","ALPINE CALIFORNIA, CA US","32.8336","-116.7392","622.1","2021-05-02","51","61","44"
"USR0000CALP","ALPINE CALIFORNIA, CA US","32.8336","-116.7392","622.1","2021-05-03","61","78","48"
"USR0000CALP","ALPINE CALIFORNIA, CA US","32.8336","-116.7392","622.1","2021-05-04","69","82","56"
"USR0000CALP","ALPINE CALIFORNIA, CA US","32.8336","-116.7392","622.1","2021-05-05","71","87","61"
"USR0000CALP","ALPINE CALIFORNIA, CA US","32.8336","-116.7392","622.1","2021-05-06","64","77","53"
"USR0000CALP","ALPINE CALIFORNIA, CA US","32.8336","-116.7392","622.1","2021-05-07","60","73","45"
"USR0000CALP","ALPINE CALIFORNIA, CA US","32.8336","-116.7392","622.1","2021-05-08","58","71","43"
"USR0000CALP","ALPINE CALIFORNIA, CA US","32.8336","-116.7392","622.1","2021-05-09","60","73","50"
"USR0000CALP","ALPINE CALIFORNIA, CA US","32.8336","-116.7392","622.1","2021-05-10","56","69","43"
"USR0000CALP","ALPINE CALIFORNIA, CA US","32.8336","-116.7392","622.1","2021-05-11","62","76","51"
"USR0000CALP","ALPINE CALIFORNIA, CA US","32.8336","-116.7392","622.1","2021-05-12","66","79","57"
"USR0000CALP","ALPINE CALIFORNIA, CA US","32.8336","-116.7392","622.1","2021-05-13","66","77","57"
"USR0000CALP","ALPINE CALIFORNIA, CA US","32.8336","-116.7392","622.1","2021-05-14","61","76","51"
"USR0000CALP","ALPINE CALIFORNIA, CA US","32.8336","-116.7392","622.1","2021-05-15","56","69","48"
"USR0000CALP","ALPINE CALIFORNIA, CA US","32.8336","-116.7392","622.1","2021-05-16","49","54","47"
"USR0000CALP","ALPINE CALIFORNIA, CA US","32.8336","-116.7392","622.1","2021-05-17","53","62","47"
"USR0000CALP","ALPINE CALIFORNIA, CA US","32.8336","-116.7392","622.1","2021-05-18","58","72","50"
"USR0000CALP","ALPINE CALIFORNIA, CA US","32.8336","-116.7392","622.1","2021-05-19","62","75","50"
"USR0000CALP","ALPINE CALIFORNIA, CA US","32.8336","-116.7392","622.1","2021-05-20","54","66","46"
"USR0000CALP","ALPINE CALIFORNIA, CA US","32.8336","-116.7392","622.1","2021-05-21","50","60","43"
"USR0000CALP","ALPINE CALIFORNIA, CA US","32.8336","-116.7392","622.1","2021-05-22","50","63","39"
"USR0000CALP","ALPINE CALIFORNIA, CA US","32.8336","-116.7392","622.1","2021-05-23","59","73","44"
"USR0000CALP","ALPINE CALIFORNIA, CA US","32.8336","-116.7392","622.1","2021-05-24","71","85","53"
"USR0000CALP","ALPINE CALIFORNIA, CA US","32.8336","-116.7392","622.1","2021-05-25","72","84","60"
"USR0000CALP","ALPINE CALIFORNIA, CA US","32.8336","-116.7392","622.1","2021-05-26","67","78","54"
"USR0000CALP","ALPINE CALIFORNIA, CA US","32.8336","-116.7392","622.1","2021-05-27","63","75","52"
"USR0000CALP","ALPINE CALIFORNIA, CA US","32.8336","-116.7392","622.1","2021-05-28","65","79","54"
"USR0000CALP","ALPINE CALIFORNIA, CA US","32.8336","-116.7392","622.1","2021-05-29","60","73","47"
"USR0000CALP","ALPINE CALIFORNIA, CA US","32.8336","-116.7392","622.1","2021-05-30","60","78","44"
"USR0000CALP","ALPINE CALIFORNIA, CA US","32.8336","-116.7392","622.1","2021-05-31","69","82","58"
"USR0000CALP","ALPINE CALIFORNIA, CA US","32.8336","-116.7392","622.1","2021-06-01","76","90","66"
"USR0000CALP","ALPINE CALIFORNIA, CA US","32.8336","-116.7392","622.1","2021-06-02","74","88","63"
"USR0000CALP","ALPINE CALIFORNIA, CA US","32.8336","-116.7392","622.1","2021-06-03","74","87","62"
"USR0000CALP","ALPINE CALIFORNIA, CA US","32.8336","-116.7392","622.1","2021-06-04","73","86","60"
"USR0000CALP","ALPINE CALIFORNIA, CA US","32.8336","-116.7392","622.1","2021-06-05","70","83","58"
"USR0000CALP","ALPINE CALIFORNIA, CA US","32.8336","-116.7392","622.1","2021-06-06","61","73","51"
"USR0000CALP","ALPINE CALIFORNIA, CA US","32.8336","-116.7392","622.1","2021-06-07","57","67","50"
"USR0000CALP","ALPINE CALIFORNIA, CA US","32.8336","-116.7392","622.1","2021-06-08","59","74","45"
"USR0000CALP","ALPINE CALIFORNIA, CA US","32.8336","-116.7392","622.1","2021-06-09","63","76","49"
"USR0000CALP","ALPINE CALIFORNIA, CA US","32.8336","-116.7392","622.1","2021-06-10","61","77","47"
"USR0000CALP","ALPINE CALIFORNIA, CA US","32.8336","-116.7392","622.1","2021-06-11","68","82","53"
"USR0000CALP","ALPINE CALIFORNIA, CA US","32.8336","-116.7392","622.1","2021-06-12","74","89","60"
"USR0000CALP","ALPINE CALIFORNIA, CA US","32.8336","-116.7392","622.1","2021-06-13","76","91","62"
"USR0000CALP","ALPINE CALIFORNIA, CA US","32.8336","-116.7392","622.1","2021-06-14","80","95","68"
"USR0000CALP","ALPINE CALIFORNIA, CA US","32.8336","-116.7392","622.1","2021-06-15","85","100","73"
"USR0000CALP","ALPINE CALIFORNIA, CA US","32.8336","-116.7392","622.1","2021-06-16","83","98","74"
"USR0000CALP","ALPINE CALIFORNIA, CA US","32.8336","-116.7392","622.1","2021-06-17","84","96","76"
"USR0000CALP","ALPINE CALIFORNIA, CA US","32.8336","-116.7392","622.1","2021-06-18","80","90","71"
"USR0000CALP","ALPINE CALIFORNIA, CA US","32.8336","-116.7392","622.1","2021-06-19","80","95","70"
"USR0000CALP","ALPINE CALIFORNIA, CA US","32.8336","-116.7392","622.1","2021-06-20","78","90","69"
"USR0000CALP","ALPINE CALIFORNIA, CA US","32.8336","-116.7392","622.1","2021-06-21","79","91","67"
"USR0000CALP","ALPINE CALIFORNIA, CA US","32.8336","-116.7392","622.1","2021-06-22","76","88","64"
"USR0000CALP","ALPINE CALIFORNIA, CA US","32.8336","-116.7392","622.1","2021-06-23","71","83","59"
"USR0000CALP","ALPINE CALIFORNIA, CA US","32.8336","-116.7392","622.1","2021-06-24","69","82","58"
"USR0000CALP","ALPINE CALIFORNIA, CA US","32.8336","-116.7392","622.1","2021-06-25","73","85","61"
"USR0000CALP","ALPINE CALIFORNIA, CA US","32.8336","-116.7392","622.1","2021-06-26","78","89","63"
"USR0000CALP","ALPINE CALIFORNIA, CA US","32.8336","-116.7392","622.1","2021-06-27","85","96","74"
"USR0000CALP","ALPINE CALIFORNIA, CA US","32.8336","-116.7392","622.1","2021-06-28","81","95","67"
"USR0000CALP","ALPINE CALIFORNIA, CA US","32.8336","-116.7392","622.1","2021-06-29","77","87","65"
"USR0000CALP","ALPINE CALIFORNIA, CA US","32.8336","-116.7392","622.1","2021-06-30","77","90","66"
"USR0000CALP","ALPINE CALIFORNIA, CA US","32.8336","-116.7392","622.1","2021-07-01","80","94","67"
"USR0000CALP","ALPINE CALIFORNIA, CA US","32.8336","-116.7392","622.1","2021-07-02","79","92","70"
"USR0000CALP","ALPINE CALIFORNIA, CA US","32.8336","-116.7392","622.1","2021-07-03","79","93","66"
"USR0000CALP","ALPINE CALIFORNIA, CA US","32.8336","-116.7392","622.1","2021-07-04","78","91","68"
"USR0000CALP","ALPINE CALIFORNIA, CA US","32.8336","-116.7392","622.1","2021-07-05","79","110","68"
"USR0000CALP","ALPINE CALIFORNIA, CA US","32.8336","-116.7392","622.1","2021-07-06","78","91","64"
"USR0000CALP","ALPINE CALIFORNIA, CA US","32.8336","-116.7392","622.1","2021-07-07","81","92","70"
"USR0000CALP","ALPINE CALIFORNIA, CA US","32.8336","-116.7392","622.1","2021-07-08","83","96","73"
"USR0000CALP","ALPINE CALIFORNIA, CA US","32.8336","-116.7392","622.1","2021-07-09","81","91","72"
"USR0000CALP","ALPINE CALIFORNIA, CA US","32.8336","-116.7392","622.1","2021-07-10","80","95","70"
"USR0000CALP","ALPINE CALIFORNIA, CA US","32.8336","-116.7392","622.1","2021-07-11","80","90","71"
"USR0000CALP","ALPINE CALIFORNIA, CA US","32.8336","-116.7392","622.1","2021-07-12","78","89","67"
"USR0000CALP","ALPINE CALIFORNIA, CA US","32.8336","-116.7392","622.1","2021-07-13","81","90","72"
"USR0000CALP","ALPINE CALIFORNIA, CA US","32.8336","-116.7392","622.1","2021-07-14","79","90","70"
"USR0000CALP","ALPINE CALIFORNIA, CA US","32.8336","-116.7392","622.1","2021-07-15","77","89","65"
"USR0000CALP","ALPINE CALIFORNIA, CA US","32.8336","-116.7392","622.1","2021-07-16","76","90","66"
"USR0000CALP","ALPINE CALIFORNIA, CA US","32.8336","-116.7392","622.1","2021-07-17","75","87","67"
"USR0000CALP","ALPINE CALIFORNIA, CA US","32.8336","-116.7392","622.1","2021-07-18","78","92","68"
"USR0000CALP","ALPINE CALIFORNIA, CA US","32.8336","-116.7392","622.1","2021-07-19","78","92","68"
"USR0000CALP","ALPINE CALIFORNIA, CA US","32.8336","-116.7392","622.1","2021-07-20","78","92","68"
"USR0000CALP","ALPINE CALIFORNIA, CA US","32.8336","-116.7392","622.1","2021-07-21","82","95","71"
"USR0000CALP","ALPINE CALIFORNIA, CA US","32.8336","-116.7392","622.1","2021-07-22","72","73","72"
"USR0000CALP","ALPINE CALIFORNIA, CA US","32.8336","-116.7392","622.1","2021-07-23","79","90","69"
"USR0000CALP","ALPINE CALIFORNIA, CA US","32.8336","-116.7392","622.1","2021-07-24","75","87","67"
"USR0000CALP","ALPINE CALIFORNIA, CA US","32.8336","-116.7392","622.1","2021-07-25","71","84","63"
"USR0000CALP","ALPINE CALIFORNIA, CA US","32.8336","-116.7392","622.1","2021-07-26","72","82","63"
"USR0000CALP","ALPINE CALIFORNIA, CA US","32.8336","-116.7392","622.1","2021-07-27","80","92","69"
"USR0000CALP","ALPINE CALIFORNIA, CA US","32.8336","-116.7392","622.1","2021-07-28","81","92","71"
"USR0000CALP","ALPINE CALIFORNIA, CA US","32.8336","-116.7392","622.1","2021-07-29","81","95","70"
"USR0000CALP","ALPINE CALIFORNIA, CA US","32.8336","-116.7392","622.1","2021-07-30","80","96","72"
"USR0000CALP","ALPINE CALIFORNIA, CA US","32.8336","-116.7392","622.1","2021-07-31","81","94","71"
"USR0000CALP","ALPINE CALIFORNIA, CA US","32.8336","-116.7392","622.1","2021-08-01","82","95","69"
"USR0000CALP","ALPINE CALIFORNIA, CA US","32.8336","-116.7392","622.1","2021-08-02","85","99","72"
"USR0000CALP","ALPINE CALIFORNIA, CA US","32.8336","-116.7392","622.1","2021-08-03","84","97","73"
"USR0000CALP","ALPINE CALIFORNIA, CA US","32.8336","-116.7392","622.1","2021-08-04","85","99","75"
"USR0000CALP","ALPINE CALIFORNIA, CA US","32.8336","-116.7392","622.1","2021-08-05","85","98","75"
"USR0000CALP","ALPINE CALIFORNIA, CA US","32.8336","-116.7392","622.1","2021-08-06","80","93","68"
"USR0000CALP","ALPINE CALIFORNIA, CA US","32.8336","-116.7392","622.1","2021-08-07","78","92","68"
"USR0000CALP","ALPINE CALIFORNIA, CA US","32.8336","-116.7392","622.1","2021-08-08","76","91","66"
"USR0000CALP","ALPINE CALIFORNIA, CA US","32.8336","-116.7392","622.1","2021-08-09","78","93","67"
"USR0000CALP","ALPINE CALIFORNIA, CA US","32.8336","-116.7392","622.1","2021-08-10","80","93","71"
"USR0000CALP","ALPINE CALIFORNIA, CA US","32.8336","-116.7392","622.1","2021-08-11","79","90","69"
"USR0000CALP","ALPINE CALIFORNIA, CA US","32.8336","-116.7392","622.1","2021-08-12","78","91","67"
"USR0000CALP","ALPINE CALIFORNIA, CA US","32.8336","-116.7392","622.1","2021-08-13","76","88","66"
"USR0000CALP","ALPINE CALIFORNIA, CA US","32.8336","-116.7392","622.1","2021-08-14","76","88","66"
"USR0000CALP","ALPINE CALIFORNIA, CA US","32.8336","-116.7392","622.1","2021-08-15","81","95","71"
"USR0000CALP","ALPINE CALIFORNIA, CA US","32.8336","-116.7392","622.1","2021-08-16","80","92","71"
"USR0000CALP","ALPINE CALIFORNIA, CA US","32.8336","-116.7392","622.1","2021-08-17","75","86","63"
"USR0000CALP","ALPINE CALIFORNIA, CA US","32.8336","-116.7392","622.1","2021-08-18","66","75","61"
"USR0000CALP","ALPINE CALIFORNIA, CA US","32.8336","-116.7392","622.1","2021-08-19","67","80","59"
"USR0000CALP","ALPINE CALIFORNIA, CA US","32.8336","-116.7392","622.1","2021-08-20","65","79","55"
"USR0000CALP","ALPINE CALIFORNIA, CA US","32.8336","-116.7392","622.1","2021-08-21","63","75","57"
"USR0000CALP","ALPINE CALIFORNIA, CA US","32.8336","-116.7392","622.1","2021-08-22","64","80","56"
"USR0000CALP","ALPINE CALIFORNIA, CA US","32.8336","-116.7392","622.1","2021-08-23","67","85","53"
"USR0000CALP","ALPINE CALIFORNIA, CA US","32.8336","-116.7392","622.1","2021-08-24","78","91","66"
"USR0000CALP","ALPINE CALIFORNIA, CA US","32.8336","-116.7392","622.1","2021-08-25","83","95","72"
"USR0000CALP","ALPINE CALIFORNIA, CA US","32.8336","-116.7392","622.1","2021-08-26","85","99","74"
"USR0000CALP","ALPINE CALIFORNIA, CA US","32.8336","-116.7392","622.1","2021-08-27","86","100","74"
"USR0000CALP","ALPINE CALIFORNIA, CA US","32.8336","-116.7392","622.1","2021-08-28","84","99","74"
"USR0000CALP","ALPINE CALIFORNIA, CA US","32.8336","-116.7392","622.1","2021-08-29","83","96","75"
"USR0000CALP","ALPINE CALIFORNIA, CA US","32.8336","-116.7392","622.1","2021-08-30","76","88","66"
"USR0000CALP","ALPINE CALIFORNIA, CA US","32.8336","-116.7392","622.1","2021-08-31","68","78","58"
"USR0000CALP","ALPINE CALIFORNIA, CA US","32.8336","-116.7392","622.1","2021-09-01","64","78","58"
"USR0000CALP","ALPINE CALIFORNIA, CA US","32.8336","-116.7392","622.1","2021-09-02","67","83","54"
"USR0000CALP","ALPINE CALIFORNIA, CA US","32.8336","-116.7392","622.1","2021-09-03","78","91","66"
"USR0000CALP","ALPINE CALIFORNIA, CA US","32.8336","-116.7392","622.1","2021-09-04","83","96","73"
"USR0000CALP","ALPINE CALIFORNIA, CA US","32.8336","-116.7392","622.1","2021-09-05","84","98","72"
"USR0000CALP","ALPINE CALIFORNIA, CA US","32.8336","-116.7392","622.1","2021-09-06","79","94","69"
"USR0000CALP","ALPINE CALIFORNIA, CA US","32.8336","-116.7392","622.1","2021-09-07","78","90","68"
"USR0000CALP","ALPINE CALIFORNIA, CA US","32.8336","-116.7392","622.1","2021-09-08","82","96","70"
"USR0000CALP","ALPINE CALIFORNIA, CA US","32.8336","-116.7392","622.1","2021-09-09","83","95","75"
"USR0000CALP","ALPINE CALIFORNIA, CA US","32.8336","-116.7392","622.1","2021-09-10","81","93","74"
"USR0000CALP","ALPINE CALIFORNIA, CA US","32.8336","-116.7392","622.1","2021-09-11","82","95","72"
"USR0000CALP","ALPINE CALIFORNIA, CA US","32.8336","-116.7392","622.1","2021-09-12","82","96","71"
"USR0000CALP","ALPINE CALIFORNIA, CA US","32.8336","-116.7392","622.1","2021-09-13","82","98","71"
"USR0000CALP","ALPINE CALIFORNIA, CA US","32.8336","-116.7392","622.1","2021-09-14","78","91","66"
"USR0000CALP","ALPINE CALIFORNIA, CA US","32.8336","-116.7392","622.1","2021-09-15","74","90","63"
"USR0000CALP","ALPINE CALIFORNIA, CA US","32.8336","-116.7392","622.1","2021-09-16","70","83","59"
"USR0000CALP","ALPINE CALIFORNIA, CA US","32.8336","-116.7392","622.1","2021-09-17","72","83","63"
"USR0000CALP","ALPINE CALIFORNIA, CA US","32.8336","-116.7392","622.1","2021-09-18","72","84","62"
"USR0000CALP","ALPINE CALIFORNIA, CA US","32.8336","-116.7392","622.1","2021-09-19","70","82","59"
"USR0000CALP","ALPINE CALIFORNIA, CA US","32.8336","-116.7392","622.1","2021-09-20","74","87","60"
"USR0000CALP","ALPINE CALIFORNIA, CA US","32.8336","-116.7392","622.1","2021-09-21","81","96","70"
"USR0000CALP","ALPINE CALIFORNIA, CA US","32.8336","-116.7392","622.1","2021-09-22","81","97","71"
"USR0000CALP","ALPINE CALIFORNIA, CA US","32.8336","-116.7392","622.1","2021-09-23","77","89","68"
"USR0000CALP","ALPINE CALIFORNIA, CA US","32.8336","-116.7392","622.1","2021-09-24","70","86","63"
"USR0000CALP","ALPINE CALIFORNIA, CA US","32.8336","-116.7392","622.1","2021-09-25","69","81","58"
"USR0000CALP","ALPINE CALIFORNIA, CA US","32.8336","-116.7392","622.1","2021-09-26","61","70","57"
"USR0000CALP","ALPINE CALIFORNIA, CA US","32.8336","-116.7392","622.1","2021-09-27","60","70","56"
"USR0000CALP","ALPINE CALIFORNIA, CA US","32.8336","-116.7392","622.1","2021-09-28","60","71","53"
"USR0000CALP","ALPINE CALIFORNIA, CA US","32.8336","-116.7392","622.1","2021-09-29","61","75","50"
"USR0000CALP","ALPINE CALIFORNIA, CA US","32.8336","-116.7392","622.1","2021-09-30","73","86","59"
"USR0000CALP","ALPINE CALIFORNIA, CA US","32.8336","-116.7392","622.1","2021-10-01","75","89","63"
"USR0000CALP","ALPINE CALIFORNIA, CA US","32.8336","-116.7392","622.1","2021-10-02","75","89","64"
"USR0000CALP","ALPINE CALIFORNIA, CA US","32.8336","-116.7392","622.1","2021-10-03","73","90","62"
"USR0000CALP","ALPINE CALIFORNIA, CA US","32.8336","-116.7392","622.1","2021-10-04","72","87","58"
"USR0000CALP","ALPINE CALIFORNIA, CA US","32.8336","-116.7392","622.1","2021-10-05","62","70","56"
"USR0000CALP","ALPINE CALIFORNIA, CA US","32.8336","-116.7392","622.1","2021-10-06","60","70","53"
"USR0000CALP","ALPINE CALIFORNIA, CA US","32.8336","-116.7392","622.1","2021-10-07","60","68","56"
"USR0000CALP","ALPINE CALIFORNIA, CA US","32.8336","-116.7392","622.1","2021-10-08","56","61","49"
"USR0000CALP","ALPINE CALIFORNIA, CA US","32.8336","-116.7392","622.1","2021-10-09","57","70","46"
"USR0000CALP","ALPINE CALIFORNIA, CA US","32.8336","-116.7392","622.1","2021-10-10","64","78","53"
"USR0000CALP","ALPINE CALIFORNIA, CA US","32.8336","-116.7392","622.1","2021-10-11","55","68","48"
"USR0000CALP","ALPINE CALIFORNIA, CA US","32.8336","-116.7392","622.1","2021-10-12","52","63","44"
"USR0000CALP","ALPINE CALIFORNIA, CA US","32.8336","-116.7392","622.1","2021-10-13","56","70","43"
"USR0000CALP","ALPINE CALIFORNIA, CA US","32.8336","-116.7392","622.1","2021-10-14","64","77","49"
"USR0000CALP","ALPINE CALIFORNIA, CA US","32.8336","-116.7392","622.1","2021-10-15","69","76","65"
"USR0000CALP","ALPINE CALIFORNIA, CA US","32.8336","-116.7392","622.1","2021-10-16","71","84","57"
"USR0000CALP","ALPINE CALIFORNIA, CA US","32.8336","-116.7392","622.1","2021-10-17","62","76","46"
"USR0000CALP","ALPINE CALIFORNIA, CA US","32.8336","-116.7392","622.1","2021-10-18","50","53","45"
"USR0000CALP","ALPINE CALIFORNIA, CA US","32.8336","-116.7392","622.1","2021-10-19","51","67","38"
"USR0000CALP","ALPINE CALIFORNIA, CA US","32.8336","-116.7392","622.1","2021-10-20","61","74","47"
"USR0000CALP","ALPINE CALIFORNIA, CA US","32.8336","-116.7392","622.1","2021-10-21","65","80","55"
"USR0000CALP","ALPINE CALIFORNIA, CA US","32.8336","-116.7392","622.1","2021-10-22","61","76","51"
"USR0000CALP","ALPINE CALIFORNIA, CA US","32.8336","-116.7392","622.1","2021-10-23","55","65","47"
"USR0000CALP","ALPINE CALIFORNIA, CA US","32.8336","-116.7392","622.1","2021-10-24","58","73","45"
"USR0000CALP","ALPINE CALIFORNIA, CA US","32.8336","-116.7392","622.1","2021-10-25","51","60","47"
"USR0000CALP","ALPINE CALIFORNIA, CA US","32.8336","-116.7392","622.1","2021-10-26","54","64","46"
"USR0000CALP","ALPINE CALIFORNIA, CA US","32.8336","-116.7392","622.1","2021-10-27","68","81","55"
"USR0000CALP","ALPINE CALIFORNIA, CA US","32.8336","-116.7392","622.1","2021-10-28","74","84","66"
"USR0000CALP","ALPINE CALIFORNIA, CA US","32.8336","-116.7392","622.1","2021-10-29","70","83","59"
"USR0000CALP","ALPINE CALIFORNIA, CA US","32.8336","-116.7392","622.1","2021-10-30","65","79","55"
"USR0000CALP","ALPINE CALIFORNIA, CA US","32.8336","-116.7392","622.1","2021-10-31","61","73","53"
"USR0000CALP","ALPINE CALIFORNIA, CA US","32.8336","-116.7392","622.1","2021-11-01","60","72","52"
"USR0000CALP","ALPINE CALIFORNIA, CA US","32.8336","-116.7392","622.1","2021-11-02","61","73","52"
"USR0000CALP","ALPINE CALIFORNIA, CA US","32.8336","-116.7392","622.1","2021-11-03","68","81","57"
"USR0000CALP","ALPINE CALIFORNIA, CA US","32.8336","-116.7392","622.1","2021-11-04","69","83","60"
"USR0000CALP","ALPINE CALIFORNIA, CA US","32.8336","-116.7392","622.1","2021-11-05","70","86","61"
"USR0000CALP","ALPINE CALIFORNIA, CA US","32.8336","-116.7392","622.1","2021-11-06","66","80","58"
"USR0000CALP","ALPINE CALIFORNIA, CA US","32.8336","-116.7392","622.1","2021-11-07","62","78","52"
"USR0000CALP","ALPINE CALIFORNIA, CA US","32.8336","-116.7392","622.1","2021-11-08","59","73","48"
"USR0000CALP","ALPINE CALIFORNIA, CA US","32.8336","-116.7392","622.1","2021-11-09","58","71","48"
"USR0000CALP","ALPINE CALIFORNIA, CA US","32.8336","-116.7392","622.1","2021-11-10","65","80","47"
"USR0000CALP","ALPINE CALIFORNIA, CA US","32.8336","-116.7392","622.1","2021-11-11","75","82","66"
"USR0000CALP","ALPINE CALIFORNIA, CA US","32.8336","-116.7392","622.1","2021-11-12","75","82","68"
"USR0000CALP","ALPINE CALIFORNIA, CA US","32.8336","-116.7392","622.1","2021-11-13","72","85","62"
"USR0000CALP","ALPINE CALIFORNIA, CA US","32.8336","-116.7392","622.1","2021-11-14","73","88","61"
"USR0000CALP","ALPINE CALIFORNIA, CA US","32.8336","-116.7392","622.1","2021-11-15","68","85","57"
"USR0000CALP","ALPINE CALIFORNIA, CA US","32.8336","-116.7392","622.1","2021-11-16","61","77","52"
"USR0000CALP","ALPINE CALIFORNIA, CA US","32.8336","-116.7392","622.1","2021-11-17","61","72","52"
"USR0000CALP","ALPINE CALIFORNIA, CA US","32.8336","-116.7392","622.1","2021-11-18","65","80","56"
"USR0000CALP","ALPINE CALIFORNIA, CA US","32.8336","-116.7392","622.1","2021-11-19","61","75","53"
"USR0000CALP","ALPINE CALIFORNIA, CA US","32.8336","-116.7392","622.1","2021-11-20","62","72","50"
"USR0000CALP","ALPINE CALIFORNIA, CA US","32.8336","-116.7392","622.1","2021-11-21","67","74","63"
"USR0000CALP","ALPINE CALIFORNIA, CA US","32.8336","-116.7392","622.1","2021-11-22","67","79","58"
"USR0000CALP","ALPINE CALIFORNIA, CA US","32.8336","-116.7392","622.1","2021-11-23","59","71","48"
"USR0000CALP","ALPINE CALIFORNIA, CA US","32.8336","-116.7392","622.1","2021-11-24","57","69","45"
"USR0000CALP","ALPINE CALIFORNIA, CA US","32.8336","-116.7392","622.1","2021-11-25","59","63","54"
"USR0000CALP","ALPINE CALIFORNIA, CA US","32.8336","-116.7392","622.1","2021-11-26","62","75","52"
"USR0000CALP","ALPINE CALIFORNIA, CA US","32.8336","-116.7392","622.1","2021-11-27","62","77","53"
"USR0000CALP","ALPINE CALIFORNIA, CA US","32.8336","-116.7392","622.1","2021-11-28","68","81","54"
"USR0000CALP","ALPINE CALIFORNIA, CA US","32.8336","-116.7392","622.1","2021-11-29","69","80","59"
"USR0000CALP","ALPINE CALIFORNIA, CA US","32.8336","-116.7392","622.1","2021-11-30","69","82","58"
"USR0000CALP","ALPINE CALIFORNIA, CA US","32.8336","-116.7392","622.1","2021-12-01","71","81","59"
"USR0000CALP","ALPINE CALIFORNIA, CA US","32.8336","-116.7392","622.1","2021-12-02","62","76","54"
"USR0000CALP","ALPINE CALIFORNIA, CA US","32.8336","-116.7392","622.1","2021-12-03","59","73","51"
"USR0000CALP","ALPINE CALIFORNIA, CA US","32.8336","-116.7392","622.1","2021-12-04","59","74","52"
"USR0000CALP","ALPINE CALIFORNIA, CA US","32.8336","-116.7392","622.1","2021-12-05","61","74","52"
"USR0000CALP","ALPINE CALIFORNIA, CA US","32.8336","-116.7392","622.1","2021-12-06","63","76","52"
"USR0000CALP","ALPINE CALIFORNIA, CA US","32.8336","-116.7392","622.1","2021-12-07","48","53","42"
"USR0000CALP","ALPINE CALIFORNIA, CA US","32.8336","-116.7392","622.1","2021-12-08","53","65","46"
"USR0000CALP","ALPINE CALIFORNIA, CA US","32.8336","-116.7392","622.1","2021-12-09","47","50","43"
"USR0000CALP","ALPINE CALIFORNIA, CA US","32.8336","-116.7392","622.1","2021-12-10","46","53","37"
"USR0000CALP","ALPINE CALIFORNIA, CA US","32.8336","-116.7392","622.1","2021-12-11","50","63","41"
"USR0000CALP","ALPINE CALIFORNIA, CA US","32.8336","-116.7392","622.1","2021-12-12","49","63","40"
"USR0000CALP","ALPINE CALIFORNIA, CA US","32.8336","-116.7392","622.1","2021-12-13","45","53","40"
"USR0000CALP","ALPINE CALIFORNIA, CA US","32.8336","-116.7392","622.1","2021-12-14","44","50","37"
"USR0000CALP","ALPINE CALIFORNIA, CA US","32.8336","-116.7392","622.1","2021-12-15","41","51","35"
"USR0000CALP","ALPINE CALIFORNIA, CA US","32.8336","-116.7392","622.1","2021-12-16","44","55","35"
"USR0000CALP","ALPINE CALIFORNIA, CA US","32.8336","-116.7392","622.1","2021-12-17","51","59","42"
"USR0000CALP","ALPINE CALIFORNIA, CA US","32.8336","-116.7392","622.1","2021-12-18","56","65","46"
"USR0000CALP","ALPINE CALIFORNIA, CA US","32.8336","-116.7392","622.1","2021-12-19","53","66","43"
"USR0000CALP","ALPINE CALIFORNIA, CA US","32.8336","-116.7392","622.1","2021-12-20","55","69","42"
"USR0000CALP","ALPINE CALIFORNIA, CA US","32.8336","-116.7392","622.1","2021-12-21","56","64","51"
"USR0000CALP","ALPINE CALIFORNIA, CA US","32.8336","-116.7392","622.1","2021-12-22","58","69","51"
"USR0000CALP","ALPINE CALIFORNIA, CA US","32.8336","-116.7392","622.1","2021-12-23","53","60","46"
"USR0000CALP","ALPINE CALIFORNIA, CA US","32.8336","-116.7392","622.1","2021-12-24","47","51","43"
"USR0000CALP","ALPINE CALIFORNIA, CA US","32.8336","-116.7392","622.1","2021-12-25","44","47","42"
"USR0000CALP","ALPINE CALIFORNIA, CA US","32.8336","-116.7392","622.1","2021-12-26","43","49","35"
"USR0000CALP","ALPINE CALIFORNIA, CA US","32.8336","-116.7392","622.1","2021-12-27","40","43","34"
"USR0000CALP","ALPINE CALIFORNIA, CA US","32.8336","-116.7392","622.1","2021-12-28","40","43","39"
"USR0000CALP","ALPINE CALIFORNIA, CA US","32.8336","-116.7392","622.1","2021-12-29","42","48","38"
"USR0000CALP","ALPINE CALIFORNIA, CA US","32.8336","-116.7392","622.1","2021-12-30","49","59","43"
"USR0000CALP","ALPINE CALIFORNIA, CA US","32.8336","-116.7392","622.1","2021-12-31","46","51","41"
"USR0000CALP","ALPINE CALIFORNIA, CA US","32.8336","-116.7392","622.1","2022-01-01","46","54","40"
"USR0000CALP","ALPINE CALIFORNIA, CA US","32.8336","-116.7392","622.1","2022-01-02","50","64","41"
"USR0000CALP","ALPINE CALIFORNIA, CA US","32.8336","-116.7392","622.1","2022-01-03","50","64","43"
"USR0000CALP","ALPINE CALIFORNIA, CA US","32.8336","-116.7392","622.1","2022-01-04","51","64","42"
"USR0000CALP","ALPINE CALIFORNIA, CA US","32.8336","-116.7392","622.1","2022-01-05","59","71","47"
"USR0000CALP","ALPINE CALIFORNIA, CA US","32.8336","-116.7392","622.1","2022-01-06","62","75","52"
"USR0000CALP","ALPINE CALIFORNIA, CA US","32.8336","-116.7392","622.1","2022-01-07","53","67","43"
"USR0000CALP","ALPINE CALIFORNIA, CA US","32.8336","-116.7392","622.1","2022-01-08","48","57","41"
"USR0000CALP","ALPINE CALIFORNIA, CA US","32.8336","-116.7392","622.1","2022-01-09","58","66","55"
"USR0000CALP","ALPINE CALIFORNIA, CA US","32.8336","-116.7392","622.1","2022-01-10","59","63","57"
"USR0000CALP","ALPINE CALIFORNIA, CA US","32.8336","-116.7392","622.1","2022-01-11","63","69","58"
"USR0000CALP","ALPINE CALIFORNIA, CA US","32.8336","-116.7392","622.1","2022-01-12","65","75","59"
"USR0000CALP","ALPINE CALIFORNIA, CA US","32.8336","-116.7392","622.1","2022-01-13","61","72","53"
"USR0000CALP","ALPINE CALIFORNIA, CA US","32.8336","-116.7392","622.1","2022-01-14","63","73","57"
"USR0000CALP","ALPINE CALIFORNIA, CA US","32.8336","-116.7392","622.1","2022-01-15","59","63","55"
"USR0000CALP","ALPINE CALIFORNIA, CA US","32.8336","-116.7392","622.1","2022-01-16","58","67","53"
"USR0000CALP","ALPINE CALIFORNIA, CA US","32.8336","-116.7392","622.1","2022-01-17","54","60","49"
"USR0000CALP","ALPINE CALIFORNIA, CA US","32.8336","-116.7392","622.1","2022-01-18","50","53","47"
"USR0000CALP","ALPINE CALIFORNIA, CA US","32.8336","-116.7392","622.1","2022-01-19","53","64","43"
"USR0000CALP","ALPINE CALIFORNIA, CA US","32.8336","-116.7392","622.1","2022-01-20","58","71","49"
"USR0000CALP","ALPINE CALIFORNIA, CA US","32.8336","-116.7392","622.1","2022-01-21","55","65","47"
"USR0000CALP","ALPINE CALIFORNIA, CA US","32.8336","-116.7392","622.1","2022-01-22","53","59","49"
"USR0000CALP","ALPINE CALIFORNIA, CA US","32.8336","-116.7392","622.1","2022-01-23","55","66","46"
"USR0000CALP","ALPINE CALIFORNIA, CA US","32.8336","-116.7392","622.1","2022-01-24","53","67","45"
"USR0000CALP","ALPINE CALIFORNIA, CA US","32.8336","-116.7392","622.1","2022-01-25","55","66","43"
"USR0000CALP","ALPINE CALIFORNIA, CA US","32.8336","-116.7392","622.1","2022-01-26","55","67","45"
"USR0000CALP","ALPINE CALIFORNIA, CA US","32.8336","-116.7392","622.1","2022-01-27","55","67","43"
"USR0000CALP","ALPINE CALIFORNIA, CA US","32.8336","-116.7392","622.1","2022-01-28","55","60","52"
"USR0000CALP","ALPINE CALIFORNIA, CA US","32.8336","-116.7392","622.1","2022-01-29","54","62","46"
"USR0000CALP","ALPINE CALIFORNIA, CA US","32.8336","-116.7392","622.1","2022-01-30","53","67","44"
"USR0000CALP","ALPINE CALIFORNIA, CA US","32.8336","-116.7392","622.1","2022-01-31","52","64","44"
"USR0000CALP","ALPINE CALIFORNIA, CA US","32.8336","-116.7392","622.1","2022-02-01","46","57","40"
"USR0000CALP","ALPINE CALIFORNIA, CA US","32.8336","-116.7392","622.1","2022-02-02","47","58","36"
"USR0000CALP","ALPINE CALIFORNIA, CA US","32.8336","-116.7392","622.1","2022-02-03","50","60","41"
"USR0000CALP","ALPINE CALIFORNIA, CA US","32.8336","-116.7392","622.1","2022-02-04","50","55","46"
"USR0000CALP","ALPINE CALIFORNIA, CA US","32.8336","-116.7392","622.1","2022-02-05","56","64","50"
"USR0000CALP","ALPINE CALIFORNIA, CA US","32.8336","-116.7392","622.1","2022-02-06","61","69","50"
"USR0000CALP","ALPINE CALIFORNIA, CA US","32.8336","-116.7392","622.1","2022-02-07","60","67","54"
"USR0000CALP","ALPINE CALIFORNIA, CA US","32.8336","-116.7392","622.1","2022-02-08","65","72","58"
"USR0000CALP","ALPINE CALIFORNIA, CA US","32.8336","-116.7392","622.1","2022-02-09","67","75","57"
"USR0000CALP","ALPINE CALIFORNIA, CA US","32.8336","-116.7392","622.1","2022-02-10","65","75","56"
"USR0000CALP","ALPINE CALIFORNIA, CA US","32.8336","-116.7392","622.1","2022-02-11","66","79","56"
"USR0000CALP","ALPINE CALIFORNIA, CA US","32.8336","-116.7392","622.1","2022-02-12","70","78","63"
"USR0000CALP","ALPINE CALIFORNIA, CA US","32.8336","-116.7392","622.1","2022-02-13","67","81","54"
"USR0000CALP","ALPINE CALIFORNIA, CA US","32.8336","-116.7392","622.1","2022-02-14","62","77","51"
"USR0000CALP","ALPINE CALIFORNIA, CA US","32.8336","-116.7392","622.1","2022-02-15","43","49","34"
"USR0000CALP","ALPINE CALIFORNIA, CA US","32.8336","-116.7392","622.1","2022-02-16","44","55","35"
"USR0000CALP","ALPINE CALIFORNIA, CA US","32.8336","-116.7392","622.1","2022-02-17","52","61","41"
"USR0000CALP","ALPINE CALIFORNIA, CA US","32.8336","-116.7392","622.1","2022-02-18","57","67","48"
"USR0000CALP","ALPINE CALIFORNIA, CA US","32.8336","-116.7392","622.1","2022-02-19","61","73","52"
"USR0000CALP","ALPINE CALIFORNIA, CA US","32.8336","-116.7392","622.1","2022-02-20","53","67","44"
"USR0000CALP","ALPINE CALIFORNIA, CA US","32.8336","-116.7392","622.1","2022-02-21","44","49","40"
"USR0000CALP","ALPINE CALIFORNIA, CA US","32.8336","-116.7392","622.1","2022-02-22","41","44","39"
"USR0000CALP","ALPINE CALIFORNIA, CA US","32.8336","-116.7392","622.1","2022-02-23","37","42","32"
"USR0000CALP","ALPINE CALIFORNIA, CA US","32.8336","-116.7392","622.1","2022-02-24","40","53","30"
"USR0000CALP","ALPINE CALIFORNIA, CA US","32.8336","-116.7392","622.1","2022-02-25","46","59","35"
"USR0000CALP","ALPINE CALIFORNIA, CA US","32.8336","-116.7392","622.1","2022-02-26","52","61","40"
"USR0000CALP","ALPINE CALIFORNIA, CA US","32.8336","-116.7392","622.1","2022-02-27","59","69","47"
"USR0000CALP","ALPINE CALIFORNIA, CA US","32.8336","-116.7392","622.1","2022-02-28","64","73","55"
"USR0000CALP","ALPINE CALIFORNIA, CA US","32.8336","-116.7392","622.1","2022-03-01","56","56","55"
"USR0000CALP","ALPINE CALIFORNIA, CA US","32.8336","-116.7392","622.1","2022-03-02","65","79","55"
"USR0000CALP","ALPINE CALIFORNIA, CA US","32.8336","-116.7392","622.1","2022-03-03","53","66","45"
"USR0000CALP","ALPINE CALIFORNIA, CA US","32.8336","-116.7392","622.1","2022-03-04","45","50","43"
"USR0000CALP","ALPINE CALIFORNIA, CA US","32.8336","-116.7392","622.1","2022-03-05","40","46","37"
"USR0000CALP","ALPINE CALIFORNIA, CA US","32.8336","-116.7392","622.1","2022-03-06","44","55","36"
"USR0000CALP","ALPINE CALIFORNIA, CA US","32.8336","-116.7392","622.1","2022-03-07","50","63","36"
"USR0000CALP","ALPINE CALIFORNIA, CA US","32.8336","-116.7392","622.1","2022-03-08","52","63","42"
"USR0000CALP","ALPINE CALIFORNIA, CA US","32.8336","-116.7392","622.1","2022-03-09","50","62","39"
"USR0000CALP","ALPINE CALIFORNIA, CA US","32.8336","-116.7392","622.1","2022-03-10","48","58","39"
"USR0000CALP","ALPINE CALIFORNIA, CA US","32.8336","-116.7392","622.1","2022-03-11","55","66","44"
"USR0000CALP","ALPINE CALIFORNIA, CA US","32.8336","-116.7392","622.1","2022-03-12","60","71","48"
"USR0000CALP","ALPINE CALIFORNIA, CA US","32.8336","-116.7392","622.1","2022-03-13","54","67","45"
"USR0000CALP","ALPINE CALIFORNIA, CA US","32.8336","-116.7392","622.1","2022-03-14","61","77","46"
"USR0000CALP","ALPINE CALIFORNIA, CA US","32.8336","-116.7392","622.1","2022-03-15","62","76","51"
"USR0000CALP","ALPINE CALIFORNIA, CA US","32.8336","-116.7392","622.1","2022-03-16","57","68","47"
"USR0000CALP","ALPINE CALIFORNIA, CA US","32.8336","-116.7392","622.1","2022-03-17","64","76","52"
"USR0000CALP","ALPINE CALIFORNIA, CA US","32.8336","-116.7392","622.1","2022-03-18","62","74","50"
"USR0000CALP","ALPINE CALIFORNIA, CA US","32.8336","-116.7392","622.1","2022-03-19","56","69","46"
"USR0000CALP","ALPINE CALIFORNIA, CA US","32.8336","-116.7392","622.1","2022-03-20","49","56","43"
"USR0000CALP","ALPINE CALIFORNIA, CA US","32.8336","-116.7392","622.1","2022-03-21","57","70","44"
"USR0000CALP","ALPINE CALIFORNIA, CA US","32.8336","-116.7392","622.1","2022-03-22","65","81","52"
"USR0000CALP","ALPINE CALIFORNIA, CA US","32.8336","-116.7392","622.1","2022-03-23","67","78","57"
"USR0000CALP","ALPINE CALIFORNIA, CA US","32.8336","-116.7392","622.1","2022-03-24","68","82","57"
"USR0000CALP","ALPINE CALIFORNIA, CA US","32.8336","-116.7392","622.1","2022-03-25","70","84","59"
"USR0000CALP","ALPINE CALIFORNIA, CA US","32.8336","-116.7392","622.1","2022-03-26","67","80","55"
"USR0000CALP","ALPINE CALIFORNIA, CA US","32.8336","-116.7392","622.1","2022-03-27","60","74","47"
"USR0000CALP","ALPINE CALIFORNIA, CA US","32.8336","-116.7392","622.1","2022-03-28","49","61","45"
"USR0000CALP","ALPINE CALIFORNIA, CA US","32.8336","-116.7392","622.1","2022-03-29","48","56","44"
"USR0000CALP","ALPINE CALIFORNIA, CA US","32.8336","-116.7392","622.1","2022-03-30","53","66","44"
"USR0000CALP","ALPINE CALIFORNIA, CA US","32.8336","-116.7392","622.1","2022-03-31","50","57","48"
"USR0000CALP","ALPINE CALIFORNIA, CA US","32.8336","-116.7392","622.1","2022-04-01","53","66","42"
"USR0000CALP","ALPINE CALIFORNIA, CA US","32.8336","-116.7392","622.1","2022-04-02","52","62","45"
"USR0000CALP","ALPINE CALIFORNIA, CA US","32.8336","-116.7392","622.1","2022-04-03","51","53","49"
"USR0000CALP","ALPINE CALIFORNIA, CA US","32.8336","-116.7392","622.1","2022-04-04","58","72","48"
"USR0000CALP","ALPINE CALIFORNIA, CA US","32.8336","-116.7392","622.1","2022-04-05","65","76","55"
"USR0000CALP","ALPINE CALIFORNIA, CA US","32.8336","-116.7392","622.1","2022-04-06","76","85","61"
"USR0000CALP","ALPINE CALIFORNIA, CA US","32.8336","-116.7392","622.1","2022-04-07","77","84","72"
"USR0000CALP","ALPINE CALIFORNIA, CA US","32.8336","-116.7392","622.1","2022-04-08","77","90","64"
"USR0000CALP","ALPINE CALIFORNIA, CA US","32.8336","-116.7392","622.1","2022-04-09","67","82","50"
"USR0000CALP","ALPINE CALIFORNIA, CA US","32.8336","-116.7392","622.1","2022-04-10","55","67","46"
"USR0000CALP","ALPINE CALIFORNIA, CA US","32.8336","-116.7392","622.1","2022-04-11","52","61","46"
"USR0000CALP","ALPINE CALIFORNIA, CA US","32.8336","-116.7392","622.1","2022-04-12","47","57","38"
"USR0000CALP","ALPINE CALIFORNIA, CA US","32.8336","-116.7392","622.1","2022-04-13","51","65","38"
"USR0000CALP","ALPINE CALIFORNIA, CA US","32.8336","-116.7392","622.1","2022-04-14","54","69","42"
"USR0000CALP","ALPINE CALIFORNIA, CA US","32.8336","-116.7392","622.1","2022-04-15","56","71","42"
"USR0000CALP","ALPINE CALIFORNIA, CA US","32.8336","-116.7392","622.1","2022-04-16","53","65","45"
"USR0000CALP","ALPINE CALIFORNIA, CA US","32.8336","-116.7392","622.1","2022-04-17","60","79","45"
"USR0000CALP","ALPINE CALIFORNIA, CA US","32.8336","-116.7392","622.1","2022-04-18","66","80","53"
"USR0000CALP","ALPINE CALIFORNIA, CA US","32.8336","-116.7392","622.1","2022-04-19","60","72","47"
"USR0000CALP","ALPINE CALIFORNIA, CA US","32.8336","-116.7392","622.1","2022-04-20","53","64","44"
"USR0000CALP","ALPINE CALIFORNIA, CA US","32.8336","-116.7392","622.1","2022-04-21","55","69","44"
"USR0000CALP","ALPINE CALIFORNIA, CA US","32.8336","-116.7392","622.1","2022-04-22","49","55","43"
"USR0000CALP","ALPINE CALIFORNIA, CA US","32.8336","-116.7392","622.1","2022-04-23","56","70","40"
"USR0000CALP","ALPINE CALIFORNIA, CA US","32.8336","-116.7392","622.1","2022-04-24","65","77","52"
"USR0000CALP","ALPINE CALIFORNIA, CA US","32.8336","-116.7392","622.1","2022-04-25","68","83","56"
"USR0000CALP","ALPINE CALIFORNIA, CA US","32.8336","-116.7392","622.1","2022-04-26","64","78","52"
"USR0000CALP","ALPINE CALIFORNIA, CA US","32.8336","-116.7392","622.1","2022-04-27","57","70","46"
"USR0000CALP","ALPINE CALIFORNIA, CA US","32.8336","-116.7392","622.1","2022-04-28","51","64","41"
"USR0000CALP","ALPINE CALIFORNIA, CA US","32.8336","-116.7392","622.1","2022-04-29","58","72","42"
"USR0000CALP","ALPINE CALIFORNIA, CA US","32.8336","-116.7392","622.1","2022-04-30","65","79","51"
"USR0000CALP","ALPINE CALIFORNIA, CA US","32.8336","-116.7392","622.1","2022-05-01","58","69","46"
"USR0000CALP","ALPINE CALIFORNIA, CA US","32.8336","-116.7392","622.1","2022-05-02","56","74","46"
"USR0000CALP","ALPINE CALIFORNIA, CA US","32.8336","-116.7392","622.1","2022-05-03","55","70","43"
"USR0000CALP","ALPINE CALIFORNIA, CA US","32.8336","-116.7392","622.1","2022-05-04","68","81","53"
"USR0000CALP","ALPINE CALIFORNIA, CA US","32.8336","-116.7392","622.1","2022-05-05","70","83","58"
"USR0000CALP","ALPINE CALIFORNIA, CA US","32.8336","-116.7392","622.1","2022-05-06","68","81","56"
"USR0000CALP","ALPINE CALIFORNIA, CA US","32.8336","-116.7392","622.1","2022-05-07","63","75","51"
"USR0000CALP","ALPINE CALIFORNIA, CA US","32.8336","-116.7392","622.1","2022-05-08","53","63","45"
"USR0000CALP","ALPINE CALIFORNIA, CA US","32.8336","-116.7392","622.1","2022-05-09","52","65","42"
"USR0000CALP","ALPINE CALIFORNIA, CA US","32.8336","-116.7392","622.1","2022-05-10","53","66","39"
"USR0000CALP","ALPINE CALIFORNIA, CA US","32.8336","-116.7392","622.1","2022-05-11","51","62","35"
"USR0000CALP","ALPINE CALIFORNIA, CA US","32.8336","-116.7392","622.1","2022-05-12","63","78","43"
"USR0000CALP","ALPINE CALIFORNIA, CA US","32.8336","-116.7392","622.1","2022-05-13","71","88","56"
"USR0000CALP","ALPINE CALIFORNIA, CA US","32.8336","-116.7392","622.1","2022-05-14","76","92","61"
"USR0000CALP","ALPINE CALIFORNIA, CA US","32.8336","-116.7392","622.1","2022-05-15","71","86","58"
"USR0000CALP","ALPINE CALIFORNIA, CA US","32.8336","-116.7392","622.1","2022-05-16","67","80","57"
"USR0000CALP","ALPINE CALIFORNIA, CA US","32.8336","-116.7392","622.1","2022-05-17","61","74","47"
"USR0000CALP","ALPINE CALIFORNIA, CA US","32.8336","-116.7392","622.1","2022-05-18","65","78","51"
"USR0000CALP","ALPINE CALIFORNIA, CA US","32.8336","-116.7392","622.1","2022-05-19","65","78","50"
"USR0000CALP","ALPINE CALIFORNIA, CA US","32.8336","-116.7392","622.1","2022-05-20","55","64","48"
"USR0000CALP","ALPINE CALIFORNIA, CA US","32.8336","-116.7392","622.1","2022-05-21","57","67","51"
"USR0000CALP","ALPINE CALIFORNIA, CA US","32.8336","-116.7392","622.1","2022-05-22","58","73","44"
"USR0000CALP","ALPINE CALIFORNIA, CA US","32.8336","-116.7392","622.1","2022-05-23","61","76","45"
"USR0000CALP","ALPINE CALIFORNIA, CA US","32.8336","-116.7392","622.1","2022-05-24","71","84","59"
"USR0000CALP","ALPINE CALIFORNIA, CA US","32.8336","-116.7392","622.1","2022-05-25","73","83","63"
"USR0000CALP","ALPINE CALIFORNIA, CA US","32.8336","-116.7392","622.1","2022-05-26","68","86","51"
"USR0000CALP","ALPINE CALIFORNIA, CA US","32.8336","-116.7392","622.1","2022-05-27","62","76","49"
"USR0000CALP","ALPINE CALIFORNIA, CA US","32.8336","-116.7392","622.1","2022-05-28","56","66","49"
"USR0000CALP","ALPINE CALIFORNIA, CA US","32.8336","-116.7392","622.1","2022-05-29","57","69","49"
"USR0000CALP","ALPINE CALIFORNIA, CA US","32.8336","-116.7392","622.1","2022-05-30","61","75","49"
"USR0000CALP","ALPINE CALIFORNIA, CA US","32.8336","-116.7392","622.1","2022-05-31","64","76","49"
"USR0000CALP","ALPINE CALIFORNIA, CA US","32.8336","-116.7392","622.1","2022-06-01","71","84","58"
"USR0000CALP","ALPINE CALIFORNIA, CA US","32.8336","-116.7392","622.1","2022-06-02","72","86","61"
"USR0000CALP","ALPINE CALIFORNIA, CA US","32.8336","-116.7392","622.1","2022-06-03","67","83","56"
"USR0000CALP","ALPINE CALIFORNIA, CA US","32.8336","-116.7392","622.1","2022-06-04","63","76","53"
"USR0000CALP","ALPINE CALIFORNIA, CA US","32.8336","-116.7392","622.1","2022-06-05","64","81","50"
"USR0000CALP","ALPINE CALIFORNIA, CA US","32.8336","-116.7392","622.1","2022-06-06","69","83","57"
"USR0000CALP","ALPINE CALIFORNIA, CA US","32.8336","-116.7392","622.1","2022-06-07","73","87","62"
"USR0000CALP","ALPINE CALIFORNIA, CA US","32.8336","-116.7392","622.1","2022-06-08","75","90","64"
"USR0000CALP","ALPINE CALIFORNIA, CA US","32.8336","-116.7392","622.1","2022-06-09","80","95","67"
"USR0000CALP","ALPINE CALIFORNIA, CA US","32.8336","-116.7392","622.1","2022-06-10","80","92","70"
"USR0000CALP","ALPINE CALIFORNIA, CA US","32.8336","-116.7392","622.1","2022-06-11","80","91","68"
"USR0000CALP","ALPINE CALIFORNIA, CA US","32.8336","-116.7392","622.1","2022-06-12","77","89","64"
"USR0000CALP","ALPINE CALIFORNIA, CA US","32.8336","-116.7392","622.1","2022-06-13","67","79","55"
"USR0000CALP","ALPINE CALIFORNIA, CA US","32.8336","-116.7392","622.1","2022-06-14","68","80","53"
"USR0000CALP","ALPINE CALIFORNIA, CA US","32.8336","-116.7392","622.1","2022-06-15","76","88","62"
"USR0000CALP","ALPINE CALIFORNIA, CA US","32.8336","-116.7392","622.1","2022-06-16","76","91","61"
"USR0000CALP","ALPINE CALIFORNIA, CA US","32.8336","-116.7392","622.1","2022-06-17","67","81","50"
"USR0000CALP","ALPINE CALIFORNIA, CA US","32.8336","-116.7392","622.1","2022-06-18","62","74","49"
"USR0000CALP","ALPINE CALIFORNIA, CA US","32.8336","-116.7392","622.1","2022-06-19","65","81","49"
"USR0000CALP","ALPINE CALIFORNIA, CA US","32.8336","-116.7392","622.1","2022-06-20","76","92","58"
"USR0000CALP","ALPINE CALIFORNIA, CA US","32.8336","-116.7392","622.1","2022-06-21","80","92","67"
"USR0000CALP","ALPINE CALIFORNIA, CA US","32.8336","-116.7392","622.1","2022-06-22","79","92","70"
"USR0000CALP","ALPINE CALIFORNIA, CA US","32.8336","-116.7392","622.1","2022-06-23","80","92","69"
"USR0000CALP","ALPINE CALIFORNIA, CA US","32.8336","-116.7392","622.1","2022-06-24","80","93","67"
"USR0000CALP","ALPINE CALIFORNIA, CA US","32.8336","-116.7392","622.1","2022-06-25","80","94","68"
"USR0000CALP","ALPINE CALIFORNIA, CA US","32.8336","-116.7392","622.1","2022-06-26","81","96","67"
"USR0000CALP","ALPINE CALIFORNIA, CA US","32.8336","-116.7392","622.1","2022-06-27","84","96","74"
"USR0000CALP","ALPINE CALIFORNIA, CA US","32.8336","-116.7392","622.1","2022-06-28","82","94","70"
"USR0000CALP","ALPINE CALIFORNIA, CA US","32.8336","-116.7392","622.1","2022-06-29","80","93","69"
"USR0000CALP","ALPINE CALIFORNIA, CA US","32.8336","-116.7392","622.1","2022-06-30","79","91","69"
"USR0000CALP","ALPINE CALIFORNIA, CA US","32.8336","-116.7392","622.1","2022-07-01","76","89","65"
"USR0000CALP","ALPINE CALIFORNIA, CA US","32.8336","-116.7392","622.1","2022-07-02","73","85","61"
"USR0000CALP","ALPINE CALIFORNIA, CA US","32.8336","-116.7392","622.1","2022-07-03","66","81","51"
"USR0000CALP","ALPINE CALIFORNIA, CA US","32.8336","-116.7392","622.1","2022-07-04","66","79","52"
"USR0000CALP","ALPINE CALIFORNIA, CA US","32.8336","-116.7392","622.1","2022-07-05","67","82","56"
"USR0000CALP","ALPINE CALIFORNIA, CA US","32.8336","-116.7392","622.1","2022-07-06","69","83","56"
"USR0000CALP","ALPINE CALIFORNIA, CA US","32.8336","-116.7392","622.1","2022-07-07","74","84","64"
"USR0000CALP","ALPINE CALIFORNIA, CA US","32.8336","-116.7392","622.1","2022-07-08","74","89","62"
"USR0000CALP","ALPINE CALIFORNIA, CA US","32.8336","-116.7392","622.1","2022-07-09","77","92","63"
"USR0000CALP","ALPINE CALIFORNIA, CA US","32.8336","-116.7392","622.1","2022-07-10","79","93","67"
"USR0000CALP","ALPINE CALIFORNIA, CA US","32.8336","-116.7392","622.1","2022-07-11","77","89","66"
"USR0000CALP","ALPINE CALIFORNIA, CA US","32.8336","-116.7392","622.1","2022-07-12","74","84","65"
"USR0000CALP","ALPINE CALIFORNIA, CA US","32.8336","-116.7392","622.1","2022-07-13","76","89","66"
"USR0000CALP","ALPINE CALIFORNIA, CA US","32.8336","-116.7392","622.1","2022-07-14","76","87","66"
"USR0000CALP","ALPINE CALIFORNIA, CA US","32.8336","-116.7392","622.1","2022-07-15","83","94","74"
"USR0000CALP","ALPINE CALIFORNIA, CA US","32.8336","-116.7392","622.1","2022-07-16","85","96","76"
"USR0000CALP","ALPINE CALIFORNIA, CA US","32.8336","-116.7392","622.1","2022-07-17","82","94","75"
"USR0000CALP","ALPINE CALIFORNIA, CA US","32.8336","-116.7392","622.1","2022-07-18","81","92","72"
"USR0000CALP","ALPINE CALIFORNIA, CA US","32.8336","-116.7392","622.1","2022-07-19","80","92","71"
"USR0000CALP","ALPINE CALIFORNIA, CA US","32.8336","-116.7392","622.1","2022-07-20","78","90","70"
"USR0000CALP","ALPINE CALIFORNIA, CA US","32.8336","-116.7392","622.1","2022-07-21","79","92","69"
"USR0000CALP","ALPINE CALIFORNIA, CA US","32.8336","-116.7392","622.1","2022-07-22","78","90","67"
"USR0000CALP","ALPINE CALIFORNIA, CA US","32.8336","-116.7392","622.1","2022-07-23","77","88","68"
"USR0000CALP","ALPINE CALIFORNIA, CA US","32.8336","-116.7392","622.1","2022-07-24","75","89","65"
"USR0000CALP","ALPINE CALIFORNIA, CA US","32.8336","-116.7392","622.1","2022-07-25","77","88","68"
"USR0000CALP","ALPINE CALIFORNIA, CA US","32.8336","-116.7392","622.1","2022-07-26","77","91","66"
"USR0000CALP","ALPINE CALIFORNIA, CA US","32.8336","-116.7392","622.1","2022-07-27","77","90","66"
"USR0000CALP","ALPINE CALIFORNIA, CA US","32.8336","-116.7392","622.1","2022-07-28","75","89","66"
"USR0000CALP","ALPINE CALIFORNIA, CA US","32.8336","-116.7392","622.1","2022-07-29","77","88","69"
"USR0000CALP","ALPINE CALIFORNIA, CA US","32.8336","-116.7392","622.1","2022-07-30","78","90","70"
"USR0000CALP","ALPINE CALIFORNIA, CA US","32.8336","-116.7392","622.1","2022-07-31","77","88","68"
"USR0000CALP","ALPINE CALIFORNIA, CA US","32.8336","-116.7392","622.1","2022-08-01","77","90","68"
"USR0000CALP","ALPINE CALIFORNIA, CA US","32.8336","-116.7392","622.1","2022-08-02","77","89","67"
"USR0000CALP","ALPINE CALIFORNIA, CA US","32.8336","-116.7392","622.1","2022-08-03","77","90","69"
"USR0000CALP","ALPINE CALIFORNIA, CA US","32.8336","-116.7392","622.1","2022-08-04","76","87","68"
"USR0000CALP","ALPINE CALIFORNIA, CA US","32.8336","-116.7392","622.1","2022-08-05","78","90","67"
"USR0000CALP","ALPINE CALIFORNIA, CA US","32.8336","-116.7392","622.1","2022-08-06","82","95","69"
"USR0000CALP","ALPINE CALIFORNIA, CA US","32.8336","-116.7392","622.1","2022-08-07","83","96","75"
"USR0000CALP","ALPINE CALIFORNIA, CA US","32.8336","-116.7392","622.1","2022-08-08","80","91","69"
"USR0000CALP","ALPINE CALIFORNIA, CA US","32.8336","-116.7392","622.1","2022-08-09","79","92","69"
"USR0000CALP","ALPINE CALIFORNIA, CA US","32.8336","-116.7392","622.1","2022-08-10","80","93","69"
"USR0000CALP","ALPINE CALIFORNIA, CA US","32.8336","-116.7392","622.1","2022-08-11","81","94","71"
"USR0000CALP","ALPINE CALIFORNIA, CA US","32.8336","-116.7392","622.1","2022-08-12","83","95","73"
"USR0000CALP","ALPINE CALIFORNIA, CA US","32.8336","-116.7392","622.1","2022-08-13","84","96","75"
"USR0000CALP","ALPINE CALIFORNIA, CA US","32.8336","-116.7392","622.1","2022-08-14","82","94","73"
"USR0000CALP","ALPINE CALIFORNIA, CA US","32.8336","-116.7392","622.1","2022-08-15","82","94","72"
"USR0000CALP","ALPINE CALIFORNIA, CA US","32.8336","-116.7392","622.1","2022-08-16","82","95","72"
"USR0000CALP","ALPINE CALIFORNIA, CA US","32.8336","-116.7392","622.1","2022-08-17","82","93","72"
"USR0000CALP","ALPINE CALIFORNIA, CA US","32.8336","-116.7392","622.1","2022-08-18","80","92","71"
"USR0000CALP","ALPINE CALIFORNIA, CA US","32.8336","-116.7392","622.1","2022-08-19","80","92","70"
"USR0000CALP","ALPINE CALIFORNIA, CA US","32.8336","-116.7392","622.1","2022-08-20","77","88","66"
"USR0000CALP","ALPINE CALIFORNIA, CA US","32.8336","-116.7392","622.1","2022-08-21","74","87","66"
"USR0000CALP","ALPINE CALIFORNIA, CA US","32.8336","-116.7392","622.1","2022-08-22","79","91","69"
"USR0000CALP","ALPINE CALIFORNIA, CA US","32.8336","-116.7392","622.1","2022-08-23","83","98","73"
"USR0000CALP","ALPINE CALIFORNIA, CA US","32.8336","-116.7392","622.1","2022-08-24","81","92","73"
"USR0000CALP","ALPINE CALIFORNIA, CA US","32.8336","-116.7392","622.1","2022-08-25","79","89","70"
"USR0000CALP","ALPINE CALIFORNIA, CA US","32.8336","-116.7392","622.1","2022-08-26","78","91","69"
"USR0000CALP","ALPINE CALIFORNIA, CA US","32.8336","-116.7392","622.1","2022-08-27","75","87","63"
"USR0000CALP","ALPINE CALIFORNIA, CA US","32.8336","-116.7392","622.1","2022-08-28","71","84","59"
"USR0000CALP","ALPINE CALIFORNIA, CA US","32.8336","-116.7392","622.1","2022-08-29","75","89","61"
"USR0000CALP","ALPINE CALIFORNIA, CA US","32.8336","-116.7392","622.1","2022-08-30","84","96","72"
"USR0000CALP","ALPINE CALIFORNIA, CA US","32.8336","-116.7392","622.1","2022-08-31","89","102","77"
"USR0000CALP","ALPINE CALIFORNIA, CA US","32.8336","-116.7392","622.1","2022-09-01","89","102","80"
"USR0000CALP","ALPINE CALIFORNIA, CA US","32.8336","-116.7392","622.1","2022-09-02","87","100","76"
"USR0000CALP","ALPINE CALIFORNIA, CA US","32.8336","-116.7392","622.1","2022-09-03","88","99","79"
"USR0000CALP","ALPINE CALIFORNIA, CA US","32.8336","-116.7392","622.1","2022-09-04","85","97","73"
"USR0000CALP","ALPINE CALIFORNIA, CA US","32.8336","-116.7392","622.1","2022-09-05","89","101","78"
"USR0000CALP","ALPINE CALIFORNIA, CA US","32.8336","-116.7392","622.1","2022-09-06","88","103","78"
"USR0000CALP","ALPINE CALIFORNIA, CA US","32.8336","-116.7392","622.1","2022-09-07","88","100","77"
"USR0000CALP","ALPINE CALIFORNIA, CA US","32.8336","-116.7392","622.1","2022-09-08","84","93","77"
"USR0000CALP","ALPINE CALIFORNIA, CA US","32.8336","-116.7392","622.1","2022-09-09","73","79","69"
"USR0000CALP","ALPINE CALIFORNIA, CA US","32.8336","-116.7392","622.1","2022-09-10","71","75","67"
"USR0000CALP","ALPINE CALIFORNIA, CA US","32.8336","-116.7392","622.1","2022-09-11","69","80","63"
"USR0000CALP","ALPINE CALIFORNIA, CA US","32.8336","-116.7392","622.1","2022-09-12","69","79","64"
"USR0000CALP","ALPINE CALIFORNIA, CA US","32.8336","-116.7392","622.1","2022-09-13","68","77","60"
"USR0000CALP","ALPINE CALIFORNIA, CA US","32.8336","-116.7392","622.1","2022-09-14","65","76","57"
"USR0000CALP","ALPINE CALIFORNIA, CA US","32.8336","-116.7392","622.1","2022-09-15","64","79","53"
"USR0000CALP","ALPINE CALIFORNIA, CA US","32.8336","-116.7392","622.1","2022-09-16","66","80","56"
"USR0000CALP","ALPINE CALIFORNIA, CA US","32.8336","-116.7392","622.1","2022-09-17","64","78","53"
"USR0000CALP","ALPINE CALIFORNIA, CA US","32.8336","-116.7392","622.1","2022-09-18","61","77","49"
"USR0000CALP","ALPINE CALIFORNIA, CA US","32.8336","-116.7392","622.1","2022-09-19","66","82","54"
"USR0000CALP","ALPINE CALIFORNIA, CA US","32.8336","-116.7392","622.1","2022-09-20","68","84","54"
"USR0000CALP","ALPINE CALIFORNIA, CA US","32.8336","-116.7392","622.1","2022-09-21","67","82","57"
"USR0000CALP","ALPINE CALIFORNIA, CA US","32.8336","-116.7392","622.1","2022-09-22","74","88","60"
"USR0000CALP","ALPINE CALIFORNIA, CA US","32.8336","-116.7392","622.1","2022-09-23","77","90","68"
"USR0000CALP","ALPINE CALIFORNIA, CA US","32.8336","-116.7392","622.1","2022-09-24","78","92","68"
"USR0000CALP","ALPINE CALIFORNIA, CA US","32.8336","-116.7392","622.1","2022-09-25","80","93","70"
"USR0000CALP","ALPINE CALIFORNIA, CA US","32.8336","-116.7392","622.1","2022-09-26","82","94","73"
"USR0000CALP","ALPINE CALIFORNIA, CA US","32.8336","-116.7392","622.1","2022-09-27","83","96","72"
"USR0000CALP","ALPINE CALIFORNIA, CA US","32.8336","-116.7392","622.1","2022-09-28","83","95","73"
"USR0000CALP","ALPINE CALIFORNIA, CA US","32.8336","-116.7392","622.1","2022-09-29","76","91","66"
"USR0000CALP","ALPINE CALIFORNIA, CA US","32.8336","-116.7392","622.1","2022-09-30","71","83","61"
"USR0000CALP","ALPINE CALIFORNIA, CA US","32.8336","-116.7392","622.1","2022-10-01","65","79","54"
"USR0000CALP","ALPINE CALIFORNIA, CA US","32.8336","-116.7392","622.1","2022-10-02","65","80","53"
"USR0000CALP","ALPINE CALIFORNIA, CA US","32.8336","-116.7392","622.1","2022-10-03","71","83","57"
"USR0000CALP","ALPINE CALIFORNIA, CA US","32.8336","-116.7392","622.1","2022-10-04","75","86","68"
"USR0000CALP","ALPINE CALIFORNIA, CA US","32.8336","-116.7392","622.1","2022-10-05","76","87","68"
"USR0000CALP","ALPINE CALIFORNIA, CA US","32.8336","-116.7392","622.1","2022-10-06","74","85","63"
"USR0000CALP","ALPINE CALIFORNIA, CA US","32.8336","-116.7392","622.1","2022-10-07","72","84","63"
"USR0000CALP","ALPINE CALIFORNIA, CA US","32.8336","-116.7392","622.1","2022-10-08","72","84","65"
"USR0000CALP","ALPINE CALIFORNIA, CA US","32.8336","-116.7392","622.1","2022-10-09","72","83","65"
"USR0000CALP","ALPINE CALIFORNIA, CA US","32.8336","-116.7392","622.1","2022-10-10","69","81","61"
"USR0000CALP","ALPINE CALIFORNIA, CA US","32.8336","-116.7392","622.1","2022-10-11","65","77","57"
"USR0000CALP","ALPINE CALIFORNIA, CA US","32.8336","-116.7392","622.1","2022-10-12","65","80","55"
"USR0000CALP","ALPINE CALIFORNIA, CA US","32.8336","-116.7392","622.1","2022-10-13","66","79","54"
"USR0000CALP","ALPINE CALIFORNIA, CA US","32.8336","-116.7392","622.1","2022-10-14","61","73","52"
"USR0000CALP","ALPINE CALIFORNIA, CA US","32.8336","-116.7392","622.1","2022-10-15","54","56","53"
"USR0000CALP","ALPINE CALIFORNIA, CA US","32.8336","-116.7392","622.1","2022-10-16","58","65","54"
"USR0000CALP","ALPINE CALIFORNIA, CA US","32.8336","-116.7392","622.1","2022-10-17","68","78","58"
"USR0000CALP","ALPINE CALIFORNIA, CA US","32.8336","-116.7392","622.1","2022-10-18","71","80","60"
"USR0000CALP","ALPINE CALIFORNIA, CA US","32.8336","-116.7392","622.1","2022-10-19","74","82","68"
"USR0000CALP","ALPINE CALIFORNIA, CA US","32.8336","-116.7392","622.1","2022-10-20","71","86","61"
"USR0000CALP","ALPINE CALIFORNIA, CA US","32.8336","-116.7392","622.1","2022-10-21","66","79","54"
"USR0000CALP","ALPINE CALIFORNIA, CA US","32.8336","-116.7392","622.1","2022-10-22","57","66","52"
"USR0000CALP","ALPINE CALIFORNIA, CA US","32.8336","-116.7392","622.1","2022-10-23","53","62","47"
"USR0000CALP","ALPINE CALIFORNIA, CA US","32.8336","-116.7392","622.1","2022-10-24","58","71","48"
"USR0000CALP","ALPINE CALIFORNIA, CA US","32.8336","-116.7392","622.1","2022-10-25","60","74","50"
"USR0000CALP","ALPINE CALIFORNIA, CA US","32.8336","-116.7392","622.1","2022-10-26","58","71","46"
"USR0000CALP","ALPINE CALIFORNIA, CA US","32.8336","-116.7392","622.1","2022-10-27","60","73","45"
"USR0000CALP","ALPINE CALIFORNIA, CA US","32.8336","-116.7392","622.1","2022-10-28","63","75","54"
"USR0000CALP","ALPINE CALIFORNIA, CA US","32.8336","-116.7392","622.1","2022-10-29","62","77","52"
"USR0000CALP","ALPINE CALIFORNIA, CA US","32.8336","-116.7392","622.1","2022-10-30","65","80","55"
"USR0000CALP","ALPINE CALIFORNIA, CA US","32.8336","-116.7392","622.1","2022-10-31","66","81","55"
"USR0000CALP","ALPINE CALIFORNIA, CA US","32.8336","-116.7392","622.1","2022-11-01","58","70","48"
"USR0000CALP","ALPINE CALIFORNIA, CA US","32.8336","-116.7392","622.1","2022-11-02","50","58","46"
"USR0000CALP","ALPINE CALIFORNIA, CA US","32.8336","-116.7392","622.1","2022-11-03","45","53","39"
"USR0000CALP","ALPINE CALIFORNIA, CA US","32.8336","-116.7392","622.1","2022-11-04","50","63","39"
"USR0000CALP","ALPINE CALIFORNIA, CA US","32.8336","-116.7392","622.1","2022-11-05","57","70","47"
"USR0000CALP","ALPINE CALIFORNIA, CA US","32.8336","-116.7392","622.1","2022-11-06","58","69","48"
"USR0000CALP","ALPINE CALIFORNIA, CA US","32.8336","-116.7392","622.1","2022-11-07","53","61","46"
"USR0000CALP","ALPINE CALIFORNIA, CA US","32.8336","-116.7392","622.1","2022-11-08","52","55","46"
"USR0000CALP","ALPINE CALIFORNIA, CA US","32.8336","-116.7392","622.1","2022-11-09","46","54","40"
"USR0000CALP","ALPINE CALIFORNIA, CA US","32.8336","-116.7392","622.1","2022-11-10","51","62","39"
"USR0000CALP","ALPINE CALIFORNIA, CA US","32.8336","-116.7392","622.1","2022-11-11","54","67","45"
"USR0000CALP","ALPINE CALIFORNIA, CA US","32.8336","-116.7392","622.1","2022-11-12","51","65","43"
"USR0000CALP","ALPINE CALIFORNIA, CA US","32.8336","-116.7392","622.1","2022-11-13","46","54","40"
"USR0000CALP","ALPINE CALIFORNIA, CA US","32.8336","-116.7392","622.1","2022-11-14","53","65","40"
"USR0000CALP","ALPINE CALIFORNIA, CA US","32.8336","-116.7392","622.1","2022-11-15","56","68","47"
"USR0000CALP","ALPINE CALIFORNIA, CA US","32.8336","-116.7392","622.1","2022-11-16","56","61","51"
"USR0000CALP","ALPINE CALIFORNIA, CA US","32.8336","-116.7392","622.1","2022-11-17","58","69","46"
"USR0000CALP","ALPINE CALIFORNIA, CA US","32.8336","-116.7392","622.1","2022-11-18","56","67","46"
"USR0000CALP","ALPINE CALIFORNIA, CA US","32.8336","-116.7392","622.1","2022-11-19","58","63","53"
"USR0000CALP","ALPINE CALIFORNIA, CA US","32.8336","-116.7392","622.1","2022-11-20","60","67","51"
"USR0000CALP","ALPINE CALIFORNIA, CA US","32.8336","-116.7392","622.1","2022-11-21","58","71","49"
"USR0000CALP","ALPINE CALIFORNIA, CA US","32.8336","-116.7392","622.1","2022-11-22","56","70","47"
"USR0000CALP","ALPINE CALIFORNIA, CA US","32.8336","-116.7392","622.1","2022-11-23","57","71","46"
"USR0000CALP","ALPINE CALIFORNIA, CA US","32.8336","-116.7392","622.1","2022-11-24","60","64","56"
"USR0000CALP","ALPINE CALIFORNIA, CA US","32.8336","-116.7392","622.1","2022-11-25","58","70","47"
"USR0000CALP","ALPINE CALIFORNIA, CA US","32.8336","-116.7392","622.1","2022-11-26","55","68","47"
"USR0000CALP","ALPINE CALIFORNIA, CA US","32.8336","-116.7392","622.1","2022-11-27","58","72","48"
"USR0000CALP","ALPINE CALIFORNIA, CA US","32.8336","-116.7392","622.1","2022-11-28","48","54","44"
"USR0000CALP","ALPINE CALIFORNIA, CA US","32.8336","-116.7392","622.1","2022-11-29","49","59","44"
"USR0000CALP","ALPINE CALIFORNIA, CA US","32.8336","-116.7392","622.1","2022-11-30","47","58","41"
"USR0000CALP","ALPINE CALIFORNIA, CA US","32.8336","-116.7392","622.1","2022-12-01","45","50","42"
"USR0000CALP","ALPINE CALIFORNIA, CA US","32.8336","-116.7392","622.1","2022-12-02","52","62","43"
"USR0000CALP","ALPINE CALIFORNIA, CA US","32.8336","-116.7392","622.1","2022-12-03","57","66","51"
"USR0000CALP","ALPINE CALIFORNIA, CA US","32.8336","-116.7392","622.1","2022-12-04","55","66","48"
"USR0000CALP","ALPINE CALIFORNIA, CA US","32.8336","-116.7392","622.1","2022-12-05","49","54","40"
"USR0000CALP","ALPINE CALIFORNIA, CA US","32.8336","-116.7392","622.1","2022-12-06","46","55","39"
"USR0000CALP","ALPINE CALIFORNIA, CA US","32.8336","-116.7392","622.1","2022-12-07","45","55","37"
"USR0000CALP","ALPINE CALIFORNIA, CA US","32.8336","-116.7392","622.1","2022-12-08","45","58","36"
"USR0000CALP","ALPINE CALIFORNIA, CA US","32.8336","-116.7392","622.1","2022-12-09","46","58","37"
"USR0000CALP","ALPINE CALIFORNIA, CA US","32.8336","-116.7392","622.1","2022-12-10","48","59","39"
"USR0000CALP","ALPINE CALIFORNIA, CA US","32.8336","-116.7392","622.1","2022-12-11","43","49","38"
"USR0000CALP","ALPINE CALIFORNIA, CA US","32.8336","-116.7392","622.1","2022-12-12","38","41","33"
"USR0000CALP","ALPINE CALIFORNIA, CA US","32.8336","-116.7392","622.1","2022-12-13","40","50","35"
"USR0000CALP","ALPINE CALIFORNIA, CA US","32.8336","-116.7392","622.1","2022-12-14","44","57","35"
"USR0000CALP","ALPINE CALIFORNIA, CA US","32.8336","-116.7392","622.1","2022-12-15","50","58","41"
"USR0000CALP","ALPINE CALIFORNIA, CA US","32.8336","-116.7392","622.1","2022-12-16","53","58","49"
"USR0000CALP","ALPINE CALIFORNIA, CA US","32.8336","-116.7392","622.1","2022-12-17","51","63","44"
"USR0000CALP","ALPINE CALIFORNIA, CA US","32.8336","-116.7392","622.1","2022-12-18","48","59","39"
"USR0000CALP","ALPINE CALIFORNIA, CA US","32.8336","-116.7392","622.1","2022-12-19","49","62","38"
"USR0000CALP","ALPINE CALIFORNIA, CA US","32.8336","-116.7392","622.1","2022-12-20","51","65","43"
"USR0000CALP","ALPINE CALIFORNIA, CA US","32.8336","-116.7392","622.1","2022-12-21","58","69","48"
"USR0000CALP","ALPINE CALIFORNIA, CA US","32.8336","-116.7392","622.1","2022-12-22","56","69","47"
"USR0000CALP","ALPINE CALIFORNIA, CA US","32.8336","-116.7392","622.1","2022-12-23","57","69","49"
"USR0000CALP","ALPINE CALIFORNIA, CA US","32.8336","-116.7392","622.1","2022-12-24","67","76","58"
"USR0000CALP","ALPINE CALIFORNIA, CA US","32.8336","-116.7392","622.1","2022-12-25","69","78","61"
"USR0000CALP","ALPINE CALIFORNIA, CA US","32.8336","-116.7392","622.1","2022-12-26","68","80","55"
"USR0000CALP","ALPINE CALIFORNIA, CA US","32.8336","-116.7392","622.1","2022-12-27","56","67","47"
"USR0000CALP","ALPINE CALIFORNIA, CA US","32.8336","-116.7392","622.1","2022-12-28","49","53","43"
"USR0000CALP","ALPINE CALIFORNIA, CA US","32.8336","-116.7392","622.1","2022-12-29","47","53","44"
"USR0000CALP","ALPINE CALIFORNIA, CA US","32.8336","-116.7392","622.1","2022-12-30","49","54","46"
"USR0000CALP","ALPINE CALIFORNIA, CA US","32.8336","-116.7392","622.1","2022-12-31","51","56","48"
"USR0000CALP","ALPINE CALIFORNIA, CA US","32.8336","-116.7392","622.1","2023-01-01","44","50","42"
"USR0000CALP","ALPINE CALIFORNIA, CA US","32.8336","-116.7392","622.1","2023-01-02","43","48","41"
"USR0000CALP","ALPINE CALIFORNIA, CA US","32.8336","-116.7392","622.1","2023-01-03","47","50","42"
"USR0000CALP","ALPINE CALIFORNIA, CA US","32.8336","-116.7392","622.1","2023-01-04","54","63","50"
"USR0000CALP","ALPINE CALIFORNIA, CA US","32.8336","-116.7392","622.1","2023-01-05","48","50","45"
"USR0000CALP","ALPINE CALIFORNIA, CA US","32.8336","-116.7392","622.1","2023-01-06","51","62","39"
"USR0000CALP","ALPINE CALIFORNIA, CA US","32.8336","-116.7392","622.1","2023-01-07","54","68","43"
"USR0000CALP","ALPINE CALIFORNIA, CA US","32.8336","-116.7392","622.1","2023-01-08","52","65","44"
"USR0000CALP","ALPINE CALIFORNIA, CA US","32.8336","-116.7392","622.1","2023-01-09","53","62","46"
"USR0000CALP","ALPINE CALIFORNIA, CA US","32.8336","-116.7392","622.1","2023-01-10","48","52","44"
"USR0000CALP","ALPINE CALIFORNIA, CA US","32.8336","-116.7392","622.1","2023-01-11","47","54","39"
"USR0000CALP","ALPINE CALIFORNIA, CA US","32.8336","-116.7392","622.1","2023-01-12","59","69","52"
"USR0000CALP","ALPINE CALIFORNIA, CA US","32.8336","-116.7392","622.1","2023-01-13","55","69","46"
"USR0000CALP","ALPINE CALIFORNIA, CA US","32.8336","-116.7392","622.1","2023-01-14","49","56","46"
"USR0000CALP","ALPINE CALIFORNIA, CA US","32.8336","-116.7392","622.1","2023-01-15","46","50","44"
"USR0000CALP","ALPINE CALIFORNIA, CA US","32.8336","-116.7392","622.1","2023-01-16","45","49","40"
"USR0000CALP","ALPINE CALIFORNIA, CA US","32.8336","-116.7392","622.1","2023-01-17","40","43","38"
"USR0000CALP","ALPINE CALIFORNIA, CA US","32.8336","-116.7392","622.1","2023-01-18","42","54","33"
"USR0000CALP","ALPINE CALIFORNIA, CA US","32.8336","-116.7392","622.1","2023-01-19","43","53","35"
"USR0000CALP","ALPINE CALIFORNIA, CA US","32.8336","-116.7392","622.1","2023-01-20","45","54","34"
"USR0000CALP","ALPINE CALIFORNIA, CA US","32.8336","-116.7392","622.1","2023-01-21","48","59","40"
"USR0000CALP","ALPINE CALIFORNIA, CA US","32.8336","-116.7392","622.1","2023-01-22","45","56","38"
"USR0000CALP","ALPINE CALIFORNIA, CA US","32.8336","-116.7392","622.1","2023-01-23","44","55","38"
"USR0000CALP","ALPINE CALIFORNIA, CA US","32.8336","-116.7392","622.1","2023-01-24","50","60","39"
"USR0000CALP","ALPINE CALIFORNIA, CA US","32.8336","-116.7392","622.1","2023-01-25","53","64","43"
"USR0000CALP","ALPINE CALIFORNIA, CA US","32.8336","-116.7392","622.1","2023-01-26","51","54","47"
"USR0000CALP","ALPINE CALIFORNIA, CA US","32.8336","-116.7392","622.1","2023-01-27","53","67","44"
"USR0000CALP","ALPINE CALIFORNIA, CA US","32.8336","-116.7392","622.1","2023-01-28","48","59","40"
"USR0000CALP","ALPINE CALIFORNIA, CA US","32.8336","-116.7392","622.1","2023-01-29","42","45","40"
"USR0000CALP","ALPINE CALIFORNIA, CA US","32.8336","-116.7392","622.1","2023-01-30","43","51","39"
"USR0000CALP","ALPINE CALIFORNIA, CA US","32.8336","-116.7392","622.1","2023-01-31","46","53","38"
"USR0000CALP","ALPINE CALIFORNIA, CA US","32.8336","-116.7392","622.1","2023-02-01","49","59","40"
"USR0000CALP","ALPINE CALIFORNIA, CA US","32.8336","-116.7392","622.1","2023-02-02","55","66","43"
"USR0000CALP","ALPINE CALIFORNIA, CA US","32.8336","-116.7392","622.1","2023-02-03","54","65","45"
"USR0000CALP","ALPINE CALIFORNIA, CA US","32.8336","-116.7392","622.1","2023-02-04","55","70","45"
"USR0000CALP","ALPINE CALIFORNIA, CA US","32.8336","-116.7392","622.1","2023-02-05","48","58","40"
"USR0000CALP","ALPINE CALIFORNIA, CA US","32.8336","-116.7392","622.1","2023-02-06","49","58","39"
"USR0000CALP","ALPINE CALIFORNIA, CA US","32.8336","-116.7392","622.1","2023-02-07","54","65","46"
"USR0000CALP","ALPINE CALIFORNIA, CA US","32.8336","-116.7392","622.1","2023-02-08","58","67","52"
"USR0000CALP","ALPINE CALIFORNIA, CA US","32.8336","-116.7392","622.1","2023-02-09","60","68","54"
"USR0000CALP","ALPINE CALIFORNIA, CA US","32.8336","-116.7392","622.1","2023-02-10","59","69","51"
"USR0000CALP","ALPINE CALIFORNIA, CA US","32.8336","-116.7392","622.1","2023-02-11","48","57","35"
"USR0000CALP","ALPINE CALIFORNIA, CA US","32.8336","-116.7392","622.1","2023-02-12","40","49","32"
"USR0000CALP","ALPINE CALIFORNIA, CA US","32.8336","-116.7392","622.1","2023-02-13","43","53","37"
"USR0000CALP","ALPINE CALIFORNIA, CA US","32.8336","-116.7392","622.1","2023-02-14","41","43","38"
"USR0000CALP","ALPINE CALIFORNIA, CA US","32.8336","-116.7392","622.1","2023-02-15","40","52","31"
"USR0000CALP","ALPINE CALIFORNIA, CA US","32.8336","-116.7392","622.1","2023-02-16","44","51","33"
"USR0000CALP","ALPINE CALIFORNIA, CA US","32.8336","-116.7392","622.1","2023-02-17","49","59","44"
"USR0000CALP","ALPINE CALIFORNIA, CA US","32.8336","-116.7392","622.1","2023-02-18","50","63","41"
"USR0000CALP","ALPINE CALIFORNIA, CA US","32.8336","-116.7392","622.1","2023-02-19","48","61","39"
"USR0000CALP","ALPINE CALIFORNIA, CA US","32.8336","-116.7392","622.1","2023-02-20","54","67","46"
"USR0000CALP","ALPINE CALIFORNIA, CA US","32.8336","-116.7392","622.1","2023-02-21","50","61","39"
"USR0000CALP","ALPINE CALIFORNIA, CA US","32.8336","-116.7392","622.1","2023-02-22","37","42","34"
"USR0000CALP","ALPINE CALIFORNIA, CA US","32.8336","-116.7392","622.1","2023-02-23","37","41","33"
"USR0000CALP","ALPINE CALIFORNIA, CA US","32.8336","-116.7392","622.1","2023-02-24","44","51","35"
"USR0000CALP","ALPINE CALIFORNIA, CA US","32.8336","-116.7392","622.1","2023-02-25","39","45","34"
"USR0000CALP","ALPINE CALIFORNIA, CA US","32.8336","-116.7392","622.1","2023-02-26","38","45","33"
"USR0000CALP","ALPINE CALIFORNIA, CA US","32.8336","-116.7392","622.1","2023-02-27","41","51","32"
"USR0000CALP","ALPINE CALIFORNIA, CA US","32.8336","-116.7392","622.1","2023-02-28","42","49","39"
"USR0000CALP","ALPINE CALIFORNIA, CA US","32.8336","-116.7392","622.1","2023-03-01","38","42","34"
"USR0000CALP","ALPINE CALIFORNIA, CA US","32.8336","-116.7392","622.1","2023-03-02","42","55","30"
"USR0000CALP","ALPINE CALIFORNIA, CA US","32.8336","-116.7392","622.1","2023-03-03","45","58","35"
"USR0000CALP","ALPINE CALIFORNIA, CA US","32.8336","-116.7392","622.1","2023-03-04","44","52","37"
"USR0000CALP","ALPINE CALIFORNIA, CA US","32.8336","-116.7392","622.1","2023-03-05","43","51","39"
"USR0000CALP","ALPINE CALIFORNIA, CA US","32.8336","-116.7392","622.1","2023-03-06","44","52","38"
"USR0000CALP","ALPINE CALIFORNIA, CA US","32.8336","-116.7392","622.1","2023-03-07","45","57","37"
"USR0000CALP","ALPINE CALIFORNIA, CA US","32.8336","-116.7392","622.1","2023-03-08","44","56","33"
"USR0000CALP","ALPINE CALIFORNIA, CA US","32.8336","-116.7392","622.1","2023-03-09","54","68","40"
"USR0000CALP","ALPINE CALIFORNIA, CA US","32.8336","-116.7392","622.1","2023-03-10","52","59","47"
"USR0000CALP","ALPINE CALIFORNIA, CA US","32.8336","-116.7392","622.1","2023-03-11","54","58","51"
"USR0000CALP","ALPINE CALIFORNIA, CA US","32.8336","-116.7392","622.1","2023-03-12","54","63","47"
"USR0000CALP","ALPINE CALIFORNIA, CA US","32.8336","-116.7392","622.1","2023-03-13","54","66","46"
"USR0000CALP","ALPINE CALIFORNIA, CA US","32.8336","-116.7392","622.1","2023-03-14","54","64","49"
"USR0000CALP","ALPINE CALIFORNIA, CA US","32.8336","-116.7392","622.1","2023-03-15","50","54","45"
"USR0000CALP","ALPINE CALIFORNIA, CA US","32.8336","-116.7392","622.1","2023-03-16","47","58","39"
"USR0000CALP","ALPINE CALIFORNIA, CA US","32.8336","-116.7392","622.1","2023-03-17","54","65","38"
"USR0000CALP","ALPINE CALIFORNIA, CA US","32.8336","-116.7392","622.1","2023-03-18","58","69","52"
"USR0000CALP","ALPINE CALIFORNIA, CA US","32.8336","-116.7392","622.1","2023-03-19","54","64","47"
"USR0000CALP","ALPINE CALIFORNIA, CA US","32.8336","-116.7392","622.1","2023-03-20","49","53","45"
"USR0000CALP","ALPINE CALIFORNIA, CA US","32.8336","-116.7392","622.1","2023-03-21","45","51","42"
"USR0000CALP","ALPINE CALIFORNIA, CA US","32.8336","-116.7392","622.1","2023-03-22","44","52","40"
"USR0000CALP","ALPINE CALIFORNIA, CA US","32.8336","-116.7392","622.1","2023-03-23","42","47","40"
"USR0000CALP","ALPINE CALIFORNIA, CA US","32.8336","-116.7392","622.1","2023-03-24","45","55","40"
"USR0000CALP","ALPINE CALIFORNIA, CA US","32.8336","-116.7392","622.1","2023-03-25","45","56","37"
"USR0000CALP","ALPINE CALIFORNIA, CA US","32.8336","-116.7392","622.1","2023-03-26","46","58","36"
"USR0000CALP","ALPINE CALIFORNIA, CA US","32.8336","-116.7392","622.1","2023-03-27","53","62","40"
"USR0000CALP","ALPINE CALIFORNIA, CA US","32.8336","-116.7392","622.1","2023-03-28","53","65","44"
"USR0000CALP","ALPINE CALIFORNIA, CA US","32.8336","-116.7392","622.1","2023-03-29","44","51","38"
"USR0000CALP","ALPINE CALIFORNIA, CA US","32.8336","-116.7392","622.1","2023-03-30","40","44","37"
"USR0000CALP","ALPINE CALIFORNIA, CA US","32.8336","-116.7392","622.1","2023-03-31","48","61","34"
"USR0000CALP","ALPINE CALIFORNIA, CA US","32.8336","-116.7392","622.1","2023-04-01","52","64","41"
"USR0000CALP","ALPINE CALIFORNIA, CA US","32.8336","-116.7392","622.1","2023-04-02","53","66","42"
"USR0000CALP","ALPINE CALIFORNIA, CA US","32.8336","-116.7392","622.1","2023-04-03","44","50","38"
"USR0000CALP","ALPINE CALIFORNIA, CA US","32.8336","-116.7392","622.1","2023-04-04","42","53","30"
"USR0000CALP","ALPINE CALIFORNIA, CA US","32.8336","-116.7392","622.1","2023-04-05","51","63","38"
"USR0000CALP","ALPINE CALIFORNIA, CA US","32.8336","-116.7392","622.1","2023-04-06","56","68","45"
"USR0000CALP","ALPINE CALIFORNIA, CA US","32.8336","-116.7392","622.1","2023-04-07","55","67","44"
"USR0000CALP","ALPINE CALIFORNIA, CA US","32.8336","-116.7392","622.1","2023-04-08","57","70","45"
"USR0000CALP","ALPINE CALIFORNIA, CA US","32.8336","-116.7392","622.1","2023-04-09","64","76","50"
"USR0000CALP","ALPINE CALIFORNIA, CA US","32.8336","-116.7392","622.1","2023-04-10","68","81","57"
"USR0000CALP","ALPINE CALIFORNIA, CA US","32.8336","-116.7392","622.1","2023-04-11","64","77","53"
"USR0000CALP","ALPINE CALIFORNIA, CA US","32.8336","-116.7392","622.1","2023-04-12","56","68","46"
"USR0000CALP","ALPINE CALIFORNIA, CA US","32.8336","-116.7392","622.1","2023-04-13","45","50","41"
"USR0000CALP","ALPINE CALIFORNIA, CA US","32.8336","-116.7392","622.1","2023-04-14","47","57","41"
"USR0000CALP","ALPINE CALIFORNIA, CA US","32.8336","-116.7392","622.1","2023-04-15","55","69","40"
"USR0000CALP","ALPINE CALIFORNIA, CA US","32.8336","-116.7392","622.1","2023-04-16","58","70","47"
"USR0000CALP","ALPINE CALIFORNIA, CA US","32.8336","-116.7392","622.1","2023-04-17","53","65","42"
"USR0000CALP","ALPINE CALIFORNIA, CA US","32.8336","-116.7392","622.1","2023-04-18","51","63","43"
"USR0000CALP","ALPINE CALIFORNIA, CA US","32.8336","-116.7392","622.1","2023-04-19","51","64","41"
"USR0000CALP","ALPINE CALIFORNIA, CA US","32.8336","-116.7392","622.1","2023-04-20","63","78","48"
"USR0000CALP","ALPINE CALIFORNIA, CA US","32.8336","-116.7392","622.1","2023-04-21","70","84","56"
"USR0000CALP","ALPINE CALIFORNIA, CA US","32.8336","-116.7392","622.1","2023-04-22","68","83","57"
"USR0000CALP","ALPINE CALIFORNIA, CA US","32.8336","-116.7392","622.1","2023-04-23","63","76","55"
"USR0000CALP","ALPINE CALIFORNIA, CA US","32.8336","-116.7392","622.1","2023-04-24","59","69","48"
"USR0000CALP","ALPINE CALIFORNIA, CA US","32.8336","-116.7392","622.1","2023-04-25","57","68","43"
"USR0000CALP","ALPINE CALIFORNIA, CA US","32.8336","-116.7392","622.1","2023-04-26","70","82","53"
"USR0000CALP","ALPINE CALIFORNIA, CA US","32.8336","-116.7392","622.1","2023-04-27","69","81","57"
"USR0000CALP","ALPINE CALIFORNIA, CA US","32.8336","-116.7392","622.1","2023-04-28","68","80","59"
"USR0000CALP","ALPINE CALIFORNIA, CA US","32.8336","-116.7392","622.1","2023-04-29","73","90","61"
"USR0000CALP","ALPINE CALIFORNIA, CA US","32.8336","-116.7392","622.1","2023-04-30","64","78","47"
"USR0000CALP","ALPINE CALIFORNIA, CA US","32.8336","-116.7392","622.1","2023-05-01","49","55","44"
"USR0000CALP","ALPINE CALIFORNIA, CA US","32.8336","-116.7392","622.1","2023-05-02","49","59","42"
"USR0000CALP","ALPINE CALIFORNIA, CA US","32.8336","-116.7392","622.1","2023-05-03","48","58","41"
"USR0000CALP","ALPINE CALIFORNIA, CA US","32.8336","-116.7392","622.1","2023-05-04","47","54","42"
"USR0000CALP","ALPINE CALIFORNIA, CA US","32.8336","-116.7392","622.1","2023-05-05","48","55","41"
"USR0000CALP","ALPINE CALIFORNIA, CA US","32.8336","-116.7392","622.1","2023-05-06","51","65","39"
"USR0000CALP","ALPINE CALIFORNIA, CA US","32.8336","-116.7392","622.1","2023-05-07","53","66","43"
"USR0000CALP","ALPINE CALIFORNIA, CA US","32.8336","-116.7392","622.1","2023-05-08","56","69","46"
"USR0000CALP","ALPINE CALIFORNIA, CA US","32.8336","-116.7392","622.1","2023-05-09","53","65","42"
"USR0000CALP","ALPINE CALIFORNIA, CA US","32.8336","-116.7392","622.1","2023-05-10","49","58","43"
"USR0000CALP","ALPINE CALIFORNIA, CA US","32.8336","-116.7392","622.1","2023-05-11","55","69","46"
"USR0000CALP","ALPINE CALIFORNIA, CA US","32.8336","-116.7392","622.1","2023-05-12","59","75","45"
"USR0000CALP","ALPINE CALIFORNIA, CA US","32.8336","-116.7392","622.1","2023-05-13","71","83","59"
"USR0000CALP","ALPINE CALIFORNIA, CA US","32.8336","-116.7392","622.1","2023-05-14","69","82","59"
"USR0000CALP","ALPINE CALIFORNIA, CA US","32.8336","-116.7392","622.1","2023-05-15","69","87","51"
"USR0000CALP","ALPINE CALIFORNIA, CA US","32.8336","-116.7392","622.1","2023-05-16","70","81","61"
"USR0000CALP","ALPINE CALIFORNIA, CA US","32.8336","-116.7392","622.1","2023-05-17","69","81","60"
"USR0000CALP","ALPINE CALIFORNIA, CA US","32.8336","-116.7392","622.1","2023-05-18","69","78","54"
"USR0000CALP","ALPINE CALIFORNIA, CA US","32.8336","-116.7392","622.1","2023-05-19","64","78","48"
"USR0000CALP","ALPINE CALIFORNIA, CA US","32.8336","-116.7392","622.1","2023-05-20","66","77","58"
"USR0000CALP","ALPINE CALIFORNIA, CA US","32.8336","-116.7392","622.1","2023-05-21","67","80","53"
"USR0000CALP","ALPINE CALIFORNIA, CA US","32.8336","-116.7392","622.1","2023-05-22","65","77","54"
"USR0000CALP","ALPINE CALIFORNIA, CA US","32.8336","-116.7392","622.1","2023-05-23","60","70","51"
"USR0000CALP","ALPINE CALIFORNIA, CA US","32.8336","-116.7392","622.1","2023-05-24","55","66","47"
"USR0000CALP","ALPINE CALIFORNIA, CA US","32.8336","-116.7392","622.1","2023-05-25","56","68","46"
"USR0000CALP","ALPINE CALIFORNIA, CA US","32.8336","-116.7392","622.1","2023-05-26","55","66","48"
"USR0000CALP","ALPINE CALIFORNIA, CA US","32.8336","-116.7392","622.1","2023-05-27","57","70","47"
"USR0000CALP","ALPINE CALIFORNIA, CA US","32.8336","-116.7392","622.1","2023-05-28","57","71","48"
"USR0000CALP","ALPINE CALIFORNIA, CA US","32.8336","-116.7392","622.1","2023-05-29","54","63","50"
"USR0000CALP","ALPINE CALIFORNIA, CA US","32.8336","-116.7392","622.1","2023-05-30","53","63","48"
"USR0000CALP","ALPINE CALIFORNIA, CA US","32.8336","-116.7392","622.1","2023-05-31","50","53","47"
"USR0000CALP","ALPINE CALIFORNIA, CA US","32.8336","-116.7392","622.1","2023-06-01","53","64","49"
"USR0000CALP","ALPINE CALIFORNIA, CA US","32.8336","-116.7392","622.1","2023-06-02","59","72","50"
"USR0000CALP","ALPINE CALIFORNIA, CA US","32.8336","-116.7392","622.1","2023-06-03","61","76","49"
"USR0000CALP","ALPINE CALIFORNIA, CA US","32.8336","-116.7392","622.1","2023-06-04","62","76","49"
"USR0000CALP","ALPINE CALIFORNIA, CA US","32.8336","-116.7392","622.1","2023-06-05","55","66","46"
"USR0000CALP","ALPINE CALIFORNIA, CA US","32.8336","-116.7392","622.1","2023-06-06","54","66","47"
"USR0000CALP","ALPINE CALIFORNIA, CA US","32.8336","-116.7392","622.1","2023-06-07","56","66","47"
"USR0000CALP","ALPINE CALIFORNIA, CA US","32.8336","-116.7392","622.1","2023-06-08","59","73","46"
"USR0000CALP","ALPINE CALIFORNIA, CA US","32.8336","-116.7392","622.1","2023-06-09","60","71","51"
"USR0000CALP","ALPINE CALIFORNIA, CA US","32.8336","-116.7392","622.1","2023-06-10","57","68","51"
"USR0000CALP","ALPINE CALIFORNIA, CA US","32.8336","-116.7392","622.1","2023-06-11","52","55","50"
"USR0000CALP","ALPINE CALIFORNIA, CA US","32.8336","-116.7392","622.1","2023-06-12","54","60","50"
"USR0000CALP","ALPINE CALIFORNIA, CA US","32.8336","-116.7392","622.1","2023-06-13","58","71","50"
"USR0000CALP","ALPINE CALIFORNIA, CA US","32.8336","-116.7392","622.1","2023-06-14","60","71","48"
"USR0000CALP","ALPINE CALIFORNIA, CA US","32.8336","-116.7392","622.1","2023-06-15","61","74","51"
"USR0000CALP","ALPINE CALIFORNIA, CA US","32.8336","-116.7392","622.1","2023-06-16","65","78","52"
"USR0000CALP","ALPINE CALIFORNIA, CA US","32.8336","-116.7392","622.1","2023-06-17","70","84","59"
"USR0000CALP","ALPINE CALIFORNIA, CA US","32.8336","-116.7392","622.1","2023-06-18","68","77","58"
"USR0000CALP","ALPINE CALIFORNIA, CA US","32.8336","-116.7392","622.1","2023-06-19","64","74","56"
"USR0000CALP","ALPINE CALIFORNIA, CA US","32.8336","-116.7392","622.1","2023-06-20","65","77","54"
"USR0000CALP","ALPINE CALIFORNIA, CA US","32.8336","-116.7392","622.1","2023-06-21","65","78","53"
"USR0000CALP","ALPINE CALIFORNIA, CA US","32.8336","-116.7392","622.1","2023-06-22","59","72","46"
"USR0000CALP","ALPINE CALIFORNIA, CA US","32.8336","-116.7392","622.1","2023-06-23","58","75","42"
"USR0000CALP","ALPINE CALIFORNIA, CA US","32.8336","-116.7392","622.1","2023-06-24","62","78","50"
"USR0000CALP","ALPINE CALIFORNIA, CA US","32.8336","-116.7392","622.1","2023-06-25","64","80","49"
"USR0000CALP","ALPINE CALIFORNIA, CA US","32.8336","-116.7392","622.1","2023-06-26","66","80","54"
"USR0000CALP","ALPINE CALIFORNIA, CA US","32.8336","-116.7392","622.1","2023-06-27","67","82","52"
"USR0000CALP","ALPINE CALIFORNIA, CA US","32.8336","-116.7392","622.1","2023-06-28","64","76","53"
"USR0000CALP","ALPINE CALIFORNIA, CA US","32.8336","-116.7392","622.1","2023-06-29","68","82","53"
"USR0000CALP","ALPINE CALIFORNIA, CA US","32.8336","-116.7392","622.1","2023-06-30","77","93","63"
"USR0000CALP","ALPINE CALIFORNIA, CA US","32.8336","-116.7392","622.1","2023-07-01","81","96","70"
"USR0000CALP","ALPINE CALIFORNIA, CA US","32.8336","-116.7392","622.1","2023-07-02","81","95","68"
"USR0000CALP","ALPINE CALIFORNIA, CA US","32.8336","-116.7392","622.1","2023-07-03","82","95","70"
"USR0000CALP","ALPINE CALIFORNIA, CA US","32.8336","-116.7392","622.1","2023-07-04","75","88","62"
"USR0000CALP","ALPINE CALIFORNIA, CA US","32.8336","-116.7392","622.1","2023-07-05","71","86","58"
"USR0000CALP","ALPINE CALIFORNIA, CA US","32.8336","-116.7392","622.1","2023-07-06","69","82","58"
"USR0000CALP","ALPINE CALIFORNIA, CA US","32.8336","-116.7392","622.1","2023-07-07","69","83","56"
"USR0000CALP","ALPINE CALIFORNIA, CA US","32.8336","-116.7392","622.1","2023-07-08","69","82","57"
"USR0000CALP","ALPINE CALIFORNIA, CA US","32.8336","-116.7392","622.1","2023-07-09","70","83","58"
"USR0000CALP","ALPINE CALIFORNIA, CA US","32.8336","-116.7392","622.1","2023-07-10","76","90","62"
"USR0000CALP","ALPINE CALIFORNIA, CA US","32.8336","-116.7392","622.1","2023-07-11","80","94","67"
"USR0000CALP","ALPINE CALIFORNIA, CA US","32.8336","-116.7392","622.1","2023-07-12","79","91","69"
"USR0000CALP","ALPINE CALIFORNIA, CA US","32.8336","-116.7392","622.1","2023-07-13","79","92","69"
"USR0000CALP","ALPINE CALIFORNIA, CA US","32.8336","-116.7392","622.1","2023-07-14","81","93","68"
"USR0000CALP","ALPINE CALIFORNIA, CA US","32.8336","-116.7392","622.1","2023-07-15","85","98","73"
"USR0000CALP","ALPINE CALIFORNIA, CA US","32.8336","-116.7392","622.1","2023-07-16","86","95","77"
"USR0000CALP","ALPINE CALIFORNIA, CA US","32.8336","-116.7392","622.1","2023-07-17","84","95","75"
"USR0000CALP","ALPINE CALIFORNIA, CA US","32.8336","-116.7392","622.1","2023-07-18","82","95","72"
"USR0000CALP","ALPINE CALIFORNIA, CA US","32.8336","-116.7392","622.1","2023-07-19","82","95","71"
"USR0000CALP","ALPINE CALIFORNIA, CA US","32.8336","-116.7392","622.1","2023-07-20","84","97","73"
"USR0000CALP","ALPINE CALIFORNIA, CA US","32.8336","-116.7392","622.1","2023-07-21","83","93","74"
"USR0000CALP","ALPINE CALIFORNIA, CA US","32.8336","-116.7392","622.1","2023-07-22","83","95","75"
"USR0000CALP","ALPINE CALIFORNIA, CA US","32.8336","-116.7392","622.1","2023-07-23","82","96","72"
"USR0000CALP","ALPINE CALIFORNIA, CA US","32.8336","-116.7392","622.1","2023-07-24","83","96","71"
"USR0000CALP","ALPINE CALIFORNIA, CA US","32.8336","-116.7392","622.1","2023-07-25","85","98","74"
"USR0000CALP","ALPINE CALIFORNIA, CA US","32.8336","-116.7392","622.1","2023-07-26","85","98","74"
"USR0000CALP","ALPINE CALIFORNIA, CA US","32.8336","-116.7392","622.1","2023-07-27","84","97","73"
"USR0000CALP","ALPINE CALIFORNIA, CA US","32.8336","-116.7392","622.1","2023-07-28","84","97","76"
"USR0000CALP","ALPINE CALIFORNIA, CA US","32.8336","-116.7392","622.1","2023-07-29","85","96","76"
"USR0000CALP","ALPINE CALIFORNIA, CA US","32.8336","-116.7392","622.1","2023-07-30","84","95","73"
"USR0000CALP","ALPINE CALIFORNIA, CA US","32.8336","-116.7392","622.1","2023-07-31","77","84","71"
"USR0000CALP","ALPINE CALIFORNIA, CA US","32.8336","-116.7392","622.1","2023-08-01","78","88","69"
"USR0000CALP","ALPINE CALIFORNIA, CA US","32.8336","-116.7392","622.1","2023-08-02","78","92","66"
"USR0000CALP","ALPINE CALIFORNIA, CA US","32.8336","-116.7392","622.1","2023-08-03","74","86","61"
"USR0000CALP","ALPINE CALIFORNIA, CA US","32.8336","-116.7392","622.1","2023-08-04","73","86","58"
"USR0000CALP","ALPINE CALIFORNIA, CA US","32.8336","-116.7392","622.1","2023-08-05","80","95","66"
"USR0000CALP","ALPINE CALIFORNIA, CA US","32.8336","-116.7392","622.1","2023-08-06","83","95","71"
"USR0000CALP","ALPINE CALIFORNIA, CA US","32.8336","-116.7392","622.1","2023-08-07","80","92","70"
"USR0000CALP","ALPINE CALIFORNIA, CA US","32.8336","-116.7392","622.1","2023-08-08","74","86","66"
"USR0000CALP","ALPINE CALIFORNIA, CA US","32.8336","-116.7392","622.1","2023-08-09","74","85","63"
"USR0000CALP","ALPINE CALIFORNIA, CA US","32.8336","-116.7392","622.1","2023-08-10","69","79","60"
"USR0000CALP","ALPINE CALIFORNIA, CA US","32.8336","-116.7392","622.1","2023-08-11","68","81","57"
"USR0000CALP","ALPINE CALIFORNIA, CA US","32.8336","-116.7392","622.1","2023-08-12","72","82","61"
"USR0000CALP","ALPINE CALIFORNIA, CA US","32.8336","-116.7392","622.1","2023-08-13","74","85","62"
"USR0000CALP","ALPINE CALIFORNIA, CA US","32.8336","-116.7392","622.1","2023-08-14","80","92","69"
"USR0000CALP","ALPINE CALIFORNIA, CA US","32.8336","-116.7392","622.1","2023-08-15","83","97","74"
"USR0000CALP","ALPINE CALIFORNIA, CA US","32.8336","-116.7392","622.1","2023-08-16","84","99","74"
"USR0000CALP","ALPINE CALIFORNIA, CA US","32.8336","-116.7392","622.1","2023-08-17","83","97","73"
"USR0000CALP","ALPINE CALIFORNIA, CA US","32.8336","-116.7392","622.1","2023-08-18","80","94","70"
"USR0000CALP","ALPINE CALIFORNIA, CA US","32.8336","-116.7392","622.1","2023-08-19","75","81","69"
"USR0000CALP","ALPINE CALIFORNIA, CA US","32.8336","-116.7392","622.1","2023-08-20","67","73","57"
"USR0000CALP","ALPINE CALIFORNIA, CA US","32.8336","-116.7392","622.1","2023-08-21","62","66","58"
"USR0000CALP","ALPINE CALIFORNIA, CA US","32.8336","-116.7392","622.1","2023-08-22","71","83","58"
"USR0000CALP","ALPINE CALIFORNIA, CA US","32.8336","-116.7392","622.1","2023-08-23","75","87","65"
"USR0000CALP","ALPINE CALIFORNIA, CA US","32.8336","-116.7392","622.1","2023-08-24","74","86","65"
"USR0000CALP","ALPINE CALIFORNIA, CA US","32.8336","-116.7392","622.1","2023-08-25","76","91","64"
"USR0000CALP","ALPINE CALIFORNIA, CA US","32.8336","-116.7392","622.1","2023-08-26","81","96","67"
"USR0000CALP","ALPINE CALIFORNIA, CA US","32.8336","-116.7392","622.1","2023-08-27","84","98","72"
"USR0000CALP","ALPINE CALIFORNIA, CA US","32.8336","-116.7392","622.1","2023-08-28","86","99","76"
"USR0000CALP","ALPINE CALIFORNIA, CA US","32.8336","-116.7392","622.1","2023-08-29","87","101","76"
"USR0000CALP","ALPINE CALIFORNIA, CA US","32.8336","-116.7392","622.1","2023-08-30","85","99","75"
"USR0000CALP","ALPINE CALIFORNIA, CA US","32.8336","-116.7392","622.1","2023-08-31","80","92","71"
"USR0000CALP","ALPINE CALIFORNIA, CA US","32.8336","-116.7392","622.1","2023-09-01","75","85","67"
"USR0000CALP","ALPINE CALIFORNIA, CA US","32.8336","-116.7392","622.1","2023-09-02","72","81","65"
"USR0000CALP","ALPINE CALIFORNIA, CA US","32.8336","-116.7392","622.1","2023-09-03","66","78","58"
"USR0000CALP","ALPINE CALIFORNIA, CA US","32.8336","-116.7392","622.1","2023-09-04","63","75","53"
"USR0000CALP","ALPINE CALIFORNIA, CA US","32.8336","-116.7392","622.1","2023-09-05","64","76","55"
"USR0000CALP","ALPINE CALIFORNIA, CA US","32.8336","-116.7392","622.1","2023-09-06","68","84","54"
"USR0000CALP","ALPINE CALIFORNIA, CA US","32.8336","-116.7392","622.1","2023-09-07","78","92","64"
"USR0000CALP","ALPINE CALIFORNIA, CA US","32.8336","-116.7392","622.1","2023-09-08","81","94","70"
"USR0000CALP","ALPINE CALIFORNIA, CA US","32.8336","-116.7392","622.1","2023-09-09","81","95","73"
"USR0000CALP","ALPINE CALIFORNIA, CA US","32.8336","-116.7392","622.1","2023-09-10","78","87","72"
"USR0000CALP","ALPINE CALIFORNIA, CA US","32.8336","-116.7392","622.1","2023-09-11","77","90","70"
"USR0000CALP","ALPINE CALIFORNIA, CA US","32.8336","-116.7392","622.1","2023-09-12","74","86","62"
"USR0000CALP","ALPINE CALIFORNIA, CA US","32.8336","-116.7392","622.1","2023-09-13","68","81","57"
"USR0000CALP","ALPINE CALIFORNIA, CA US","32.8336","-116.7392","622.1","2023-09-14","66","79","56"
"USR0000CALP","ALPINE CALIFORNIA, CA US","32.8336","-116.7392","622.1","2023-09-15","64","79","52"
"USR0000CALP","ALPINE CALIFORNIA, CA US","32.8336","-116.7392","622.1","2023-09-16","62","73","53"
"USR0000CALP","ALPINE CALIFORNIA, CA US","32.8336","-116.7392","622.1","2023-09-17","61","67","57"
"USR0000CALP","ALPINE CALIFORNIA, CA US","32.8336","-116.7392","622.1","2023-09-18","59","70","51"
"USR0000CALP","ALPINE CALIFORNIA, CA US","32.8336","-116.7392","622.1","2023-09-19","62","77","50"
"USR0000CALP","ALPINE CALIFORNIA, CA US","32.8336","-116.7392","622.1","2023-09-20","59","70","50"
"USR0000CALP","ALPINE CALIFORNIA, CA US","32.8336","-116.7392","622.1","2023-09-21","59","73","49"
"USR0000CALP","ALPINE CALIFORNIA, CA US","32.8336","-116.7392","622.1","2023-09-22","65","75","54"
"USR0000CALP","ALPINE CALIFORNIA, CA US","32.8336","-116.7392","622.1","2023-09-23","69","81","58"
"USR0000CALP","ALPINE CALIFORNIA, CA US","32.8336","-116.7392","622.1","2023-09-24","69","84","57"
"USR0000CALP","ALPINE CALIFORNIA, CA US","32.8336","-116.7392","622.1","2023-09-25","69","84","60"
"USR0000CALP","ALPINE CALIFORNIA, CA US","32.8336","-116.7392","622.1","2023-09-26","70","84","58"
"USR0000CALP","ALPINE CALIFORNIA, CA US","32.8336","-116.7392","622.1","2023-09-27","74","90","63"
"USR0000CALP","ALPINE CALIFORNIA, CA US","32.8336","-116.7392","622.1","2023-09-28","69","83","58"
"USR0000CALP","ALPINE CALIFORNIA, CA US","32.8336","-116.7392","622.1","2023-09-29","62","75","51"
"USR0000CALP","ALPINE CALIFORNIA, CA US","32.8336","-116.7392","622.1","2023-09-30","56","60","52"
"USR0000CALP","ALPINE CALIFORNIA, CA US","32.8336","-116.7392","622.1","2023-10-01","52","58","48"
"USR0000CALP","ALPINE CALIFORNIA, CA US","32.8336","-116.7392","622.1","2023-10-02","55","69","43"
"USR0000CALP","ALPINE CALIFORNIA, CA US","32.8336","-116.7392","622.1","2023-10-03","66","79","53"
"USR0000CALP","ALPINE CALIFORNIA, CA US","32.8336","-116.7392","622.1","2023-10-04","71","85","58"
"USR0000CALP","ALPINE CALIFORNIA, CA US","32.8336","-116.7392","622.1","2023-10-05","78","90","68"
"USR0000CALP","ALPINE CALIFORNIA, CA US","32.8336","-116.7392","622.1","2023-10-06","79","93","69"
"USR0000CALP","ALPINE CALIFORNIA, CA US","32.8336","-116.7392","622.1","2023-10-07","78","92","65"
"USR0000CALP","ALPINE CALIFORNIA, CA US","32.8336","-116.7392","622.1","2023-10-08","79","93","69"
"USR0000CALP","ALPINE CALIFORNIA, CA US","32.8336","-116.7392","622.1","2023-10-09","74","89","63"
"USR0000CALP","ALPINE CALIFORNIA, CA US","32.8336","-116.7392","622.1","2023-10-10","65","77","55"
"USR0000CALP","ALPINE CALIFORNIA, CA US","32.8336","-116.7392","622.1","2023-10-11","59","70","52"
"USR0000CALP","ALPINE CALIFORNIA, CA US","32.8336","-116.7392","622.1","2023-10-12","62","77","50"
"USR0000CALP","ALPINE CALIFORNIA, CA US","32.8336","-116.7392","622.1","2023-10-13","67","78","58"
"USR0000CALP","ALPINE CALIFORNIA, CA US","32.8336","-116.7392","622.1","2023-10-14","69","84","57"
"USR0000CALP","ALPINE CALIFORNIA, CA US","32.8336","-116.7392","622.1","2023-10-15","76","91","64"
"USR0000CALP","ALPINE CALIFORNIA, CA US","32.8336","-116.7392","622.1","2023-10-16","76","91","65"
"USR0000CALP","ALPINE CALIFORNIA, CA US","32.8336","-116.7392","622.1","2023-10-17","74","87","63"
"USR0000CALP","ALPINE CALIFORNIA, CA US","32.8336","-116.7392","622.1","2023-10-18","79","94","64"
"USR0000CALP","ALPINE CALIFORNIA, CA US","32.8336","-116.7392","622.1","2023-10-19","80","95","70"
"USR0000CALP","ALPINE CALIFORNIA, CA US","32.8336","-116.7392","622.1","2023-10-20","79","92","68"
"USR0000CALP","ALPINE CALIFORNIA, CA US","32.8336","-116.7392","622.1","2023-10-21","73","87","62"
"USR0000CALP","ALPINE CALIFORNIA, CA US","32.8336","-116.7392","622.1","2023-10-22","62","72","54"
"USR0000CALP","ALPINE CALIFORNIA, CA US","32.8336","-116.7392","622.1","2023-10-23","55","62","52"
"USR0000CALP","ALPINE CALIFORNIA, CA US","32.8336","-116.7392","622.1","2023-10-24","59","73","50"
"USR0000CALP","ALPINE CALIFORNIA, CA US","32.8336","-116.7392","622.1","2023-10-25","55","64","51"
"USR0000CALP","ALPINE CALIFORNIA, CA US","32.8336","-116.7392","622.1","2023-10-26","58","71","50"
"USR0000CALP","ALPINE CALIFORNIA, CA US","32.8336","-116.7392","622.1","2023-10-27","58","71","48"
"USR0000CALP","ALPINE CALIFORNIA, CA US","32.8336","-116.7392","622.1","2023-10-28","57","71","48"
"USR0000CALP","ALPINE CALIFORNIA, CA US","32.8336","-116.7392","622.1","2023-10-29","61","69","50"
"USR0000CALP","ALPINE CALIFORNIA, CA US","32.8336","-116.7392","622.1","2023-10-30","64","70","58"
"USR0000CALP","ALPINE CALIFORNIA, CA US","32.8336","-116.7392","622.1","2023-10-31","67","73","63"
"USR0000CALP","ALPINE CALIFORNIA, CA US","32.8336","-116.7392","622.1","2023-11-01","67","79","58"
"USR0000CALP","ALPINE CALIFORNIA, CA US","32.8336","-116.7392","622.1","2023-11-02","67","83","56"
"USR0000CALP","ALPINE CALIFORNIA, CA US","32.8336","-116.7392","622.1","2023-11-03","67","82","56"
"USR0000CALP","ALPINE CALIFORNIA, CA US","32.8336","-116.7392","622.1","2023-11-04","68","83","57"
"USR0000CALP","ALPINE CALIFORNIA, CA US","32.8336","-116.7392","622.1","2023-11-05","69","86","57"
"USR0000CALP","ALPINE CALIFORNIA, CA US","32.8336","-116.7392","622.1","2023-11-06","67","81","55"
"USR0000CALP","ALPINE CALIFORNIA, CA US","32.8336","-116.7392","622.1","2023-11-07","56","65","49"
"USR0000CALP","ALPINE CALIFORNIA, CA US","32.8336","-116.7392","622.1","2023-11-08","58","70","45"
"USR0000CALP","ALPINE CALIFORNIA, CA US","32.8336","-116.7392","622.1","2023-11-09","60","70","48"
"USR0000CALP","ALPINE CALIFORNIA, CA US","32.8336","-116.7392","622.1","2023-11-10","60","74","48"
"USR0000CALP","ALPINE CALIFORNIA, CA US","32.8336","-116.7392","622.1","2023-11-11","66","74","54"
"USR0000CALP","ALPINE CALIFORNIA, CA US","32.8336","-116.7392","622.1","2023-11-12","67","79","55"
"USR0000CALP","ALPINE CALIFORNIA, CA US","32.8336","-116.7392","622.1","2023-11-13","60","74","51"
"USR0000CALP","ALPINE CALIFORNIA, CA US","32.8336","-116.7392","622.1","2023-11-14","62","78","50"
"USR0000CALP","ALPINE CALIFORNIA, CA US","32.8336","-116.7392","622.1","2023-11-15","60","70","53"
"USR0000CALP","ALPINE CALIFORNIA, CA US","32.8336","-116.7392","622.1","2023-11-16","57","66","49"
"USR0000CALP","ALPINE CALIFORNIA, CA US","32.8336","-116.7392","622.1","2023-11-17","59","72","46"
"USR0000CALP","ALPINE CALIFORNIA, CA US","32.8336","-116.7392","622.1","2023-11-18","54","60","49"
"USR0000CALP","ALPINE CALIFORNIA, CA US","32.8336","-116.7392","622.1","2023-11-19","53","61","46"
"USR0000CALP","ALPINE CALIFORNIA, CA US","32.8336","-116.7392","622.1","2023-11-20","58","64","51"
"USR0000CALP","ALPINE CALIFORNIA, CA US","32.8336","-116.7392","622.1","2023-11-21","62","68","58"
"USR0000CALP","ALPINE CALIFORNIA, CA US","32.8336","-116.7392","622.1","2023-11-22","64","77","53"
"USR0000CALP","ALPINE CALIFORNIA, CA US","32.8336","-116.7392","622.1","2023-11-23","56","69","46"
"USR0000CALP","ALPINE CALIFORNIA, CA US","32.8336","-116.7392","622.1","2023-11-24","48","52","40"
"USR0000CALP","ALPINE CALIFORNIA, CA US","32.8336","-116.7392","622.1","2023-11-25","50","60","41"
"USR0000CALP","ALPINE CALIFORNIA, CA US","32.8336","-116.7392","622.1","2023-11-26","53","60","49"
"USR0000CALP","ALPINE CALIFORNIA, CA US","32.8336","-116.7392","622.1","2023-11-27","55","67","48"
"USR0000CALP","ALPINE CALIFORNIA, CA US","32.8336","-116.7392","622.1","2023-11-28","54","66","43"
"USR0000CALP","ALPINE CALIFORNIA, CA US","32.8336","-116.7392","622.1","2023-11-29","48","56","42"
"USR0000CALP","ALPINE CALIFORNIA, CA US","32.8336","-116.7392","622.1","2023-11-30","48","51","47"
"USR0000CALP","ALPINE CALIFORNIA, CA US","32.8336","-116.7392","622.1","2023-12-01","48","56","40"
"USR0000CALP","ALPINE CALIFORNIA, CA US","32.8336","-116.7392","622.1","2023-12-02","50","63","41"
"USR0000CALP","ALPINE CALIFORNIA, CA US","32.8336","-116.7392","622.1","2023-12-03","54","68","44"
"USR0000CALP","ALPINE CALIFORNIA, CA US","32.8336","-116.7392","622.1","2023-12-04","64","74","52"
"USR0000CALP","ALPINE CALIFORNIA, CA US","32.8336","-116.7392","622.1","2023-12-05","67","77","60"
"USR0000CALP","ALPINE CALIFORNIA, CA US","32.8336","-116.7392","622.1","2023-12-06","60","74","48"
"USR0000CALP","ALPINE CALIFORNIA, CA US","32.8336","-116.7392","622.1","2023-12-07","53","64","44"
"USR0000CALP","ALPINE CALIFORNIA, CA US","32.8336","-116.7392","622.1","2023-12-08","53","64","42"
"USR0000CALP","ALPINE CALIFORNIA, CA US","32.8336","-116.7392","622.1","2023-12-09","56","60","52"
"USR0000CALP","ALPINE CALIFORNIA, CA US","32.8336","-116.7392","622.1","2023-12-10","64","75","57"
"USR0000CALP","ALPINE CALIFORNIA, CA US","32.8336","-116.7392","622.1","2023-12-11","60","74","51"
"USR0000CALP","ALPINE CALIFORNIA, CA US","32.8336","-116.7392","622.1","2023-12-12","54","69","46"
"USR0000CALP","ALPINE CALIFORNIA, CA US","32.8336","-116.7392","622.1","2023-12-13","55","65","46"
"USR0000CALP","ALPINE CALIFORNIA, CA US","32.8336","-116.7392","622.1","2023-12-14","59","70","50"
"USR0000CALP","ALPINE CALIFORNIA, CA US","32.8336","-116.7392","622.1","2023-12-15","61","69","55"
"USR0000CALP","ALPINE CALIFORNIA, CA US","32.8336","-116.7392","622.1","2023-12-16","64","77","57"
"USR0000CALP","ALPINE CALIFORNIA, CA US","32.8336","-116.7392","622.1","2023-12-17","65","73","58"
"USR0000CALP","ALPINE CALIFORNIA, CA US","32.8336","-116.7392","622.1","2023-12-18","60","71","53"
"USR0000CALP","ALPINE CALIFORNIA, CA US","32.8336","-116.7392","622.1","2023-12-19","57","65","52"
"USR0000CALP","ALPINE CALIFORNIA, CA US","32.8336","-116.7392","622.1","2023-12-20","55","66","47"
"USR0000CALP","ALPINE CALIFORNIA, CA US","32.8336","-116.7392","622.1","2023-12-21","57","66","50"
"USR0000CALP","ALPINE CALIFORNIA, CA US","32.8336","-116.7392","622.1","2023-12-22","49","58","44"
"USR0000CALP","ALPINE CALIFORNIA, CA US","32.8336","-116.7392","622.1","2023-12-23","49","58","43"
"USR0000CALP","ALPINE CALIFORNIA, CA US","32.8336","-116.7392","622.1","2023-12-24","49","60","40"
"USR0000CALP","ALPINE CALIFORNIA, CA US","32.8336","-116.7392","622.1","2023-12-25","53","65","45"
"USR0000CALP","ALPINE CALIFORNIA, CA US","32.8336","-116.7392","622.1","2023-12-26","55","67","46"
"USR0000CALP","ALPINE CALIFORNIA, CA US","32.8336","-116.7392","622.1","2023-12-27","54","66","47"
"USR0000CALP","ALPINE CALIFORNIA, CA US","32.8336","-116.7392","622.1","2023-12-28","56","68","47"
"USR0000CALP","ALPINE CALIFORNIA, CA US","32.8336","-116.7392","622.1","2023-12-29","57","70","43"
"USR0000CALP","ALPINE CALIFORNIA, CA US","32.8336","-116.7392","622.1","2023-12-30","46","49","40"
"USR0000CALP","ALPINE CALIFORNIA, CA US","32.8336","-116.7392","622.1","2024-01-01","48","60","41"
"USR0000CALP","ALPINE CALIFORNIA, CA US","32.8336","-116.7392","622.1","2024-01-02","47","61","39"
"USR0000CALP","ALPINE CALIFORNIA, CA US","32.8336","-116.7392","622.1","2024-01-03","44","46","40"
"USR0000CALP","ALPINE CALIFORNIA, CA US","32.8336","-116.7392","622.1","2024-01-04","44","53","36"
"USR0000CALP","ALPINE CALIFORNIA, CA US","32.8336","-116.7392","622.1","2024-01-05","47","58","38"
"USR0000CALP","ALPINE CALIFORNIA, CA US","32.8336","-116.7392","622.1","2024-01-06","49","60","40"
"USR0000CALP","ALPINE CALIFORNIA, CA US","32.8336","-116.7392","622.1","2024-01-07","42","49","32"
"USR0000CALP","ALPINE CALIFORNIA, CA US","32.8336","-116.7392","622.1","2024-01-08","43","54","33"
"USR0000CALP","ALPINE CALIFORNIA, CA US","32.8336","-116.7392","622.1","2024-01-09","47","58","40"
"USR0000CALP","ALPINE CALIFORNIA, CA US","32.8336","-116.7392","622.1","2024-01-10","44","50","37"
"USR0000CALP","ALPINE CALIFORNIA, CA US","32.8336","-116.7392","622.1","2024-01-11","44","54","37"
"USR0000CALP","ALPINE CALIFORNIA, CA US","32.8336","-116.7392","622.1","2024-01-12","45","58","36"
"USR0000CALP","ALPINE CALIFORNIA, CA US","32.8336","-116.7392","622.1","2024-01-13","49","63","39"
"USR0000CALP","ALPINE CALIFORNIA, CA US","32.8336","-116.7392","622.1","2024-01-14","48","58","40"
"USR0000CALP","ALPINE CALIFORNIA, CA US","32.8336","-116.7392","622.1","2024-01-15","52","64","43"
"USR0000CALP","ALPINE CALIFORNIA, CA US","32.8336","-116.7392","622.1","2024-01-16","56","69","48"
"USR0000CALP","ALPINE CALIFORNIA, CA US","32.8336","-116.7392","622.1","2024-01-17","53","64","46"
"USR0000CALP","ALPINE CALIFORNIA, CA US","32.8336","-116.7392","622.1","2024-01-18","55","68","45"
"USR0000CALP","ALPINE CALIFORNIA, CA US","32.8336","-116.7392","622.1","2024-01-19","58","69","50"
"USR0000CALP","ALPINE CALIFORNIA, CA US","32.8336","-116.7392","622.1","2024-01-20","52","57","48"
"USR0000CALP","ALPINE CALIFORNIA, CA US","32.8336","-116.7392","622.1","2024-01-21","49","51","48"
"USR0000CALP","ALPINE CALIFORNIA, CA US","32.8336","-116.7392","622.1","2024-01-22","50","53","48"
"USR0000CALP","ALPINE CALIFORNIA, CA US","32.8336","-116.7392","622.1","2024-01-23","49","53","46"
"USR0000CALP","ALPINE CALIFORNIA, CA US","32.8336","-116.7392","622.1","2024-01-24","48","57","43"
"USR0000CALP","ALPINE CALIFORNIA, CA US","32.8336","-116.7392","622.1","2024-01-25","49","56","43"
"USR0000CALP","ALPINE CALIFORNIA, CA US","32.8336","-116.7392","622.1","2024-01-26","57","67","43"
"USR0000CALP","ALPINE CALIFORNIA, CA US","32.8336","-116.7392","622.1","2024-01-27","60","65","56"
"USR0000CALP","ALPINE CALIFORNIA, CA US","32.8336","-116.7392","622.1","2024-01-28","63","68","58"
"USR0000CALP","ALPINE CALIFORNIA, CA US","32.8336","-116.7392","622.1","2024-01-29","63","75","56"
"USR0000CALP","ALPINE CALIFORNIA, CA US","32.8336","-116.7392","622.1","2024-01-30","61","75","52"
"USR0000CALP","ALPINE CALIFORNIA, CA US","32.8336","-116.7392","622.1","2024-01-31","56","69","45"
"USR0000CALP","ALPINE CALIFORNIA, CA US","32.8336","-116.7392","622.1","2024-02-01","46","49","42"
"USR0000CALP","ALPINE CALIFORNIA, CA US","32.8336","-116.7392","622.1","2024-02-02","44","47","42"
"USR0000CALP","ALPINE CALIFORNIA, CA US","32.8336","-116.7392","622.1","2024-02-03","45","53","40"
"USR0000CALP","ALPINE CALIFORNIA, CA US","32.8336","-116.7392","622.1","2024-02-04","51","62","44"
"USR0000CALP","ALPINE CALIFORNIA, CA US","32.8336","-116.7392","622.1","2024-02-05","50","55","44"
"USR0000CALP","ALPINE CALIFORNIA, CA US","32.8336","-116.7392","622.1","2024-02-06","44","46","40"
"USR0000CALP","ALPINE CALIFORNIA, CA US","32.8336","-116.7392","622.1","2024-02-07","41","44","37"
"USR0000CALP","ALPINE CALIFORNIA, CA US","32.8336","-116.7392","622.1","2024-02-08","40","43","38"
"USR0000CALP","ALPINE CALIFORNIA, CA US","32.8336","-116.7392","622.1","2024-02-09","41","45","37"
"USR0000CALP","ALPINE CALIFORNIA, CA US","32.8336","-116.7392","622.1","2024-02-10","43","55","36"
"USR0000CALP","ALPINE CALIFORNIA, CA US","32.8336","-116.7392","622.1","2024-02-11","47","58","36"
"USR0000CALP","ALPINE CALIFORNIA, CA US","32.8336","-116.7392","622.1","2024-02-12","50","62","41"
"USR0000CALP","ALPINE CALIFORNIA, CA US","32.8336","-116.7392","622.1","2024-02-13","47","61","38"
"USR0000CALP","ALPINE CALIFORNIA, CA US","32.8336","-116.7392","622.1","2024-02-14","48","60","38"
"USR0000CALP","ALPINE CALIFORNIA, CA US","32.8336","-116.7392","622.1","2024-02-15","50","64","40"
"USR0000CALP","ALPINE CALIFORNIA, CA US","32.8336","-116.7392","622.1","2024-02-16","53","65","43"
"USR0000CALP","ALPINE CALIFORNIA, CA US","32.8336","-116.7392","622.1","2024-02-17","53","64","45"
"USR0000CALP","ALPINE CALIFORNIA, CA US","32.8336","-116.7392","622.1","2024-02-18","50","63","42"
"USR0000CALP","ALPINE CALIFORNIA, CA US","32.8336","-116.7392","622.1","2024-02-19","50","60","46"
"USR0000CALP","ALPINE CALIFORNIA, CA US","32.8336","-116.7392","622.1","2024-02-20","51","55","48"
"USR0000CALP","ALPINE CALIFORNIA, CA US","32.8336","-116.7392","622.1","2024-02-21","49","58","45"
"USR0000CALP","ALPINE CALIFORNIA, CA US","32.8336","-116.7392","622.1","2024-02-22","53","63","41"
"USR0000CALP","ALPINE CALIFORNIA, CA US","32.8336","-116.7392","622.1","2024-02-23","60","69","54"
"USR0000CALP","ALPINE CALIFORNIA, CA US","32.8336","-116.7392","622.1","2024-02-24","60","72","51"
"USR0000CALP","ALPINE CALIFORNIA, CA US","32.8336","-116.7392","622.1","2024-02-25","58","69","52"
"USR0000CALP","ALPINE CALIFORNIA, CA US","32.8336","-116.7392","622.1","2024-02-26","54","64","48"
"USR0000CALP","ALPINE CALIFORNIA, CA US","32.8336","-116.7392","622.1","2024-02-27","51","60","46"
"USR0000CALP","ALPINE CALIFORNIA, CA US","32.8336","-116.7392","622.1","2024-02-28","54","65","45"
"USR0000CALP","ALPINE CALIFORNIA, CA US","32.8336","-116.7392","622.1","2024-02-29","49","59","41"
"USR0000CALP","ALPINE CALIFORNIA, CA US","32.8336","-116.7392","622.1","2024-03-01","50","61","44"
"USR0000CALP","ALPINE CALIFORNIA, CA US","32.8336","-116.7392","622.1","2024-03-02","47","50","45"
"USR0000CALP","ALPINE CALIFORNIA, CA US","32.8336","-116.7392","622.1","2024-03-03","45","48","42"
"USR0000CALP","ALPINE CALIFORNIA, CA US","32.8336","-116.7392","622.1","2024-03-04","47","56","41"
"USR0000CALP","ALPINE CALIFORNIA, CA US","32.8336","-116.7392","622.1","2024-03-05","49","61","40"
"USR0000CALP","ALPINE CALIFORNIA, CA US","32.8336","-116.7392","622.1","2024-03-06","48","58","40"
"USR0000CALP","ALPINE CALIFORNIA, CA US","32.8336","-116.7392","622.1","2024-03-07","45","50","42"
"USR0000CALP","ALPINE CALIFORNIA, CA US","32.8336","-116.7392","622.1","2024-03-08","50","62","38"
"USR0000CALP","ALPINE CALIFORNIA, CA US","32.8336","-116.7392","622.1","2024-03-09","53","66","44"
"USR0000CALP","ALPINE CALIFORNIA, CA US","32.8336","-116.7392","622.1","2024-03-10","53","66","43"
"USR0000CALP","ALPINE CALIFORNIA, CA US","32.8336","-116.7392","622.1","2024-03-11","48","60","39"
"USR0000CALP","ALPINE CALIFORNIA, CA US","32.8336","-116.7392","622.1","2024-03-12","47","52","43"
"USR0000CALP","ALPINE CALIFORNIA, CA US","32.8336","-116.7392","622.1","2024-03-13","51","59","45"
"USR0000CALP","ALPINE CALIFORNIA, CA US","32.8336","-116.7392","622.1","2024-03-14","44","51","37"
"USR0000CALP","ALPINE CALIFORNIA, CA US","32.8336","-116.7392","622.1","2024-03-15","44","53","36"
"USR0000CALP","ALPINE CALIFORNIA, CA US","32.8336","-116.7392","622.1","2024-03-16","48","58","38"
"USR0000CALP","ALPINE CALIFORNIA, CA US","32.8336","-116.7392","622.1","2024-03-17","51","63","40"
"USR0000CALP","ALPINE CALIFORNIA, CA US","32.8336","-116.7392","622.1","2024-03-18","52","65","45"
"USR0000CALP","ALPINE CALIFORNIA, CA US","32.8336","-116.7392","622.1","2024-03-19","56","68","45"
"USR0000CALP","ALPINE CALIFORNIA, CA US","32.8336","-116.7392","622.1","2024-03-20","57","68","48"
"USR0000CALP","ALPINE CALIFORNIA, CA US","32.8336","-116.7392","622.1","2024-03-21","58","70","46"
"USR0000CALP","ALPINE CALIFORNIA, CA US","32.8336","-116.7392","622.1","2024-03-22","56","70","47"
"USR0000CALP","ALPINE CALIFORNIA, CA US","32.8336","-116.7392","622.1","2024-03-23","47","57","40"
"USR0000CALP","ALPINE CALIFORNIA, CA US","32.8336","-116.7392","622.1","2024-03-24","42","47","38"
"USR0000CALP","ALPINE CALIFORNIA, CA US","32.8336","-116.7392","622.1","2024-03-25","46","55","37"
"USR0000CALP","ALPINE CALIFORNIA, CA US","32.8336","-116.7392","622.1","2024-03-26","48","57","42"
"USR0000CALP","ALPINE CALIFORNIA, CA US","32.8336","-116.7392","622.1","2024-03-27","53","67","41"
"USR0000CALP","ALPINE CALIFORNIA, CA US","32.8336","-116.7392","622.1","2024-03-28","53","65","43"
"USR0000CALP","ALPINE CALIFORNIA, CA US","32.8336","-116.7392","622.1","2024-03-29","47","58","39"
"USR0000CALP","ALPINE CALIFORNIA, CA US","32.8336","-116.7392","622.1","2024-03-30","44","48","40"
"USR0000CALP","ALPINE CALIFORNIA, CA US","32.8336","-116.7392","622.1","2024-03-31","45","51","41"
"USR0000CALP","ALPINE CALIFORNIA, CA US","32.8336","-116.7392","622.1","2024-04-01","49","59","39"
"USR0000CALP","ALPINE CALIFORNIA, CA US","32.8336","-116.7392","622.1","2024-04-02","57","69","44"
"USR0000CALP","ALPINE CALIFORNIA, CA US","32.8336","-116.7392","622.1","2024-04-03","59","73","48"
"USR0000CALP","ALPINE CALIFORNIA, CA US","32.8336","-116.7392","622.1","2024-04-04","48","60","39"
"USR0000CALP","ALPINE CALIFORNIA, CA US","32.8336","-116.7392","622.1","2024-04-05","40","45","37"
"USR0000CALP","ALPINE CALIFORNIA, CA US","32.8336","-116.7392","622.1","2024-04-06","46","58","36"
"USR0000CALP","ALPINE CALIFORNIA, CA US","32.8336","-116.7392","622.1","2024-04-07","49","61","38"
"USR0000CALP","ALPINE CALIFORNIA, CA US","32.8336","-116.7392","622.1","2024-04-08","48","62","33"
"USR0000CALP","ALPINE CALIFORNIA, CA US","32.8336","-116.7392","622.1","2024-04-09","59","73","44"
"USR0000CALP","ALPINE CALIFORNIA, CA US","32.8336","-116.7392","622.1","2024-04-10","64","77","51"
"USR0000CALP","ALPINE CALIFORNIA, CA US","32.8336","-116.7392","622.1","2024-04-11","67","81","56"
"USR0000CALP","ALPINE CALIFORNIA, CA US","32.8336","-116.7392","622.1","2024-04-12","56","66","43"
"USR0000CALP","ALPINE CALIFORNIA, CA US","32.8336","-116.7392","622.1","2024-04-13","50","59","40"
"USR0000CALP","ALPINE CALIFORNIA, CA US","32.8336","-116.7392","622.1","2024-04-14","47","56","39"
"USR0000CALP","ALPINE CALIFORNIA, CA US","32.8336","-116.7392","622.1","2024-04-15","51","65","43"
"USR0000CALP","ALPINE CALIFORNIA, CA US","32.8336","-116.7392","622.1","2024-04-16","62","76","48"
"USR0000CALP","ALPINE CALIFORNIA, CA US","32.8336","-116.7392","622.1","2024-04-17","64","78","52"
"USR0000CALP","ALPINE CALIFORNIA, CA US","32.8336","-116.7392","622.1","2024-04-18","60","74","49"
"USR0000CALP","ALPINE CALIFORNIA, CA US","32.8336","-116.7392","622.1","2024-04-19","56","68","44"
"USR0000CALP","ALPINE CALIFORNIA, CA US","32.8336","-116.7392","622.1","2024-04-20","58","74","43"
"USR0000CALP","ALPINE CALIFORNIA, CA US","32.8336","-116.7392","622.1","2024-04-21","69","84","58"
"USR0000CALP","ALPINE CALIFORNIA, CA US","32.8336","-116.7392","622.1","2024-04-22","63","74","52"
"USR0000CALP","ALPINE CALIFORNIA, CA US","32.8336","-116.7392","622.1","2024-04-23","54","65","47"
"USR0000CALP","ALPINE CALIFORNIA, CA US","32.8336","-116.7392","622.1","2024-04-24","53","63","47"
"USR0000CALP","ALPINE CALIFORNIA, CA US","32.8336","-116.7392","622.1","2024-04-25","49","55","46"
"USR0000CALP","ALPINE CALIFORNIA, CA US","32.8336","-116.7392","622.1","2024-04-26","48","54","45"
"USR0000CALP","ALPINE CALIFORNIA, CA US","32.8336","-116.7392","622.1","2024-04-27","53","63","46"
"USR0000CALP","ALPINE CALIFORNIA, CA US","32.8336","-116.7392","622.1","2024-04-28","59","71","47"
"USR0000CALP","ALPINE CALIFORNIA, CA US","32.8336","-116.7392","622.1","2024-04-29","61","75","50"
"USR0000CALP","ALPINE CALIFORNIA, CA US","32.8336","-116.7392","622.1","2024-04-30","60","74","49"
"USR0000CALP","ALPINE CALIFORNIA, CA US","32.8336","-116.7392","622.1","2024-05-01","57","69","46"
"USR0000CALP","ALPINE CALIFORNIA, CA US","32.8336","-116.7392","622.1","2024-05-02","59","72","50"
"USR0000CALP","ALPINE CALIFORNIA, CA US","32.8336","-116.7392","622.1","2024-05-03","57","72","45"
"USR0000CALP","ALPINE CALIFORNIA, CA US","32.8336","-116.7392","622.1","2024-05-04","53","66","44"
"USR0000CALP","ALPINE CALIFORNIA, CA US","32.8336","-116.7392","622.1","2024-05-05","47","54","41"
"USR0000CALP","ALPINE CALIFORNIA, CA US","32.8336","-116.7392","622.1","2024-05-06","55","69","40"
"USR0000CALP","ALPINE CALIFORNIA, CA US","32.8336","-116.7392","622.1","2024-05-07","59","71","46"
"USR0000CALP","ALPINE CALIFORNIA, CA US","32.8336","-116.7392","622.1","2024-05-08","57","70","46"
"USR0000CALP","ALPINE CALIFORNIA, CA US","32.8336","-116.7392","622.1","2024-05-09","57","71","47"
"USR0000CALP","ALPINE CALIFORNIA, CA US","32.8336","-116.7392","622.1","2024-05-10","60","71","50"
"USR0000CALP","ALPINE CALIFORNIA, CA US","32.8336","-116.7392","622.1","2024-05-11","62","75","48"
"USR0000CALP","ALPINE CALIFORNIA, CA US","32.8336","-116.7392","622.1","2024-05-12","66","81","54"
"USR0000CALP","ALPINE CALIFORNIA, CA US","32.8336","-116.7392","622.1","2024-05-13","64","76","52"
"USR0000CALP","ALPINE CALIFORNIA, CA US","32.8336","-116.7392","622.1","2024-05-14","59","72","48"
"USR0000CALP","ALPINE CALIFORNIA, CA US","32.8336","-116.7392","622.1","2024-05-15","55","69","46"
"USR0000CALP","ALPINE CALIFORNIA, CA US","32.8336","-116.7392","622.1","2024-05-16","58","72","46"
"USR0000CALP","ALPINE CALIFORNIA, CA US","32.8336","-116.7392","622.1","2024-05-17","60","73","49"
"USR0000CALP","ALPINE CALIFORNIA, CA US","32.8336","-116.7392","622.1","2024-05-18","61","76","47"
"USR0000CALP","ALPINE CALIFORNIA, CA US","32.8336","-116.7392","622.1","2024-05-19","59","73","45"
"USR0000CALP","ALPINE CALIFORNIA, CA US","32.8336","-116.7392","622.1","2024-05-20","56","70","43"
"USR0000CALP","ALPINE CALIFORNIA, CA US","32.8336","-116.7392","622.1","2024-05-21","56","71","40"
"USR0000CALP","ALPINE CALIFORNIA, CA US","32.8336","-116.7392","622.1","2024-05-22","57","69","47"
"USR0000CALP","ALPINE CALIFORNIA, CA US","32.8336","-116.7392","622.1","2024-05-23","56","68","45"
"USR0000CALP","ALPINE CALIFORNIA, CA US","32.8336","-116.7392","622.1","2024-05-24","54","67","44"
"USR0000CALP","ALPINE CALIFORNIA, CA US","32.8336","-116.7392","622.1","2024-05-25","54","65","45"
"USR0000CALP","ALPINE CALIFORNIA, CA US","32.8336","-116.7392","622.1","2024-05-26","57","72","42"
"USR0000CALP","ALPINE CALIFORNIA, CA US","32.8336","-116.7392","622.1","2024-05-27","63","75","51"
"USR0000CALP","ALPINE CALIFORNIA, CA US","32.8336","-116.7392","622.1","2024-05-28","65","77","55"
"USR0000CALP","ALPINE CALIFORNIA, CA US","32.8336","-116.7392","622.1","2024-05-29","65","76","53"
"USR0000CALP","ALPINE CALIFORNIA, CA US","32.8336","-116.7392","622.1","2024-05-30","67","80","55"
"USR0000CALP","ALPINE CALIFORNIA, CA US","32.8336","-116.7392","622.1","2024-05-31","64","77","52"
"USR0000CALP","ALPINE CALIFORNIA, CA US","32.8336","-116.7392","622.1","2024-06-01","61","77","47"
"USR0000CALP","ALPINE CALIFORNIA, CA US","32.8336","-116.7392","622.1","2024-06-02","58","72","47"
"USR0000CALP","ALPINE CALIFORNIA, CA US","32.8336","-116.7392","622.1","2024-06-03","60","74","47"
"USR0000CALP","ALPINE CALIFORNIA, CA US","32.8336","-116.7392","622.1","2024-06-04","68","83","57"
"USR0000CALP","ALPINE CALIFORNIA, CA US","32.8336","-116.7392","622.1","2024-06-05","74","86","65"
"USR0000CALP","ALPINE CALIFORNIA, CA US","32.8336","-116.7392","622.1","2024-06-06","73","84","62"
"USR0000CALP","ALPINE CALIFORNIA, CA US","32.8336","-116.7392","622.1","2024-06-07","71","83","62"
"USR0000CALP","ALPINE CALIFORNIA, CA US","32.8336","-116.7392","622.1","2024-06-08","67","79","54"
"USR0000CALP","ALPINE CALIFORNIA, CA US","32.8336","-116.7392","622.1","2024-06-09","64","78","51"
"USR0000CALP","ALPINE CALIFORNIA, CA US","32.8336","-116.7392","622.1","2024-06-10","65","80","53"
"USR0000CALP","ALPINE CALIFORNIA, CA US","32.8336","-116.7392","622.1","2024-06-11","69","79","60"
"USR0000CALP","ALPINE CALIFORNIA, CA US","32.8336","-116.7392","622.1","2024-06-12","73","86","60"
"USR0000CALP","ALPINE CALIFORNIA, CA US","32.8336","-116.7392","622.1","2024-06-13","69","82","57"
"USR0000CALP","ALPINE CALIFORNIA, CA US","32.8336","-116.7392","622.1","2024-06-14","74","86","56"
"USR0000CALP","ALPINE CALIFORNIA, CA US","32.8336","-116.7392","622.1","2024-06-15","79","92","67"
"USR0000CALP","ALPINE CALIFORNIA, CA US","32.8336","-116.7392","622.1","2024-06-16","72","83","60"
"USR0000CALP","ALPINE CALIFORNIA, CA US","32.8336","-116.7392","622.1","2024-06-17","65","75","55"
"USR0000CALP","ALPINE CALIFORNIA, CA US","32.8336","-116.7392","622.1","2024-06-18","65","79","53"
"USR0000CALP","ALPINE CALIFORNIA, CA US","32.8336","-116.7392","622.1","2024-06-19","67","77","55"
"USR0000CALP","ALPINE CALIFORNIA, CA US","32.8336","-116.7392","622.1","2024-06-20","70","82","60"
"USR0000CALP","ALPINE CALIFORNIA, CA US","32.8336","-116.7392","622.1","2024-06-21","75","87","60"
"USR0000CALP","ALPINE CALIFORNIA, CA US","32.8336","-116.7392","622.1","2024-06-22","84","98","69"
"USR0000CALP","ALPINE CALIFORNIA, CA US","32.8336","-116.7392","622.1","2024-06-23","81","92","69"
"USR0000CALP","ALPINE CALIFORNIA, CA US","32.8336","-116.7392","622.1","2024-06-24","77","90","67"
"USR0000CALP","ALPINE CALIFORNIA, CA US","32.8336","-116.7392","622.1","2024-06-25","74","87","63"
"USR0000CALP","ALPINE CALIFORNIA, CA US","32.8336","-116.7392","622.1","2024-06-26","71","84","62"
"USR0000CALP","ALPINE CALIFORNIA, CA US","32.8336","-116.7392","622.1","2024-06-27","74","88","65"
"USR0000CALP","ALPINE CALIFORNIA, CA US","32.8336","-116.7392","622.1","2024-06-28","74","86","62"
"USR0000CALP","ALPINE CALIFORNIA, CA US","32.8336","-116.7392","622.1","2024-06-29","77","91","62"
"USR0000CALP","ALPINE CALIFORNIA, CA US","32.8336","-116.7392","622.1","2024-06-30","80","93","69"
"USR0000CALP","ALPINE CALIFORNIA, CA US","32.8336","-116.7392","622.1","2024-07-01","78","91","66"
"USR0000CALP","ALPINE CALIFORNIA, CA US","32.8336","-116.7392","622.1","2024-07-02","78","92","65"
"USR0000CALP","ALPINE CALIFORNIA, CA US","32.8336","-116.7392","622.1","2024-07-03","82","95","71"
"USR0000CALP","ALPINE CALIFORNIA, CA US","32.8336","-116.7392","622.1","2024-07-04","82","94","72"
"USR0000CALP","ALPINE CALIFORNIA, CA US","32.8336","-116.7392","622.1","2024-07-05","89","99","75"
"USR0000CALP","ALPINE CALIFORNIA, CA US","32.8336","-116.7392","622.1","2024-07-06","87","95","75"
"USR0000CALP","ALPINE CALIFORNIA, CA US","32.8336","-116.7392","622.1","2024-07-07","80","91","71"
"USR0000CALP","ALPINE CALIFORNIA, CA US","32.8336","-116.7392","622.1","2024-07-08","81","91","70"
"USR0000CALP","ALPINE CALIFORNIA, CA US","32.8336","-116.7392","622.1","2024-07-09","88","99","78"
"USR0000CALP","ALPINE CALIFORNIA, CA US","32.8336","-116.7392","622.1","2024-07-10","87","100","77"
"USR0000CALP","ALPINE CALIFORNIA, CA US","32.8336","-116.7392","622.1","2024-07-11","84","99","73"
"USR0000CALP","ALPINE CALIFORNIA, CA US","32.8336","-116.7392","622.1","2024-07-12","81","92","72"
"USR0000CALP","ALPINE CALIFORNIA, CA US","32.8336","-116.7392","622.1","2024-07-13","81","91","72"
"USR0000CALP","ALPINE CALIFORNIA, CA US","32.8336","-116.7392","622.1","2024-07-14","80","91","70"
"USR0000CALP","ALPINE CALIFORNIA, CA US","32.8336","-116.7392","622.1","2024-07-15","78","90","66"
"USR0000CALP","ALPINE CALIFORNIA, CA US","32.8336","-116.7392","622.1","2024-07-16","75","89","65"
"USR0000CALP","ALPINE CALIFORNIA, CA US","32.8336","-116.7392","622.1","2024-07-17","75","89","65"
"USR0000CALP","ALPINE CALIFORNIA, CA US","32.8336","-116.7392","622.1","2024-07-18","81","92","71"
"USR0000CALP","ALPINE CALIFORNIA, CA US","32.8336","-116.7392","622.1","2024-07-19","86","96","75"
"USR0000CALP","ALPINE CALIFORNIA, CA US","32.8336","-116.7392","622.1","2024-07-20","86","98","75"
"USR0000CALP","ALPINE CALIFORNIA, CA US","32.8336","-116.7392","622.1","2024-07-21","83","95","72"
"USR0000CALP","ALPINE CALIFORNIA, CA US","32.8336","-116.7392","622.1","2024-07-22","81","93","72"
"USR0000CALP","ALPINE CALIFORNIA, CA US","32.8336","-116.7392","622.1","2024-07-23","82","92","75"
"USR0000CALP","ALPINE CALIFORNIA, CA US","32.8336","-116.7392","622.1","2024-07-24","84","97","75"
"USR0000CALP","ALPINE CALIFORNIA, CA US","32.8336","-116.7392","622.1","2024-07-25","86","97","75"
"USR0000CALP","ALPINE CALIFORNIA, CA US","32.8336","-116.7392","622.1","2024-07-26","83","94","72"
"USR0000CALP","ALPINE CALIFORNIA, CA US","32.8336","-116.7392","622.1","2024-07-27","78","91","65"
"USR0000CALP","ALPINE CALIFORNIA, CA US","32.8336","-116.7392","622.1","2024-07-28","75","89","63"
"USR0000CALP","ALPINE CALIFORNIA, CA US","32.8336","-116.7392","622.1","2024-07-29","77","91","64"
"USR0000CALP","ALPINE CALIFORNIA, CA US","32.8336","-116.7392","622.1","2024-07-30","76","90","65"
"USR0000CALP","ALPINE CALIFORNIA, CA US","32.8336","-116.7392","622.1","2024-07-31","78","89","65"
"USR0000CALP","ALPINE CALIFORNIA, CA US","32.8336","-116.7392","622.1","2024-08-01","79","93","70"
"USR0000CALP","ALPINE CALIFORNIA, CA US","32.8336","-116.7392","622.1","2024-08-02","82","95","70"
"USR0000CALP","ALPINE CALIFORNIA, CA US","32.8336","-116.7392","622.1","2024-08-03","84","97","73"
"USR0000CALP","ALPINE CALIFORNIA, CA US","32.8336","-116.7392","622.1","2024-08-04","85","99","73"
"USR0000CALP","ALPINE CALIFORNIA, CA US","32.8336","-116.7392","622.1","2024-08-05","87","100","76"
"USR0000CALP","ALPINE CALIFORNIA, CA US","32.8336","-116.7392","622.1","2024-08-06","84","96","74"
"USR0000CALP","ALPINE CALIFORNIA, CA US","32.8336","-116.7392","622.1","2024-08-07","77","88","67"
"USR0000CALP","ALPINE CALIFORNIA, CA US","32.8336","-116.7392","622.1","2024-08-08","77","87","65"
"USR0000CALP","ALPINE CALIFORNIA, CA US","32.8336","-116.7392","622.1","2024-08-09","79","92","68"
"USR0000CALP","ALPINE CALIFORNIA, CA US","32.8336","-116.7392","622.1","2024-08-10","85","95","74"
"USR0000CALP","ALPINE CALIFORNIA, CA US","32.8336","-116.7392","622.1","2024-08-11","76","88","69"
"USR0000CALP","ALPINE CALIFORNIA, CA US","32.8336","-116.7392","622.1","2024-08-12","77","90","68"
"USR0000CALP","ALPINE CALIFORNIA, CA US","32.8336","-116.7392","622.1","2024-08-13","78","91","65"
"USR0000CALP","ALPINE CALIFORNIA, CA US","32.8336","-116.7392","622.1","2024-08-14","77","90","66"
"USR0000CALP","ALPINE CALIFORNIA, CA US","32.8336","-116.7392","622.1","2024-08-15","78","91","63"
"USR0000CALP","ALPINE CALIFORNIA, CA US","32.8336","-116.7392","622.1","2024-08-16","80","93","70"
"USR0000CALP","ALPINE CALIFORNIA, CA US","32.8336","-116.7392","622.1","2024-08-17","75","86","65"
"USR0000CALP","ALPINE CALIFORNIA, CA US","32.8336","-116.7392","622.1","2024-08-18","77","90","62"
"USR0000CALP","ALPINE CALIFORNIA, CA US","32.8336","-116.7392","622.1","2024-08-19","82","94","71"
"USR0000CALP","ALPINE CALIFORNIA, CA US","32.8336","-116.7392","622.1","2024-08-20","85","98","73"
"USR0000CALP","ALPINE CALIFORNIA, CA US","32.8336","-116.7392","622.1","2024-08-21","81","95","68"
"USR0000CALP","ALPINE CALIFORNIA, CA US","32.8336","-116.7392","622.1","2024-08-22","74","88","62"
"USR0000CALP","ALPINE CALIFORNIA, CA US","32.8336","-116.7392","622.1","2024-08-23","68","83","57"
"USR0000CALP","ALPINE CALIFORNIA, CA US","32.8336","-116.7392","622.1","2024-08-24","68","81","57"
"USR0000CALP","ALPINE CALIFORNIA, CA US","32.8336","-116.7392","622.1","2024-08-25","70","84","55"
"USR0000CALP","ALPINE CALIFORNIA, CA US","32.8336","-116.7392","622.1","2024-08-26","73","88","60"
"USR0000CALP","ALPINE CALIFORNIA, CA US","32.8336","-116.7392","622.1","2024-08-27","77","90","65"
"USR0000CALP","ALPINE CALIFORNIA, CA US","32.8336","-116.7392","622.1","2024-08-28","75","88","65"
"USR0000CALP","ALPINE CALIFORNIA, CA US","32.8336","-116.7392","622.1","2024-08-29","74","86","63"
"USR0000CALP","ALPINE CALIFORNIA, CA US","32.8336","-116.7392","622.1","2024-08-30","76","86","67"
"USR0000CALP","ALPINE CALIFORNIA, CA US","32.8336","-116.7392","622.1","2024-08-31","82","93","72"
"USR0000CALP","ALPINE CALIFORNIA, CA US","32.8336","-116.7392","622.1","2024-09-01","82","94","71"
"USR0000CALP","ALPINE CALIFORNIA, CA US","32.8336","-116.7392","622.1","2024-09-02","82","95","71"
"USR0000CALP","ALPINE CALIFORNIA, CA US","32.8336","-116.7392","622.1","2024-09-03","83","95","73"
"USR0000CALP","ALPINE CALIFORNIA, CA US","32.8336","-116.7392","622.1","2024-09-04","87","100","75"
"USR0000CALP","ALPINE CALIFORNIA, CA US","32.8336","-116.7392","622.1","2024-09-05","92","105","78"
"USR0000CALP","ALPINE CALIFORNIA, CA US","32.8336","-116.7392","622.1","2024-09-06","92","107","81"
"USR0000CALP","ALPINE CALIFORNIA, CA US","32.8336","-116.7392","622.1","2024-09-07","85","100","77"
"USR0000CALP","ALPINE CALIFORNIA, CA US","32.8336","-116.7392","622.1","2024-09-08","87","100","77"
"USR0000CALP","ALPINE CALIFORNIA, CA US","32.8336","-116.7392","622.1","2024-09-09","87","99","76"
"USR0000CALP","ALPINE CALIFORNIA, CA US","32.8336","-116.7392","622.1","2024-09-10","84","95","74"
"USR0000CALP","ALPINE CALIFORNIA, CA US","32.8336","-116.7392","622.1","2024-09-11","73","85","60"
"USR0000CALP","ALPINE CALIFORNIA, CA US","32.8336","-116.7392","622.1","2024-09-12","66","78","58"
"USR0000CALP","ALPINE CALIFORNIA, CA US","32.8336","-116.7392","622.1","2024-09-13","64","81","50"
"USR0000CALP","ALPINE CALIFORNIA, CA US","32.8336","-116.7392","622.1","2024-09-14","64","80","50"
"USR0000CALP","ALPINE CALIFORNIA, CA US","32.8336","-116.7392","622.1","2024-09-15","60","74","48"
"USR0000CALP","ALPINE CALIFORNIA, CA US","32.8336","-116.7392","622.1","2024-09-16","58","68","50"
"USR0000CALP","ALPINE CALIFORNIA, CA US","32.8336","-116.7392","622.1","2024-09-17","57","71","46"
"USR0000CALP","ALPINE CALIFORNIA, CA US","32.8336","-116.7392","622.1","2024-09-18","58","74","46"
"USR0000CALP","ALPINE CALIFORNIA, CA US","32.8336","-116.7392","622.1","2024-09-19","60","73","51"
"USR0000CALP","ALPINE CALIFORNIA, CA US","32.8336","-116.7392","622.1","2024-09-20","58","66","53"
"USR0000CALP","ALPINE CALIFORNIA, CA US","32.8336","-116.7392","622.1","2024-09-21","65","79","53"
"USR0000CALP","ALPINE CALIFORNIA, CA US","32.8336","-116.7392","622.1","2024-09-22","75","88","64"
"USR0000CALP","ALPINE CALIFORNIA, CA US","32.8336","-116.7392","622.1","2024-09-23","79","92","68"
"USR0000CALP","ALPINE CALIFORNIA, CA US","32.8336","-116.7392","622.1","2024-09-24","78","90","70"
"USR0000CALP","ALPINE CALIFORNIA, CA US","32.8336","-116.7392","622.1","2024-09-25","74","86","66"
"USR0000CALP","ALPINE CALIFORNIA, CA US","32.8336","-116.7392","622.1","2024-09-26","74","87","65"
"USR0000CALP","ALPINE CALIFORNIA, CA US","32.8336","-116.7392","622.1","2024-09-27","74","86","65"
"USR0000CALP","ALPINE CALIFORNIA, CA US","32.8336","-116.7392","622.1","2024-09-28","76","91","65"
"USR0000CALP","ALPINE CALIFORNIA, CA US","32.8336","-116.7392","622.1","2024-09-29","75","91","64"
"USR0000CALP","ALPINE CALIFORNIA, CA US","32.8336","-116.7392","622.1","2024-09-30","81","96","66"
"USR0000CALP","ALPINE CALIFORNIA, CA US","32.8336","-116.7392","622.1","2024-10-01","85","99","74"
"USR0000CALP","ALPINE CALIFORNIA, CA US","32.8336","-116.7392","622.1","2024-10-02","87","104","75"
"USR0000CALP","ALPINE CALIFORNIA, CA US","32.8336","-116.7392","622.1","2024-10-03","85","98","76"
"USR0000CALP","ALPINE CALIFORNIA, CA US","32.8336","-116.7392","622.1","2024-10-04","84","97","73"
"USR0000CALP","ALPINE CALIFORNIA, CA US","32.8336","-116.7392","622.1","2024-10-05","86","99","75"
"USR0000CALP","ALPINE CALIFORNIA, CA US","32.8336","-116.7392","622.1","2024-10-06","85","99","75"
"USR0000CALP","ALPINE CALIFORNIA, CA US","32.8336","-116.7392","622.1","2024-10-07","83","98","72"
"USR0000CALP","ALPINE CALIFORNIA, CA US","32.8336","-116.7392","622.1","2024-10-08","78","94","68"
"USR0000CALP","ALPINE CALIFORNIA, CA US","32.8336","-116.7392","622.1","2024-10-09","77","92","64"
"USR0000CALP","ALPINE CALIFORNIA, CA US","32.8336","-116.7392","622.1","2024-10-10","75","90","64"
"USR0000CALP","ALPINE CALIFORNIA, CA US","32.8336","-116.7392","622.1","2024-10-11","76","90","65"
"USR0000CALP","ALPINE CALIFORNIA, CA US","32.8336","-116.7392","622.1","2024-10-12","71","85","59"
"USR0000CALP","ALPINE CALIFORNIA, CA US","32.8336","-116.7392","622.1","2024-10-13","66","80","57"
"USR0000CALP","ALPINE CALIFORNIA, CA US","32.8336","-116.7392","622.1","2024-10-14","63","75","56"
"USR0000CALP","ALPINE CALIFORNIA, CA US","32.8336","-116.7392","622.1","2024-10-15","61","75","52"
"USR0000CALP","ALPINE CALIFORNIA, CA US","32.8336","-116.7392","622.1","2024-10-16","60","72","50"
"USR0000CALP","ALPINE CALIFORNIA, CA US","32.8336","-116.7392","622.1","2024-10-17","56","63","53"
"USR0000CALP","ALPINE CALIFORNIA, CA US","32.8336","-116.7392","622.1","2024-10-18","57","69","50"
"USR0000CALP","ALPINE CALIFORNIA, CA US","32.8336","-116.7392","622.1","2024-10-19","63","75","55"
"USR0000CALP","ALPINE CALIFORNIA, CA US","32.8336","-116.7392","622.1","2024-10-20","66","81","53"
"USR0000CALP","ALPINE CALIFORNIA, CA US","32.8336","-116.7392","622.1","2024-10-21","68","83","58"
"USR0000CALP","ALPINE CALIFORNIA, CA US","32.8336","-116.7392","622.1","2024-10-22","72","87","60"
"USR0000CALP","ALPINE CALIFORNIA, CA US","32.8336","-116.7392","622.1","2024-10-23","73","87","62"
"USR0000CALP","ALPINE CALIFORNIA, CA US","32.8336","-116.7392","622.1","2024-10-24","71","86","61"
"USR0000CALP","ALPINE CALIFORNIA, CA US","32.8336","-116.7392","622.1","2024-10-25","71","86","60"
"USR0000CALP","ALPINE CALIFORNIA, CA US","32.8336","-116.7392","622.1","2024-10-26","73","89","63"
"USR0000CALP","ALPINE CALIFORNIA, CA US","32.8336","-116.7392","622.1","2024-10-27","71","85","61"
"USR0000CALP","ALPINE CALIFORNIA, CA US","32.8336","-116.7392","622.1","2024-10-28","57","64","49"
"USR0000CALP","ALPINE CALIFORNIA, CA US","32.8336","-116.7392","622.1","2024-10-29","50","58","43"
"USR0000CALP","ALPINE CALIFORNIA, CA US","32.8336","-116.7392","622.1","2024-10-30","55","71","42"
"USR0000CALP","ALPINE CALIFORNIA, CA US","32.8336","-116.7392","622.1","2024-10-31","55","69","46"
"USR0000CALP","ALPINE CALIFORNIA, CA US","32.8336","-116.7392","622.1","2024-11-01","55","69","45"
"USR0000CALP","ALPINE CALIFORNIA, CA US","32.8336","-116.7392","622.1","2024-11-02","51","62","41"
"USR0000CALP","ALPINE CALIFORNIA, CA US","32.8336","-116.7392","622.1","2024-11-03","52","61","45"
"USR0000CALP","ALPINE CALIFORNIA, CA US","32.8336","-116.7392","622.1","2024-11-04","59","70","51"
"USR0000CALP","ALPINE CALIFORNIA, CA US","32.8336","-116.7392","622.1","2024-11-05","58","73","49"
"USR0000CALP","ALPINE CALIFORNIA, CA US","32.8336","-116.7392","622.1","2024-11-06","56","62","51"
"USR0000CALP","ALPINE CALIFORNIA, CA US","32.8336","-116.7392","622.1","2024-11-07","56","62","51"
"USR0000CALP","ALPINE CALIFORNIA, CA US","32.8336","-116.7392","622.1","2024-11-08","59","72","50"
"USR0000CALP","ALPINE CALIFORNIA, CA US","32.8336","-116.7392","622.1","2024-11-09","62","77","51"
"USR0000CALP","ALPINE CALIFORNIA, CA US","32.8336","-116.7392","622.1","2024-11-10","62","77","52"
"USR0000CALP","ALPINE CALIFORNIA, CA US","32.8336","-116.7392","622.1","2024-11-11","58","73","46"
"USR0000CALP","ALPINE CALIFORNIA, CA US","32.8336","-116.7392","622.1","2024-11-12","57","68","48"
"USR0000CALP","ALPINE CALIFORNIA, CA US","32.8336","-116.7392","622.1","2024-11-13","63","77","52"
"USR0000CALP","ALPINE CALIFORNIA, CA US","32.8336","-116.7392","622.1","2024-11-14","58","74","47"
"USR0000CALP","ALPINE CALIFORNIA, CA US","32.8336","-116.7392","622.1","2024-11-15","45","53","42"
"USR0000CALP","ALPINE CALIFORNIA, CA US","32.8336","-116.7392","622.1","2024-11-16","45","55","39"
"USR0000CALP","ALPINE CALIFORNIA, CA US","32.8336","-116.7392","622.1","2024-11-17","49","62","39"
"USR0000CALP","ALPINE CALIFORNIA, CA US","32.8336","-116.7392","622.1","2024-11-18","49","61","39"
"USR0000CALP","ALPINE CALIFORNIA, CA US","32.8336","-116.7392","622.1","2024-11-19","53","68","38"
"USR0000CALP","ALPINE CALIFORNIA, CA US","32.8336","-116.7392","622.1","2024-11-20","58","76","47"
"USR0000CALP","ALPINE CALIFORNIA, CA US","32.8336","-116.7392","622.1","2024-11-21","63","80","50"
"USR0000CALP","ALPINE CALIFORNIA, CA US","32.8336","-116.7392","622.1","2024-11-22","62","81","50"
"USR0000CALP","ALPINE CALIFORNIA, CA US","32.8336","-116.7392","622.1","2024-11-23","56","71","48"
"USR0000CALP","ALPINE CALIFORNIA, CA US","32.8336","-116.7392","622.1","2024-11-24","51","58","46"
"USR0000CALP","ALPINE CALIFORNIA, CA US","32.8336","-116.7392","622.1","2024-11-25","59","72","48"
"USR0000CALP","ALPINE CALIFORNIA, CA US","32.8336","-116.7392","622.1","2024-11-26","59","70","53"
"USR0000CALP","ALPINE CALIFORNIA, CA US","32.8336","-116.7392","622.1","2024-11-27","58","68","51"
"USR0000CALP","ALPINE CALIFORNIA, CA US","32.8336","-116.7392","622.1","2024-11-28","59","71","50"
"USR0000CALP","ALPINE CALIFORNIA, CA US","32.8336","-116.7392","622.1","2024-11-29","59","68","52"
"USR0000CALP","ALPINE CALIFORNIA, CA US","32.8336","-116.7392","622.1","2024-11-30","63","78","55"
"USR0000CALP","ALPINE CALIFORNIA, CA US","32.8336","-116.7392","622.1","2024-12-01","61","75","53"
"USR0000CALP","ALPINE CALIFORNIA, CA US","32.8336","-116.7392","622.1","2024-12-02","60","75","51"
"USR0000CALP","ALPINE CALIFORNIA, CA US","32.8336","-116.7392","622.1","2024-12-03","58","70","50"
"USR0000CALP","ALPINE CALIFORNIA, CA US","32.8336","-116.7392","622.1","2024-12-04","56","69","48"
"USR0000CALP","ALPINE CALIFORNIA, CA US","32.8336","-116.7392","622.1","2024-12-05","60","73","51"
"USR0000CALP","ALPINE CALIFORNIA, CA US","32.8336","-116.7392","622.1","2024-12-06","65","76","57"
"USR0000CALP","ALPINE CALIFORNIA, CA US","32.8336","-116.7392","622.1","2024-12-07","63","75","52"
"USR0000CALP","ALPINE CALIFORNIA, CA US","32.8336","-116.7392","622.1","2024-12-08","58","71","48"
"USR0000CALP","ALPINE CALIFORNIA, CA US","32.8336","-116.7392","622.1","2024-12-09","58","71","46"
"USR0000CALP","ALPINE CALIFORNIA, CA US","32.8336","-116.7392","622.1","2024-12-10","56","63","51"
"USR0000CALP","ALPINE CALIFORNIA, CA US","32.8336","-116.7392","622.1","2024-12-11","62","75","53"
"USR0000CALP","ALPINE CALIFORNIA, CA US","32.8336","-116.7392","622.1","2024-12-12","52","63","44"
"USR0000CALP","ALPINE CALIFORNIA, CA US","32.8336","-116.7392","622.1","2024-12-13","49","59","41"
"USR0000CALP","ALPINE CALIFORNIA, CA US","32.8336","-116.7392","622.1","2024-12-14","54","65","46"
"USR0000CALP","ALPINE CALIFORNIA, CA US","32.8336","-116.7392","622.1","2024-12-15","53","65","41"
"USR0000CALP","ALPINE CALIFORNIA, CA US","32.8336","-116.7392","622.1","2024-12-16","58","71","51"
"USR0000CALP","ALPINE CALIFORNIA, CA US","32.8336","-116.7392","622.1","2024-12-17","64","75","51"
"USR0000CALP","ALPINE CALIFORNIA, CA US","32.8336","-116.7392","622.1","2024-12-18","69","78","64"
"USR0000CALP","ALPINE CALIFORNIA, CA US","32.8336","-116.7392","622.1","2024-12-19","68","80","61"
"USR0000CALP","ALPINE CALIFORNIA, CA US","32.8336","-116.7392","622.1","2024-12-20","62","76","52"
"USR0000CALP","ALPINE CALIFORNIA, CA US","32.8336","-116.7392","622.1","2024-12-21","59","72","50"
"USR0000CALP","ALPINE CALIFORNIA, CA US","32.8336","-116.7392","622.1","2024-12-22","59","72","52"
"USR0000CALP","ALPINE CALIFORNIA, CA US","32.8336","-116.7392","622.1","2024-12-23","61","73","51"
"USR0000CALP","ALPINE CALIFORNIA, CA US","32.8336","-116.7392","622.1","2024-12-24","56","70","45"
"USR0000CALP","ALPINE CALIFORNIA, CA US","32.8336","-116.7392","622.1","2024-12-25","48","57","42"
"USR0000CALP","ALPINE CALIFORNIA, CA US","32.8336","-116.7392","622.1","2024-12-26","53","62","44"
"USR0000CALP","ALPINE CALIFORNIA, CA US","32.8336","-116.7392","622.1","2024-12-27","51","59","46"
"USR0000CALP","ALPINE CALIFORNIA, CA US","32.8336","-116.7392","622.1","2024-12-28","58","72","48"
"USR0000CALP","ALPINE CALIFORNIA, CA US","32.8336","-116.7392","622.1","2024-12-29","60","73","51"
"USR0000CALP","ALPINE CALIFORNIA, CA US","32.8336","-116.7392","622.1","2024-12-30","56","70","46"
"USR0000CALP","ALPINE CALIFORNIA, CA US","32.8336","-116.7392","622.1","2024-12-31","57","73","47"
"USR0000CALP","ALPINE CALIFORNIA, CA US","32.8336","-116.7392","622.1","2025-01-01","61","77","51"
