"STATION","NAME","LATITUDE","LONGITUDE","ELEVATION","DATE","AWND","PGTM","PRCP","TAVG","TMAX","TMIN","WDF2","WDF5","WSF2","WSF5","WT01","WT02","WT03","WT06","WT08"
"USW00093824","ZANESVILLE MUNICIPAL AIRPORT, OH US","39.94609","-81.89315","268.6","2020-01-01","9.17",,"0.00",,"43","31","  230","  250","17.0","25.1",,,,,
"USW00093824","ZANESVILLE MUNICIPAL AIRPORT, OH US","39.94609","-81.89315","268.6","2020-01-02","8.95",,"0.14",,"49","27","  220","  200","15.0","21.9","    1",,,,
"USW00093824","ZANESVILLE MUNICIPAL AIRPORT, OH US","39.94609","-81.89315","268.6","2020-01-03","2.46",,"0.84",,"53","47","  190","  180","8.9","12.1","    1",,,,
"USW00093824","ZANESVILLE MUNICIPAL AIRPORT, OH US","39.94609","-81.89315","268.6","2020-01-04","8.50",,"0.11",,"50","33","  310","  290","17.0","23.9","    1",,,,
"USW00093824","ZANESVILLE MUNICIPAL AIRPORT, OH US","39.94609","-81.89315","268.6","2020-01-05","9.17",,"0.00",,"43","31","  310","  260","19.9","30.0","    1",,,,"    1"
"USW00093824","ZANESVILLE MUNICIPAL AIRPORT, OH US","39.94609","-81.89315","268.6","2020-01-06","7.83",,"0.00",,"43","29","  270","  290","21.9","30.0",,,,,
"USW00093824","ZANESVILLE MUNICIPAL AIRPORT, OH US","39.94609","-81.89315","268.6","2020-01-07","5.37",,"0.00",,"46","26","  260","  260","16.1","19.9",,,,,
"USW00093824","ZANESVILLE MUNICIPAL AIRPORT, OH US","39.94609","-81.89315","268.6","2020-01-08","10.74",,"0.00",,"39","22","  300","  270","23.0","29.1",,,,,
"USW00093824","ZANESVILLE MUNICIPAL AIRPORT, OH US","39.94609","-81.89315","268.6","2020-01-09","7.61",,"0.00",,"54","20","  160","  180","17.0","23.0",,,,,
"USW00093824","ZANESVILLE MUNICIPAL AIRPORT, OH US","39.94609","-81.89315","268.6","2020-01-10","6.04",,"0.15",,"60","44","  180","  180","17.0","23.0","    1",,,,
"USW00093824","ZANESVILLE MUNICIPAL AIRPORT, OH US","39.94609","-81.89315","268.6","2020-01-11","13.42",,"0.35",,"74","56","  270","  280","32.0","46.1","    1",,,,
"USW00093824","ZANESVILLE MUNICIPAL AIRPORT, OH US","39.94609","-81.89315","268.6","2020-01-12","7.83",,"0.02",,"62","35","  260","  250","32.0","45.0",,,,,
"USW00093824","ZANESVILLE MUNICIPAL AIRPORT, OH US","39.94609","-81.89315","268.6","2020-01-13","3.13",,"0.00",,"50","32","  270","  280","12.1","15.0","    1",,,,
"USW00093824","ZANESVILLE MUNICIPAL AIRPORT, OH US","39.94609","-81.89315","268.6","2020-01-14","4.92",,"0.00",,"53","32","  260","  250","17.0","21.9","    1","    1",,,
"USW00093824","ZANESVILLE MUNICIPAL AIRPORT, OH US","39.94609","-81.89315","268.6","2020-01-15","6.04",,"0.00",,"54","29","  280","  270","21.0","30.0","    1","    1",,,
"USW00093824","ZANESVILLE MUNICIPAL AIRPORT, OH US","39.94609","-81.89315","268.6","2020-01-16","13.65",,"0.00",,"49","28","  310","  310","23.0","31.1",,,,,
"USW00093824","ZANESVILLE MUNICIPAL AIRPORT, OH US","39.94609","-81.89315","268.6","2020-01-17","6.93",,"0.00",,"31","25","   70","   10","14.1","17.0",,,,,
"USW00093824","ZANESVILLE MUNICIPAL AIRPORT, OH US","39.94609","-81.89315","268.6","2020-01-18","12.08",,"0.99",,"49","29","  280","  290","23.0","32.0","    1",,,"    1",
"USW00093824","ZANESVILLE MUNICIPAL AIRPORT, OH US","39.94609","-81.89315","268.6","2020-01-19","13.20",,"0.00",,"36","16","  270","  270","25.1","38.0",,,,,
"USW00093824","ZANESVILLE MUNICIPAL AIRPORT, OH US","39.94609","-81.89315","268.6","2020-01-20","5.14",,"0.00",,"29","12","  290","  330","12.1","15.0",,,,,"    1"
"USW00093824","ZANESVILLE MUNICIPAL AIRPORT, OH US","39.94609","-81.89315","268.6","2020-01-21","2.01",,"0.00",,"30","13","  310","  350","8.1","12.1",,,,,
"USW00093824","ZANESVILLE MUNICIPAL AIRPORT, OH US","39.94609","-81.89315","268.6","2020-01-22","2.01",,"0.00",,"38","11","  200","  170","12.1","16.1",,,,,
"USW00093824","ZANESVILLE MUNICIPAL AIRPORT, OH US","39.94609","-81.89315","268.6","2020-01-23","2.24",,"0.00",,"44","22","   70","   80","8.9","10.1",,,,,
"USW00093824","ZANESVILLE MUNICIPAL AIRPORT, OH US","39.94609","-81.89315","268.6","2020-01-24","7.16",,"0.91",,"50","38","  200","  200","21.0","25.9","    1",,,,
"USW00093824","ZANESVILLE MUNICIPAL AIRPORT, OH US","39.94609","-81.89315","268.6","2020-01-25","7.16",,"0.11",,"43","34","  240","  220","17.0","23.9","    1",,,,
"USW00093824","ZANESVILLE MUNICIPAL AIRPORT, OH US","39.94609","-81.89315","268.6","2020-01-26","7.83",,"0.01",,"35","33","  250","  250","14.1","19.9","    1",,,,
"USW00093824","ZANESVILLE MUNICIPAL AIRPORT, OH US","39.94609","-81.89315","268.6","2020-01-27","5.82",,"0.00",,"37","34","  300","  290","12.1","16.1","    1",,,,
"USW00093824","ZANESVILLE MUNICIPAL AIRPORT, OH US","39.94609","-81.89315","268.6","2020-01-28","5.37",,"0.00",,"35","32","  280","  310","12.1","14.1","    1",,,,
"USW00093824","ZANESVILLE MUNICIPAL AIRPORT, OH US","39.94609","-81.89315","268.6","2020-01-29","2.91",,"0.00",,"35","31","   40","   40","8.9","11.0","    1",,,,
"USW00093824","ZANESVILLE MUNICIPAL AIRPORT, OH US","39.94609","-81.89315","268.6","2020-01-30","2.24",,"0.00",,"36","30","  240","  240","8.1","10.1",,,,,
"USW00093824","ZANESVILLE MUNICIPAL AIRPORT, OH US","39.94609","-81.89315","268.6","2020-01-31","2.46",,"0.05",,"37","31","   50","   50","6.0","6.9","    1",,,,"    1"
"USW00093824","ZANESVILLE MUNICIPAL AIRPORT, OH US","39.94609","-81.89315","268.6","2020-02-01","4.25",,"0.07",,"37","33","  290","  290","17.0","27.1","    1",,,,"    1"
"USW00093824","ZANESVILLE MUNICIPAL AIRPORT, OH US","39.94609","-81.89315","268.6","2020-02-02","12.08",,"0.00",,"58","35","  260","  270","28.0","40.0",,,,,
"USW00093824","ZANESVILLE MUNICIPAL AIRPORT, OH US","39.94609","-81.89315","268.6","2020-02-03","6.71",,"0.00",,"66","32","  200","  200","21.0","27.1",,,,,
"USW00093824","ZANESVILLE MUNICIPAL AIRPORT, OH US","39.94609","-81.89315","268.6","2020-02-04","8.50",,"0.51",,"62","33","  240","  250","18.1","32.0","    1",,,,
"USW00093824","ZANESVILLE MUNICIPAL AIRPORT, OH US","39.94609","-81.89315","268.6","2020-02-05","9.17",,"0.46",,"41","32","   90","   20","17.0","25.9","    1",,,,
"USW00093824","ZANESVILLE MUNICIPAL AIRPORT, OH US","39.94609","-81.89315","268.6","2020-02-06","5.59",,"0.20",,"38","32","  320","  310","14.1","18.1","    1",,,,
"USW00093824","ZANESVILLE MUNICIPAL AIRPORT, OH US","39.94609","-81.89315","268.6","2020-02-07","10.29",,"0.05",,"32","25","  290","  290","19.9","29.1","    1",,,,
"USW00093824","ZANESVILLE MUNICIPAL AIRPORT, OH US","39.94609","-81.89315","268.6","2020-02-08","5.82",,"0.02",,"32","25","  190","  180","10.1","14.1","    1",,,,"    1"
"USW00093824","ZANESVILLE MUNICIPAL AIRPORT, OH US","39.94609","-81.89315","268.6","2020-02-09","6.49",,"0.08",,"41","26","  180","  190","16.1","23.0","    1",,,,
"USW00093824","ZANESVILLE MUNICIPAL AIRPORT, OH US","39.94609","-81.89315","268.6","2020-02-10","6.71",,"0.25",,"49","40","  200","  200","14.1","19.0","    1",,,,
"USW00093824","ZANESVILLE MUNICIPAL AIRPORT, OH US","39.94609","-81.89315","268.6","2020-02-11","5.59",,"0.05",,"41","34","  280","  260","13.0","17.0","    1",,,,
"USW00093824","ZANESVILLE MUNICIPAL AIRPORT, OH US","39.94609","-81.89315","268.6","2020-02-12","4.70",,"0.54",,"37","26","  100","  110","13.0","16.1","    1",,,,
"USW00093824","ZANESVILLE MUNICIPAL AIRPORT, OH US","39.94609","-81.89315","268.6","2020-02-13","8.95",,"0.12",,"38","30","  280","  270","18.1","25.1","    1",,,,
"USW00093824","ZANESVILLE MUNICIPAL AIRPORT, OH US","39.94609","-81.89315","268.6","2020-02-14","8.05",,"0.00",,"30","15","  320","  310","18.1","27.1",,,,,
"USW00093824","ZANESVILLE MUNICIPAL AIRPORT, OH US","39.94609","-81.89315","268.6","2020-02-15","6.49",,"0.00",,"37","11","  150","  160","19.9","23.0",,,,,
"USW00093824","ZANESVILLE MUNICIPAL AIRPORT, OH US","39.94609","-81.89315","268.6","2020-02-16","2.46",,"0.00",,"41","25","  180","  190","8.1","8.9","    1",,,,
"USW00093824","ZANESVILLE MUNICIPAL AIRPORT, OH US","39.94609","-81.89315","268.6","2020-02-17","4.70",,"0.00",,"50","20","   70","   60","13.0","17.0","    1","    1",,,
"USW00093824","ZANESVILLE MUNICIPAL AIRPORT, OH US","39.94609","-81.89315","268.6","2020-02-18","9.84",,"0.07",,"53","34","  320","  310","19.9","25.9","    1",,,,"    1"
"USW00093824","ZANESVILLE MUNICIPAL AIRPORT, OH US","39.94609","-81.89315","268.6","2020-02-19","5.14",,"0.00",,"43","25","  310","  290","14.1","17.0",,,,,
"USW00093824","ZANESVILLE MUNICIPAL AIRPORT, OH US","39.94609","-81.89315","268.6","2020-02-20","4.92",,"0.00",,"32","17","  320","  350","14.1","18.1",,,,,
"USW00093824","ZANESVILLE MUNICIPAL AIRPORT, OH US","39.94609","-81.89315","268.6","2020-02-21","3.80",,"0.00",,"35","11","  270","  260","13.0","18.1",,,,,
"USW00093824","ZANESVILLE MUNICIPAL AIRPORT, OH US","39.94609","-81.89315","268.6","2020-02-22","6.71",,"0.00",,"49","19","  200","  200","16.1","19.9",,,,,
"USW00093824","ZANESVILLE MUNICIPAL AIRPORT, OH US","39.94609","-81.89315","268.6","2020-02-23","5.82",,"0.00",,"52","19","  200","  200","17.0","23.0",,,,,
"USW00093824","ZANESVILLE MUNICIPAL AIRPORT, OH US","39.94609","-81.89315","268.6","2020-02-24","4.70",,"0.09",,"50","26","  200","  240","12.1","16.1","    1",,,,
"USW00093824","ZANESVILLE MUNICIPAL AIRPORT, OH US","39.94609","-81.89315","268.6","2020-02-25","3.80",,"0.22",,"46","41","  280","   30","8.1","10.1","    1",,,,
"USW00093824","ZANESVILLE MUNICIPAL AIRPORT, OH US","39.94609","-81.89315","268.6","2020-02-26","5.37",,"0.33",,"45","30","  280","  270","21.0","29.1","    1","    1",,,"    1"
"USW00093824","ZANESVILLE MUNICIPAL AIRPORT, OH US","39.94609","-81.89315","268.6","2020-02-27","13.42",,"0.02",,"30","23","  270","  280","28.0","38.0","    1",,,,"    1"
"USW00093824","ZANESVILLE MUNICIPAL AIRPORT, OH US","39.94609","-81.89315","268.6","2020-02-28","10.29",,"0.00",,"31","18","  300","  280","19.9","28.0","    1",,,,
"USW00093824","ZANESVILLE MUNICIPAL AIRPORT, OH US","39.94609","-81.89315","268.6","2020-02-29","9.40",,"0.00",,"33","18","  300","  300","17.0","27.1",,,,,
"USW00093824","ZANESVILLE MUNICIPAL AIRPORT, OH US","39.94609","-81.89315","268.6","2020-03-01","7.61",,"0.00",,"50","16","  170","  180","17.0","19.9",,,,,
"USW00093824","ZANESVILLE MUNICIPAL AIRPORT, OH US","39.94609","-81.89315","268.6","2020-03-02","8.72",,"0.11",,"53","44","  200","  180","17.0","23.9","    1",,,,
"USW00093824","ZANESVILLE MUNICIPAL AIRPORT, OH US","39.94609","-81.89315","268.6","2020-03-03","10.51",,"0.90",,"58","42","  300","  300","31.1","45.0","    1",,"    1",,
"USW00093824","ZANESVILLE MUNICIPAL AIRPORT, OH US","39.94609","-81.89315","268.6","2020-03-04","9.84",,"0.00",,"57","35","  270","  240","25.9","38.9",,,,,
"USW00093824","ZANESVILLE MUNICIPAL AIRPORT, OH US","39.94609","-81.89315","268.6","2020-03-05","3.36",,"0.00",,"54","24","  290","  290","14.1","19.9",,,,,"    1"
"USW00093824","ZANESVILLE MUNICIPAL AIRPORT, OH US","39.94609","-81.89315","268.6","2020-03-06","11.18",,"0.10",,"41","32","  330","  330","25.1","34.0","    1",,,,
"USW00093824","ZANESVILLE MUNICIPAL AIRPORT, OH US","39.94609","-81.89315","268.6","2020-03-07","5.59",,"0.00",,"45","27","  330","  360","17.0","25.1",,,,,
"USW00093824","ZANESVILLE MUNICIPAL AIRPORT, OH US","39.94609","-81.89315","268.6","2020-03-08","6.71",,"0.00",,"63","25","  190","  180","15.0","19.0",,,,,
"USW00093824","ZANESVILLE MUNICIPAL AIRPORT, OH US","39.94609","-81.89315","268.6","2020-03-09","9.62",,"0.00",,"69","38","  190","  180","29.1","34.0",,,,,
"USW00093824","ZANESVILLE MUNICIPAL AIRPORT, OH US","39.94609","-81.89315","268.6","2020-03-10","10.96",,"0.19",,"63","43","  200","  190","23.0","31.1","    1",,,,
"USW00093824","ZANESVILLE MUNICIPAL AIRPORT, OH US","39.94609","-81.89315","268.6","2020-03-11","2.91",,"0.01",,"52","41","  270","   20","10.1","17.0","    1",,,,
"USW00093824","ZANESVILLE MUNICIPAL AIRPORT, OH US","39.94609","-81.89315","268.6","2020-03-12","6.04",,"0.08",,"67","41","  180","  160","15.0","19.0",,,,,
"USW00093824","ZANESVILLE MUNICIPAL AIRPORT, OH US","39.94609","-81.89315","268.6","2020-03-13","13.20",,"0.26",,"61","38","  300","  300","25.9","36.0","    1",,"    1",,
"USW00093824","ZANESVILLE MUNICIPAL AIRPORT, OH US","39.94609","-81.89315","268.6","2020-03-14","3.36",,"0.29",,"43","30","  280","  260","12.1","17.0","    1",,,,"    1"
"USW00093824","ZANESVILLE MUNICIPAL AIRPORT, OH US","39.94609","-81.89315","268.6","2020-03-15","6.26",,"0.00",,"48","33","   60","   30","13.0","17.0","    1",,,,
"USW00093824","ZANESVILLE MUNICIPAL AIRPORT, OH US","39.94609","-81.89315","268.6","2020-03-16","2.01",,"0.07",,"47","30","  190","  190","8.9","12.1","    1",,,,"    1"
"USW00093824","ZANESVILLE MUNICIPAL AIRPORT, OH US","39.94609","-81.89315","268.6","2020-03-17","4.47",,"0.01",,"46","39","  290","  310","13.0","17.0","    1",,,,
"USW00093824","ZANESVILLE MUNICIPAL AIRPORT, OH US","39.94609","-81.89315","268.6","2020-03-18","6.26",,"1.05",,"60","33","  170","  160","18.1","23.9","    1",,,,
"USW00093824","ZANESVILLE MUNICIPAL AIRPORT, OH US","39.94609","-81.89315","268.6","2020-03-19","7.16",,"0.67",,"67","50","  190","  190","17.0","25.1","    1",,,,
"USW00093824","ZANESVILLE MUNICIPAL AIRPORT, OH US","39.94609","-81.89315","268.6","2020-03-20","12.75",,"0.72",,"74","42","  320","  260","25.9","40.9","    1",,"    1",,
"USW00093824","ZANESVILLE MUNICIPAL AIRPORT, OH US","39.94609","-81.89315","268.6","2020-03-21","7.61",,"0.00",,"42","31","  360","   30","15.0","23.9",,,,,
"USW00093824","ZANESVILLE MUNICIPAL AIRPORT, OH US","39.94609","-81.89315","268.6","2020-03-22","5.14",,"0.01",,"49","27","   80","  100","14.1","18.1",,,,,
"USW00093824","ZANESVILLE MUNICIPAL AIRPORT, OH US","39.94609","-81.89315","268.6","2020-03-23","6.93",,"0.05",,"50","43","  150","  230","15.0","23.0","    1",,,,
"USW00093824","ZANESVILLE MUNICIPAL AIRPORT, OH US","39.94609","-81.89315","268.6","2020-03-24","5.82",,"0.00",,"49","42","   30","   30","10.1","15.0",,,,,
"USW00093824","ZANESVILLE MUNICIPAL AIRPORT, OH US","39.94609","-81.89315","268.6","2020-03-25","5.14",,"0.05",,"63","42","   50","   30","10.1","13.0","    1",,,,"    1"
"USW00093824","ZANESVILLE MUNICIPAL AIRPORT, OH US","39.94609","-81.89315","268.6","2020-03-26","6.93",,"0.18",,"69","40","  250","  250","17.0","21.9","    1",,"    1",,"    1"
"USW00093824","ZANESVILLE MUNICIPAL AIRPORT, OH US","39.94609","-81.89315","268.6","2020-03-27","5.37",,"0.19",,"60","51","   80","  140","13.0","19.9","    1",,,,
"USW00093824","ZANESVILLE MUNICIPAL AIRPORT, OH US","39.94609","-81.89315","268.6","2020-03-28","6.93",,"0.41",,"79","53","  260","  260","19.9","27.1","    1",,"    1",,
"USW00093824","ZANESVILLE MUNICIPAL AIRPORT, OH US","39.94609","-81.89315","268.6","2020-03-29","14.54",,"0.02",,"74","56","  240","  220","30.0","44.1",,,,,
"USW00093824","ZANESVILLE MUNICIPAL AIRPORT, OH US","39.94609","-81.89315","268.6","2020-03-30","12.30",,"0.00",,"57","43","  270","  300","23.0","31.1",,,,,
"USW00093824","ZANESVILLE MUNICIPAL AIRPORT, OH US","39.94609","-81.89315","268.6","2020-03-31","4.25",,"0.04",,"47","39","   20","   10","10.1","14.1","    1",,,,
"USW00093824","ZANESVILLE MUNICIPAL AIRPORT, OH US","39.94609","-81.89315","268.6","2020-04-01","7.16",,"0.00",,"51","42","  320","  330","15.0","19.9","    1",,,,
"USW00093824","ZANESVILLE MUNICIPAL AIRPORT, OH US","39.94609","-81.89315","268.6","2020-04-02","7.38",,"0.00",,"60","35","  320","  310","18.1","23.0",,,,,
"USW00093824","ZANESVILLE MUNICIPAL AIRPORT, OH US","39.94609","-81.89315","268.6","2020-04-03","4.92",,"0.00",,"66","29","  320","  320","17.0","23.0",,,,,
"USW00093824","ZANESVILLE MUNICIPAL AIRPORT, OH US","39.94609","-81.89315","268.6","2020-04-04","1.34",,"0.00",,"68","32","  290","  330","12.1","15.0",,,,,
"USW00093824","ZANESVILLE MUNICIPAL AIRPORT, OH US","39.94609","-81.89315","268.6","2020-04-05","4.70",,"0.06",,"56","41","  330","  340","12.1","15.0",,,,,
"USW00093824","ZANESVILLE MUNICIPAL AIRPORT, OH US","39.94609","-81.89315","268.6","2020-04-06","3.58",,"0.00",,"68","32","  150","  160","8.9","15.0","    1",,,,
"USW00093824","ZANESVILLE MUNICIPAL AIRPORT, OH US","39.94609","-81.89315","268.6","2020-04-07","5.37",,"0.72",,"73","48","  190","  160","15.0","23.9","    1",,"    1",,
"USW00093824","ZANESVILLE MUNICIPAL AIRPORT, OH US","39.94609","-81.89315","268.6","2020-04-08","5.82",,"0.79",,"73","53","  340","  340","30.0","40.9","    1",,"    1",,
"USW00093824","ZANESVILLE MUNICIPAL AIRPORT, OH US","39.94609","-81.89315","268.6","2020-04-09","14.99",,"0.29",,"55","39","  320","  320","31.1","42.9","    1",,"    1",,
"USW00093824","ZANESVILLE MUNICIPAL AIRPORT, OH US","39.94609","-81.89315","268.6","2020-04-10","12.97",,"0.00",,"48","34","  320","  330","25.1","35.1",,,,,
"USW00093824","ZANESVILLE MUNICIPAL AIRPORT, OH US","39.94609","-81.89315","268.6","2020-04-11","4.70",,"0.00",,"55","29","  240","  250","16.1","23.0",,,,,
"USW00093824","ZANESVILLE MUNICIPAL AIRPORT, OH US","39.94609","-81.89315","268.6","2020-04-12","7.38",,"0.51",,"67","43","  160","  170","19.9","29.1","    1",,,,
"USW00093824","ZANESVILLE MUNICIPAL AIRPORT, OH US","39.94609","-81.89315","268.6","2020-04-13","10.96",,"0.32",,"62","40","  270","  270","31.1","46.1","    1",,,,
"USW00093824","ZANESVILLE MUNICIPAL AIRPORT, OH US","39.94609","-81.89315","268.6","2020-04-14","5.59",,"0.00",,"45","34","  270","  270","17.0","23.0",,,,,
"USW00093824","ZANESVILLE MUNICIPAL AIRPORT, OH US","39.94609","-81.89315","268.6","2020-04-15","6.93",,"0.02",,"53","25","  260","  270","25.9","36.9","    1",,,,
"USW00093824","ZANESVILLE MUNICIPAL AIRPORT, OH US","39.94609","-81.89315","268.6","2020-04-16","7.61",,"0.00",,"49","27","  250","  240","21.9","29.1",,,,,
"USW00093824","ZANESVILLE MUNICIPAL AIRPORT, OH US","39.94609","-81.89315","268.6","2020-04-17","4.70",,"0.36",,"50","32","  250",,"10.1",,"    1",,,,
"USW00093824","ZANESVILLE MUNICIPAL AIRPORT, OH US","39.94609","-81.89315","268.6","2020-04-18","8.28",,"0.00",,"51","32","  260","  220","16.1","23.0","    1",,,,
"USW00093824","ZANESVILLE MUNICIPAL AIRPORT, OH US","39.94609","-81.89315","268.6","2020-04-19","7.16",,"0.00",,"60","35","  180","  210","17.0","21.9",,,,,
"USW00093824","ZANESVILLE MUNICIPAL AIRPORT, OH US","39.94609","-81.89315","268.6","2020-04-20","6.71",,"0.00",,"61","39","  280","  250","15.0","23.9",,,,,
"USW00093824","ZANESVILLE MUNICIPAL AIRPORT, OH US","39.94609","-81.89315","268.6","2020-04-21","14.54",,"0.00",,"55","35","  290","  280","25.9","35.1",,,,,
"USW00093824","ZANESVILLE MUNICIPAL AIRPORT, OH US","39.94609","-81.89315","268.6","2020-04-22","4.47",,"0.00",,"54","26","   80","   70","8.9","12.1",,,,,
"USW00093824","ZANESVILLE MUNICIPAL AIRPORT, OH US","39.94609","-81.89315","268.6","2020-04-23","3.36",,"0.05",,"58","40","  150","  130","13.0","15.0",,,,,"    1"
"USW00093824","ZANESVILLE MUNICIPAL AIRPORT, OH US","39.94609","-81.89315","268.6","2020-04-24","6.71",,"0.00",,"67","52","   20","  360","15.0","21.9",,,,,
"USW00093824","ZANESVILLE MUNICIPAL AIRPORT, OH US","39.94609","-81.89315","268.6","2020-04-25","6.26",,"0.17",,"70","45","  160","  150","28.0","35.1","    1",,,,
"USW00093824","ZANESVILLE MUNICIPAL AIRPORT, OH US","39.94609","-81.89315","268.6","2020-04-26","8.50",,"0.98",,"57","43","  340","   20","17.0","28.0","    1",,,,
"USW00093824","ZANESVILLE MUNICIPAL AIRPORT, OH US","39.94609","-81.89315","268.6","2020-04-27","6.26",,"0.00",,"62","43","  360","  360","15.0","21.9",,,,,
"USW00093824","ZANESVILLE MUNICIPAL AIRPORT, OH US","39.94609","-81.89315","268.6","2020-04-28","5.82",,"0.11",,"70","48","  180","  180","15.0","19.9",,,,,
"USW00093824","ZANESVILLE MUNICIPAL AIRPORT, OH US","39.94609","-81.89315","268.6","2020-04-29","10.74",,"0.36",,"77","52","  160","  190","29.1","38.0","    1",,,,
"USW00093824","ZANESVILLE MUNICIPAL AIRPORT, OH US","39.94609","-81.89315","268.6","2020-04-30","9.40",,"0.11",,"54","46","  230","  230","19.9","29.1","    1",,,,
"USW00093824","ZANESVILLE MUNICIPAL AIRPORT, OH US","39.94609","-81.89315","268.6","2020-05-01","6.49",,"0.06",,"56","44","  320","  300","15.0","23.0","    1",,,,
"USW00093824","ZANESVILLE MUNICIPAL AIRPORT, OH US","39.94609","-81.89315","268.6","2020-05-02","8.28",,"0.00",,"76","40","  200","  190","21.0","29.1",,,,,
"USW00093824","ZANESVILLE MUNICIPAL AIRPORT, OH US","39.94609","-81.89315","268.6","2020-05-03","7.16",,"0.13",,"73","60","  290","  280","15.0","23.9",,,,,
"USW00093824","ZANESVILLE MUNICIPAL AIRPORT, OH US","39.94609","-81.89315","268.6","2020-05-04","7.38",,"0.00",,"64","47","  310","  340","15.0","19.9",,,,,
"USW00093824","ZANESVILLE MUNICIPAL AIRPORT, OH US","39.94609","-81.89315","268.6","2020-05-05","7.38",,"0.11",,"52","41","   50","   50","16.1","21.0","    1",,,,"    1"
"USW00093824","ZANESVILLE MUNICIPAL AIRPORT, OH US","39.94609","-81.89315","268.6","2020-05-06","8.05",,"0.04",,"58","36","  320","  330","19.9","28.0","    1",,,,
"USW00093824","ZANESVILLE MUNICIPAL AIRPORT, OH US","39.94609","-81.89315","268.6","2020-05-07","7.61",,"0.00",,"66","30","  270","  270","23.9","32.0",,,,,
"USW00093824","ZANESVILLE MUNICIPAL AIRPORT, OH US","39.94609","-81.89315","268.6","2020-05-08","6.04",,"0.32",,"55","31","  310","  310","21.0","29.1","    1",,,,
"USW00093824","ZANESVILLE MUNICIPAL AIRPORT, OH US","39.94609","-81.89315","268.6","2020-05-09","9.17",,"0.00",,"49","28","  310","  310","23.0","31.1",,,,,
"USW00093824","ZANESVILLE MUNICIPAL AIRPORT, OH US","39.94609","-81.89315","268.6","2020-05-10","8.28",,"0.19",,"63","32","  260","  260","25.9","38.0","    1",,,,
"USW00093824","ZANESVILLE MUNICIPAL AIRPORT, OH US","39.94609","-81.89315","268.6","2020-05-11","8.05",,"0.02",,"45","39","  270","  270","19.9","25.9",,,,,
"USW00093824","ZANESVILLE MUNICIPAL AIRPORT, OH US","39.94609","-81.89315","268.6","2020-05-12","6.71",,"0.00",,"57","32","  300","  310","18.1","25.1",,,,,
"USW00093824","ZANESVILLE MUNICIPAL AIRPORT, OH US","39.94609","-81.89315","268.6","2020-05-13","2.91",,"0.00",,"68","32","  300","  310","10.1","12.1",,,,,
"USW00093824","ZANESVILLE MUNICIPAL AIRPORT, OH US","39.94609","-81.89315","268.6","2020-05-14","4.92",,"0.29",,"75","47","  320","  320","25.1","34.0","    1",,"    1",,
"USW00093824","ZANESVILLE MUNICIPAL AIRPORT, OH US","39.94609","-81.89315","268.6","2020-05-15","8.28",,"0.04",,"79","56","  200","  260","23.9","31.1","    1",,,,
"USW00093824","ZANESVILLE MUNICIPAL AIRPORT, OH US","39.94609","-81.89315","268.6","2020-05-16","5.14",,"0.00",,"76","56","   90","  100","12.1","15.0","    1","    1",,,
"USW00093824","ZANESVILLE MUNICIPAL AIRPORT, OH US","39.94609","-81.89315","268.6","2020-05-17","5.82",,"0.27",,"81","58","  200","  160","12.1","16.1","    1",,,,
"USW00093824","ZANESVILLE MUNICIPAL AIRPORT, OH US","39.94609","-81.89315","268.6","2020-05-18","5.82",,"0.28",,"76","66","  160","  150","16.1","21.9","    1",,,,
"USW00093824","ZANESVILLE MUNICIPAL AIRPORT, OH US","39.94609","-81.89315","268.6","2020-05-19","11.18",,"1.31",,"67","50","  110","  100","21.0","28.0","    1",,,,
"USW00093824","ZANESVILLE MUNICIPAL AIRPORT, OH US","39.94609","-81.89315","268.6","2020-05-20","7.38",,"0.95",,"56","46","   60","   60","17.0","23.9","    1",,,,
"USW00093824","ZANESVILLE MUNICIPAL AIRPORT, OH US","39.94609","-81.89315","268.6","2020-05-21","7.38",,"0.59",,"61","53","  100","  100","13.0","16.1","    1",,,,
"USW00093824","ZANESVILLE MUNICIPAL AIRPORT, OH US","39.94609","-81.89315","268.6","2020-05-22","2.68",,"0.13",,"72","56","  270","  230","8.9","15.0","    1",,,,
"USW00093824","ZANESVILLE MUNICIPAL AIRPORT, OH US","39.94609","-81.89315","268.6","2020-05-23","1.79",,"0.00",,"80","51","  230","   80","8.9","21.0","    1","    1",,,
"USW00093824","ZANESVILLE MUNICIPAL AIRPORT, OH US","39.94609","-81.89315","268.6","2020-05-24","2.01",,"0.00",,"88","61","  190","  310","8.9","19.9",,,,,
"USW00093824","ZANESVILLE MUNICIPAL AIRPORT, OH US","39.94609","-81.89315","268.6","2020-05-25","3.36",,"0.00",,"87","63","  190","  220","8.9","14.1","    1",,,,
"USW00093824","ZANESVILLE MUNICIPAL AIRPORT, OH US","39.94609","-81.89315","268.6","2020-05-26","4.70",,"0.00",,"88","65","  150","  110","14.1","19.0",,,,,
"USW00093824","ZANESVILLE MUNICIPAL AIRPORT, OH US","39.94609","-81.89315","268.6","2020-05-27","6.71",,"0.00",,"85","68","  180","  180","15.0","18.1",,,,,
"USW00093824","ZANESVILLE MUNICIPAL AIRPORT, OH US","39.94609","-81.89315","268.6","2020-05-28","5.82",,"0.80",,"83","65","  200","  220","17.0","21.9","    1",,,,
"USW00093824","ZANESVILLE MUNICIPAL AIRPORT, OH US","39.94609","-81.89315","268.6","2020-05-29","8.05",,"0.11",,"80","58","  290","  280","21.0","32.0","    1",,"    1",,
"USW00093824","ZANESVILLE MUNICIPAL AIRPORT, OH US","39.94609","-81.89315","268.6","2020-05-30","5.14",,"0.00",,"72","53","  320","  310","16.1","21.0","    1","    1",,,
"USW00093824","ZANESVILLE MUNICIPAL AIRPORT, OH US","39.94609","-81.89315","268.6","2020-05-31","5.82",,"0.00",,"68","48","  310","  290","15.0","21.0",,,,,
"USW00093824","ZANESVILLE MUNICIPAL AIRPORT, OH US","39.94609","-81.89315","268.6","2020-06-01","3.36",,"0.00",,"73","40","  240","  190","10.1","16.1",,,,,
"USW00093824","ZANESVILLE MUNICIPAL AIRPORT, OH US","39.94609","-81.89315","268.6","2020-06-02","8.50",,"0.00",,"87","57","  250","  290","19.9","27.1",,,,,
"USW00093824","ZANESVILLE MUNICIPAL AIRPORT, OH US","39.94609","-81.89315","268.6","2020-06-03","10.29",,"0.00",,"88","71","  270","  260","18.1","23.9",,,,,
"USW00093824","ZANESVILLE MUNICIPAL AIRPORT, OH US","39.94609","-81.89315","268.6","2020-06-04","6.04",,"1.07",,"85","66","  320","  330","31.1","40.0","    1",,"    1",,
"USW00093824","ZANESVILLE MUNICIPAL AIRPORT, OH US","39.94609","-81.89315","268.6","2020-06-05","3.80",,"0.00",,"84","68","  180","  200","10.1","14.1","    1",,,,
"USW00093824","ZANESVILLE MUNICIPAL AIRPORT, OH US","39.94609","-81.89315","268.6","2020-06-06","4.70",,"0.00",,"86","65","  320","  310","15.0","19.0","    1",,,,
"USW00093824","ZANESVILLE MUNICIPAL AIRPORT, OH US","39.94609","-81.89315","268.6","2020-06-07","3.58",,"0.00",,"79","56","  350","  360","13.0","17.0",,,,,
"USW00093824","ZANESVILLE MUNICIPAL AIRPORT, OH US","39.94609","-81.89315","268.6","2020-06-08","2.01",,"0.00",,"83","54","   30","  110","10.1","12.1",,,,,
"USW00093824","ZANESVILLE MUNICIPAL AIRPORT, OH US","39.94609","-81.89315","268.6","2020-06-09","5.14",,"0.00",,"91","56","  150","  140","14.1","19.9",,,,,
"USW00093824","ZANESVILLE MUNICIPAL AIRPORT, OH US","39.94609","-81.89315","268.6","2020-06-10","11.86",,"0.63",,"89","68","  260","  280","36.9","55.0","    1",,"    1",,
"USW00093824","ZANESVILLE MUNICIPAL AIRPORT, OH US","39.94609","-81.89315","268.6","2020-06-11","6.04",,"0.00",,"79","59","  260","  270","15.0","19.9",,,,,
"USW00093824","ZANESVILLE MUNICIPAL AIRPORT, OH US","39.94609","-81.89315","268.6","2020-06-12","4.47",,"0.00",,"80","54","  340","  310","16.1","23.0","    1",,,,
"USW00093824","ZANESVILLE MUNICIPAL AIRPORT, OH US","39.94609","-81.89315","268.6","2020-06-13","6.26",,"0.01",,"70","56","  340","  330","21.9","30.0","    1",,,,
"USW00093824","ZANESVILLE MUNICIPAL AIRPORT, OH US","39.94609","-81.89315","268.6","2020-06-14","5.14",,"0.04",,"73","47","  100","  130","14.1","18.1","    1",,,,
"USW00093824","ZANESVILLE MUNICIPAL AIRPORT, OH US","39.94609","-81.89315","268.6","2020-06-15","6.04",,"0.00",,"76","59","  110","  110","14.1","19.9",,,,,
"USW00093824","ZANESVILLE MUNICIPAL AIRPORT, OH US","39.94609","-81.89315","268.6","2020-06-16","4.47",,"0.00",,"80","55","   50","   40","15.0","21.9","    1",,,,
"USW00093824","ZANESVILLE MUNICIPAL AIRPORT, OH US","39.94609","-81.89315","268.6","2020-06-17","4.70",,"0.00",,"75","56","   70","  100","14.1","17.0",,,,,
"USW00093824","ZANESVILLE MUNICIPAL AIRPORT, OH US","39.94609","-81.89315","268.6","2020-06-18","3.80",,"0.06",,"78","62","   30","   20","10.1","14.1","    1",,"    1",,
"USW00093824","ZANESVILLE MUNICIPAL AIRPORT, OH US","39.94609","-81.89315","268.6","2020-06-19","2.91",,"0.00",,"83","61","  270","  280","12.1","14.1","    1","    1",,,
"USW00093824","ZANESVILLE MUNICIPAL AIRPORT, OH US","39.94609","-81.89315","268.6","2020-06-20","1.57",,"0.00",,"87","61","   10","  330","8.1","12.1","    1",,,,
"USW00093824","ZANESVILLE MUNICIPAL AIRPORT, OH US","39.94609","-81.89315","268.6","2020-06-21","5.14",,"0.09",,"89","63","  260","  270","21.0","25.9","    1",,"    1",,
"USW00093824","ZANESVILLE MUNICIPAL AIRPORT, OH US","39.94609","-81.89315","268.6","2020-06-22","5.14",,"0.65",,"82","65","  220","  240","14.1","18.1","    1",,"    1",,
"USW00093824","ZANESVILLE MUNICIPAL AIRPORT, OH US","39.94609","-81.89315","268.6","2020-06-23","7.61",,"0.17",,"80","61","  200","  200","19.9","25.1","    1",,,,
"USW00093824","ZANESVILLE MUNICIPAL AIRPORT, OH US","39.94609","-81.89315","268.6","2020-06-24","4.92",,"0.00",,"78","57","  270","  270","16.1","23.0",,,,,
"USW00093824","ZANESVILLE MUNICIPAL AIRPORT, OH US","39.94609","-81.89315","268.6","2020-06-25","4.25",,"0.33",,"81","55","  240","  240","21.0","25.9",,,"    1",,
"USW00093824","ZANESVILLE MUNICIPAL AIRPORT, OH US","39.94609","-81.89315","268.6","2020-06-26","7.16",,"0.48",,"85","59","  200","  200","21.9","28.0","    1",,"    1",,
"USW00093824","ZANESVILLE MUNICIPAL AIRPORT, OH US","39.94609","-81.89315","268.6","2020-06-27","6.71",,"0.37",,"82","70","  250","  230","17.0","23.0","    1",,"    1",,
"USW00093824","ZANESVILLE MUNICIPAL AIRPORT, OH US","39.94609","-81.89315","268.6","2020-06-28","4.92",,"0.55",,"83","70","   10","  250","12.1","19.9","    1",,,,"    1"
"USW00093824","ZANESVILLE MUNICIPAL AIRPORT, OH US","39.94609","-81.89315","268.6","2020-06-29","2.01",,"0.00",,"85","66","  330","  330","8.9","12.1","    1","    1",,,
"USW00093824","ZANESVILLE MUNICIPAL AIRPORT, OH US","39.94609","-81.89315","268.6","2020-06-30","2.24",,"0.00",,"87","65","   50","   50","10.1","13.0","    1",,,,
"USW00093824","ZANESVILLE MUNICIPAL AIRPORT, OH US","39.94609","-81.89315","268.6","2020-07-01","4.03",,"0.00",,"86","63","   30","   40","13.0","17.0",,,,,
"USW00093824","ZANESVILLE MUNICIPAL AIRPORT, OH US","39.94609","-81.89315","268.6","2020-07-02","2.24",,"0.00",,"88","63","  340","   20","8.9","15.0",,,,,
"USW00093824","ZANESVILLE MUNICIPAL AIRPORT, OH US","39.94609","-81.89315","268.6","2020-07-03","1.79",,"0.00",,"89","63","  330","  330","8.9","13.0","    1",,,,
"USW00093824","ZANESVILLE MUNICIPAL AIRPORT, OH US","39.94609","-81.89315","268.6","2020-07-04","2.46",,"0.01",,"90","66","  320","  320","17.0","21.9","    1",,"    1",,
"USW00093824","ZANESVILLE MUNICIPAL AIRPORT, OH US","39.94609","-81.89315","268.6","2020-07-05","2.68",,"0.00",,"91","64","  340",,"6.9",,"    1",,,,
"USW00093824","ZANESVILLE MUNICIPAL AIRPORT, OH US","39.94609","-81.89315","268.6","2020-07-06","1.34",,"0.00",,"92","67","   30","  130","8.1","10.1","    1",,,,
"USW00093824","ZANESVILLE MUNICIPAL AIRPORT, OH US","39.94609","-81.89315","268.6","2020-07-07","2.68",,"1.92",,"91","69","  270","  240","35.1","55.0","    1","    1","    1",,"    1"
"USW00093824","ZANESVILLE MUNICIPAL AIRPORT, OH US","39.94609","-81.89315","268.6","2020-07-08","1.34",,"0.00",,"90","66","  140","  140","6.9","10.1","    1","    1",,,
"USW00093824","ZANESVILLE MUNICIPAL AIRPORT, OH US","39.94609","-81.89315","268.6","2020-07-09","2.01",,"0.00",,"91","70","  100","  150","8.1","10.1","    1",,,,
"USW00093824","ZANESVILLE MUNICIPAL AIRPORT, OH US","39.94609","-81.89315","268.6","2020-07-10","5.59",,"0.00",,"90","71","  280","  290","23.0","31.1","    1",,"    1",,
"USW00093824","ZANESVILLE MUNICIPAL AIRPORT, OH US","39.94609","-81.89315","268.6","2020-07-11","8.95",,"0.05",,"84","68","  290","  270","19.9","28.0","    1",,,,
"USW00093824","ZANESVILLE MUNICIPAL AIRPORT, OH US","39.94609","-81.89315","268.6","2020-07-12","4.70",,"0.01",,"79","62","  200","  270","14.1","17.0","    1",,"    1",,
"USW00093824","ZANESVILLE MUNICIPAL AIRPORT, OH US","39.94609","-81.89315","268.6","2020-07-13","2.46",,"0.00",,"83","59","  360","  350","12.1","15.0","    1","    1",,,
"USW00093824","ZANESVILLE MUNICIPAL AIRPORT, OH US","39.94609","-81.89315","268.6","2020-07-14","1.34",,"0.00",,"84","59","  100","   40","8.9","11.0",,,,,
"USW00093824","ZANESVILLE MUNICIPAL AIRPORT, OH US","39.94609","-81.89315","268.6","2020-07-15","2.91",,"0.00",,"88","59","  140","  150","10.1","14.1",,,,,
"USW00093824","ZANESVILLE MUNICIPAL AIRPORT, OH US","39.94609","-81.89315","268.6","2020-07-16","8.28",,"0.00",,"89","71","  200","  220","19.9","27.1",,,,,
"USW00093824","ZANESVILLE MUNICIPAL AIRPORT, OH US","39.94609","-81.89315","268.6","2020-07-17","2.24",,"0.00",,"87","67","  200","  190","8.9","13.0","    1","    1",,,
"USW00093824","ZANESVILLE MUNICIPAL AIRPORT, OH US","39.94609","-81.89315","268.6","2020-07-18","3.13",,"0.00",,"91","63","  250","  250","12.1","14.1",,,,,
"USW00093824","ZANESVILLE MUNICIPAL AIRPORT, OH US","39.94609","-81.89315","268.6","2020-07-19","7.61",,"0.08",,"94","70","  250","  250","21.9","32.0",,,"    1",,
"USW00093824","ZANESVILLE MUNICIPAL AIRPORT, OH US","39.94609","-81.89315","268.6","2020-07-20","3.58",,"0.00",,"89","70","  260","  220","13.0","17.0",,,,,
"USW00093824","ZANESVILLE MUNICIPAL AIRPORT, OH US","39.94609","-81.89315","268.6","2020-07-21","3.58",,"0.50",,"90","69","  320","  310","23.0","31.1","    1",,"    1",,
"USW00093824","ZANESVILLE MUNICIPAL AIRPORT, OH US","39.94609","-81.89315","268.6","2020-07-22","6.04",,"0.18",,"84","68","  280","  280","17.0","23.0","    1",,"    1",,
"USW00093824","ZANESVILLE MUNICIPAL AIRPORT, OH US","39.94609","-81.89315","268.6","2020-07-23","5.82",,"0.07",,"84","70","  190","  240","14.1","21.0","    1",,"    1",,
"USW00093824","ZANESVILLE MUNICIPAL AIRPORT, OH US","39.94609","-81.89315","268.6","2020-07-24","2.24",,"0.00",,"87","69","  300","  310","8.1","11.0","    1","    1",,,
"USW00093824","ZANESVILLE MUNICIPAL AIRPORT, OH US","39.94609","-81.89315","268.6","2020-07-25","1.79",,"0.00",,"88","63","   70","   20","8.9","13.0",,,,,
"USW00093824","ZANESVILLE MUNICIPAL AIRPORT, OH US","39.94609","-81.89315","268.6","2020-07-26","3.80",,"0.00",,"90","64","  260","  280","14.1","19.9","    1",,,,
"USW00093824","ZANESVILLE MUNICIPAL AIRPORT, OH US","39.94609","-81.89315","268.6","2020-07-27","5.59",,"0.35",,"92","69","  300","  330","25.1","33.1","    1",,"    1",,"    1"
"USW00093824","ZANESVILLE MUNICIPAL AIRPORT, OH US","39.94609","-81.89315","268.6","2020-07-28","4.70",,"0.17",,"85","67","  320","  320","14.1","18.1","    1",,,,
"USW00093824","ZANESVILLE MUNICIPAL AIRPORT, OH US","39.94609","-81.89315","268.6","2020-07-29","3.36",,"0.00",,"88","62","  250","  200","10.1","14.1","    1",,,,
"USW00093824","ZANESVILLE MUNICIPAL AIRPORT, OH US","39.94609","-81.89315","268.6","2020-07-30","2.01",,"0.12",,"82","66","  140","  130","15.0","21.0","    1",,,,
"USW00093824","ZANESVILLE MUNICIPAL AIRPORT, OH US","39.94609","-81.89315","268.6","2020-07-31","4.03",,"0.04",,"86","67","  340","  320","10.1","17.0","    1",,,,
"USW00093824","ZANESVILLE MUNICIPAL AIRPORT, OH US","39.94609","-81.89315","268.6","2020-08-01","5.82",,"0.18",,"84","69","  190","  150","16.1","19.9","    1",,"    1",,
"USW00093824","ZANESVILLE MUNICIPAL AIRPORT, OH US","39.94609","-81.89315","268.6","2020-08-02","8.72",,"0.06",,"73","65","  250","  230","19.9","27.1","    1",,,,"    1"
"USW00093824","ZANESVILLE MUNICIPAL AIRPORT, OH US","39.94609","-81.89315","268.6","2020-08-03","5.14",,"0.10",,"83","61","  290","  290","17.0","23.0","    1",,"    1",,
"USW00093824","ZANESVILLE MUNICIPAL AIRPORT, OH US","39.94609","-81.89315","268.6","2020-08-04","3.80",,"0.55",,"76","62","  280","  290","15.0","21.0","    1","    1",,,
"USW00093824","ZANESVILLE MUNICIPAL AIRPORT, OH US","39.94609","-81.89315","268.6","2020-08-05","1.57",,"0.00",,"77","54","  240","  220","10.1","12.1","    1","    1",,,
"USW00093824","ZANESVILLE MUNICIPAL AIRPORT, OH US","39.94609","-81.89315","268.6","2020-08-06","3.13",,"0.00",,"81","57","  360","  360","6.9","10.1",,,,,
"USW00093824","ZANESVILLE MUNICIPAL AIRPORT, OH US","39.94609","-81.89315","268.6","2020-08-07","3.80",,"0.00",,"83","60","  340","   30","10.1","13.0",,,,,
"USW00093824","ZANESVILLE MUNICIPAL AIRPORT, OH US","39.94609","-81.89315","268.6","2020-08-08","0.45",,"0.00",,"84","59","  300","  280","8.9","11.0","    1",,,,
"USW00093824","ZANESVILLE MUNICIPAL AIRPORT, OH US","39.94609","-81.89315","268.6","2020-08-09","2.24",,"0.00",,"87","59","  160","  220","8.9","13.0","    1",,,,
"USW00093824","ZANESVILLE MUNICIPAL AIRPORT, OH US","39.94609","-81.89315","268.6","2020-08-10","3.13",,"0.00",,"90","63","  150","  180","10.1","17.0","    1",,,,
"USW00093824","ZANESVILLE MUNICIPAL AIRPORT, OH US","39.94609","-81.89315","268.6","2020-08-11","4.25",,"0.00",,"85","69","  260","  270","14.1","18.1","    1",,,,
"USW00093824","ZANESVILLE MUNICIPAL AIRPORT, OH US","39.94609","-81.89315","268.6","2020-08-12","1.79",,"0.00",,"88","66","  330","  340","10.1","13.0","    1",,,,
"USW00093824","ZANESVILLE MUNICIPAL AIRPORT, OH US","39.94609","-81.89315","268.6","2020-08-13","4.03",,"0.00",,"91","63","  320","  320","10.1","14.1",,,,,
"USW00093824","ZANESVILLE MUNICIPAL AIRPORT, OH US","39.94609","-81.89315","268.6","2020-08-14","4.47",,"0.00",,"90","71","   70","   70","13.0","17.0",,,,,
"USW00093824","ZANESVILLE MUNICIPAL AIRPORT, OH US","39.94609","-81.89315","268.6","2020-08-15","4.70",,"0.00",,"78","63","  100","  100","17.0","23.0",,,,,
"USW00093824","ZANESVILLE MUNICIPAL AIRPORT, OH US","39.94609","-81.89315","268.6","2020-08-16","2.24",,"0.04",,"82","57","  280","  300","12.1","16.1","    1","    1","    1",,
"USW00093824","ZANESVILLE MUNICIPAL AIRPORT, OH US","39.94609","-81.89315","268.6","2020-08-17","2.46",,"0.00",,"84","60","  230","  240","15.0","19.9","    1","    1","    1",,
"USW00093824","ZANESVILLE MUNICIPAL AIRPORT, OH US","39.94609","-81.89315","268.6","2020-08-18","2.91",,"0.00",,"81","57","  360","  280","12.1","15.0","    1","    1",,,
"USW00093824","ZANESVILLE MUNICIPAL AIRPORT, OH US","39.94609","-81.89315","268.6","2020-08-19","5.59",,"0.00",,"79","55","  330","   50","14.1","21.0",,,,,
"USW00093824","ZANESVILLE MUNICIPAL AIRPORT, OH US","39.94609","-81.89315","268.6","2020-08-20","2.01",,"0.00",,"84","50","   60","   70","8.9","12.1",,,,,
"USW00093824","ZANESVILLE MUNICIPAL AIRPORT, OH US","39.94609","-81.89315","268.6","2020-08-21","2.01",,"0.00",,"86","59","  180","  190","10.1","14.1",,,"    1",,
"USW00093824","ZANESVILLE MUNICIPAL AIRPORT, OH US","39.94609","-81.89315","268.6","2020-08-22","2.68",,"0.00",,"82","66","  200","  220","8.9","11.0","    1",,"    1",,
"USW00093824","ZANESVILLE MUNICIPAL AIRPORT, OH US","39.94609","-81.89315","268.6","2020-08-23","3.13",,"0.00",,"86","63","  250","  270","13.0","17.0","    1","    1",,,
"USW00093824","ZANESVILLE MUNICIPAL AIRPORT, OH US","39.94609","-81.89315","268.6","2020-08-24","5.37",,"0.01",,"89","65","  290","  290","18.1","25.1","    1",,"    1",,
"USW00093824","ZANESVILLE MUNICIPAL AIRPORT, OH US","39.94609","-81.89315","268.6","2020-08-25","5.14",,"0.57",,"93","68","  310","  320","35.1","46.1","    1","    1","    1",,"    1"
"USW00093824","ZANESVILLE MUNICIPAL AIRPORT, OH US","39.94609","-81.89315","268.6","2020-08-26","4.70",,"0.02",,"87","64","   60","   70","17.0","21.0","    1","    1","    1",,
"USW00093824","ZANESVILLE MUNICIPAL AIRPORT, OH US","39.94609","-81.89315","268.6","2020-08-27","6.93",,"0.00",,"86","70","  250","  250","17.0","25.9","    1",,,,
"USW00093824","ZANESVILLE MUNICIPAL AIRPORT, OH US","39.94609","-81.89315","268.6","2020-08-28","4.70",,"1.42",,"87","70","  290","  280","18.1","23.9","    1",,"    1",,
"USW00093824","ZANESVILLE MUNICIPAL AIRPORT, OH US","39.94609","-81.89315","268.6","2020-08-29","6.49",,"0.00",,"84","63","  270","  290","21.0","27.1","    1","    1",,,
"USW00093824","ZANESVILLE MUNICIPAL AIRPORT, OH US","39.94609","-81.89315","268.6","2020-08-30","2.91",,"0.00",,"78","57","  300","  300","10.1","14.1",,,,,
"USW00093824","ZANESVILLE MUNICIPAL AIRPORT, OH US","39.94609","-81.89315","268.6","2020-08-31","2.01",,"0.00",,"77","57","  160","  150","8.9","12.1",,,,,
"USW00093824","ZANESVILLE MUNICIPAL AIRPORT, OH US","39.94609","-81.89315","268.6","2020-09-01","2.24",,"0.01",,"85","66","  240","  220","10.1","15.0","    1","    1",,,
"USW00093824","ZANESVILLE MUNICIPAL AIRPORT, OH US","39.94609","-81.89315","268.6","2020-09-02","6.26",,"0.38",,"83","70","  260","  270","19.9","27.1","    1",,,,"    1"
"USW00093824","ZANESVILLE MUNICIPAL AIRPORT, OH US","39.94609","-81.89315","268.6","2020-09-03","4.25",,"0.18",,"80","68","  290","  300","12.1","15.0","    1",,,,
"USW00093824","ZANESVILLE MUNICIPAL AIRPORT, OH US","39.94609","-81.89315","268.6","2020-09-04","6.26",,"0.00",,"76","56","  350","  340","14.1","21.0",,,,,
"USW00093824","ZANESVILLE MUNICIPAL AIRPORT, OH US","39.94609","-81.89315","268.6","2020-09-05","4.03",,"0.00",,"79","50","  200","  190","13.0","17.0","    1",,,,
"USW00093824","ZANESVILLE MUNICIPAL AIRPORT, OH US","39.94609","-81.89315","268.6","2020-09-06","3.80",,"0.00",,"78","55","  120","  260","8.9","14.1",,,,,
"USW00093824","ZANESVILLE MUNICIPAL AIRPORT, OH US","39.94609","-81.89315","268.6","2020-09-07","9.17",,"0.74",,"84","63","  310","  310","28.0","36.0","    1",,"    1",,
"USW00093824","ZANESVILLE MUNICIPAL AIRPORT, OH US","39.94609","-81.89315","268.6","2020-09-08","3.36",,"0.00",,"85","64","  150","  150","10.1","13.0","    1",,,,
"USW00093824","ZANESVILLE MUNICIPAL AIRPORT, OH US","39.94609","-81.89315","268.6","2020-09-09","2.01",,"0.00",,"87","61","   90","   90","8.1","11.0","    1",,,,
"USW00093824","ZANESVILLE MUNICIPAL AIRPORT, OH US","39.94609","-81.89315","268.6","2020-09-10","3.80",,"0.00",,"87","63","   40","   20","12.1","15.0","    1","    1",,,
"USW00093824","ZANESVILLE MUNICIPAL AIRPORT, OH US","39.94609","-81.89315","268.6","2020-09-11","4.92",,"0.00",,"72","60","   30","   10","10.1","14.1",,,,,
"USW00093824","ZANESVILLE MUNICIPAL AIRPORT, OH US","39.94609","-81.89315","268.6","2020-09-12","6.49",,"0.00",,"84","57","  150","  140","16.1","19.9",,,,,"    1"
"USW00093824","ZANESVILLE MUNICIPAL AIRPORT, OH US","39.94609","-81.89315","268.6","2020-09-13","4.70",,"0.14",,"78","63","  190","  190","14.1","19.0","    1",,,,
"USW00093824","ZANESVILLE MUNICIPAL AIRPORT, OH US","39.94609","-81.89315","268.6","2020-09-14","5.37",,"0.00",,"73","52","   50","   60","14.1","19.0","    1","    1",,,
"USW00093824","ZANESVILLE MUNICIPAL AIRPORT, OH US","39.94609","-81.89315","268.6","2020-09-15","2.01",,"0.00",,"70","47","   80","   70","8.9","12.1","    1",,,,
"USW00093824","ZANESVILLE MUNICIPAL AIRPORT, OH US","39.94609","-81.89315","268.6","2020-09-16","2.24",,"0.00",,"77","46","  250","  200","8.9","12.1","    1","    1",,,
"USW00093824","ZANESVILLE MUNICIPAL AIRPORT, OH US","39.94609","-81.89315","268.6","2020-09-17","4.92",,"0.00",,"73","51","  360","  340","12.1","16.1","    1","    1",,,
"USW00093824","ZANESVILLE MUNICIPAL AIRPORT, OH US","39.94609","-81.89315","268.6","2020-09-18","7.61",,"0.00",,"66","43","  340","  320","16.1","23.9",,,,,
"USW00093824","ZANESVILLE MUNICIPAL AIRPORT, OH US","39.94609","-81.89315","268.6","2020-09-19","4.47",,"0.00",,"65","39","  100","  100","17.0","21.9",,,,,
"USW00093824","ZANESVILLE MUNICIPAL AIRPORT, OH US","39.94609","-81.89315","268.6","2020-09-20","4.92",,"0.00",,"69","40","   70","   40","14.1","19.9",,,,,
"USW00093824","ZANESVILLE MUNICIPAL AIRPORT, OH US","39.94609","-81.89315","268.6","2020-09-21","2.24",,"0.00",,"68","37","  120","  140","10.1","15.0",,,,,
"USW00093824","ZANESVILLE MUNICIPAL AIRPORT, OH US","39.94609","-81.89315","268.6","2020-09-22","1.34",,"0.00",,"71","39","  310","  310","8.1","11.0","    1",,,,
"USW00093824","ZANESVILLE MUNICIPAL AIRPORT, OH US","39.94609","-81.89315","268.6","2020-09-23","2.01",,"0.00",,"77","43","  230","  220","8.9","12.1",,,,,
"USW00093824","ZANESVILLE MUNICIPAL AIRPORT, OH US","39.94609","-81.89315","268.6","2020-09-24","0.67",,"0.00",,"77","55","  180","  200","8.1","11.0","    1","    1",,,
"USW00093824","ZANESVILLE MUNICIPAL AIRPORT, OH US","39.94609","-81.89315","268.6","2020-09-25","3.36",,"0.00",,"79","50","  100","  100","14.1","18.1","    1",,,,
"USW00093824","ZANESVILLE MUNICIPAL AIRPORT, OH US","39.94609","-81.89315","268.6","2020-09-26","4.25",,"0.00",,"80","53","  180","  180","13.0","17.0","    1",,,,
"USW00093824","ZANESVILLE MUNICIPAL AIRPORT, OH US","39.94609","-81.89315","268.6","2020-09-27","6.71",,"0.00",,"80","60","  200","  200","17.0","21.0",,,,,
"USW00093824","ZANESVILLE MUNICIPAL AIRPORT, OH US","39.94609","-81.89315","268.6","2020-09-28","8.72",,"0.93",,"81","55","  200","  210","19.9","25.9","    1",,,,
"USW00093824","ZANESVILLE MUNICIPAL AIRPORT, OH US","39.94609","-81.89315","268.6","2020-09-29","3.80",,"0.05",,"62","51","  270","  270","10.1","15.0","    1",,,,
"USW00093824","ZANESVILLE MUNICIPAL AIRPORT, OH US","39.94609","-81.89315","268.6","2020-09-30","7.38",,"0.10",,"65","47","  200","  210","25.1","31.1","    1",,,,
"USW00093824","ZANESVILLE MUNICIPAL AIRPORT, OH US","39.94609","-81.89315","268.6","2020-10-01","4.92",,"0.00",,"66","42","  320","  310","21.9","29.1","    1",,,,
"USW00093824","ZANESVILLE MUNICIPAL AIRPORT, OH US","39.94609","-81.89315","268.6","2020-10-02","4.47",,"0.00",,"60","40","  270","  260","14.1","18.1",,,,,
"USW00093824","ZANESVILLE MUNICIPAL AIRPORT, OH US","39.94609","-81.89315","268.6","2020-10-03","2.01",,"0.00",,"62","37","  180","  160","10.1","14.1",,,,,
"USW00093824","ZANESVILLE MUNICIPAL AIRPORT, OH US","39.94609","-81.89315","268.6","2020-10-04","4.25",,"0.13",,"68","49","  290","  290","31.1","40.0","    1",,"    1",,
"USW00093824","ZANESVILLE MUNICIPAL AIRPORT, OH US","39.94609","-81.89315","268.6","2020-10-05","2.68",,"0.00",,"55","38","  190","  180","8.9","12.1","    1",,,,
"USW00093824","ZANESVILLE MUNICIPAL AIRPORT, OH US","39.94609","-81.89315","268.6","2020-10-06","5.37",,"0.00",,"68","35","  200","  200","16.1","19.9","    1",,,,
"USW00093824","ZANESVILLE MUNICIPAL AIRPORT, OH US","39.94609","-81.89315","268.6","2020-10-07","8.50",,"0.00",,"78","48","  300","  270","19.9","33.1",,,,,
"USW00093824","ZANESVILLE MUNICIPAL AIRPORT, OH US","39.94609","-81.89315","268.6","2020-10-08","1.57",,"0.00",,"69","41","  330","  320","12.1","14.1",,,,,
"USW00093824","ZANESVILLE MUNICIPAL AIRPORT, OH US","39.94609","-81.89315","268.6","2020-10-09","4.47",,"0.00",,"74","41","  160","  180","14.1","18.1","    1",,,,
"USW00093824","ZANESVILLE MUNICIPAL AIRPORT, OH US","39.94609","-81.89315","268.6","2020-10-10","6.26",,"0.00",,"71","59","  210","  210","15.0","23.0",,,,,
"USW00093824","ZANESVILLE MUNICIPAL AIRPORT, OH US","39.94609","-81.89315","268.6","2020-10-11","4.70",,"0.06",,"70","62","   80","  100","8.9","13.0","    1",,,,
"USW00093824","ZANESVILLE MUNICIPAL AIRPORT, OH US","39.94609","-81.89315","268.6","2020-10-12","8.05",,"0.01",,"75","60","  310","  320","23.0","29.1",,,"    1",,
"USW00093824","ZANESVILLE MUNICIPAL AIRPORT, OH US","39.94609","-81.89315","268.6","2020-10-13","5.82",,"0.03",,"67","45","  310","  310","19.9","25.9",,,,,
"USW00093824","ZANESVILLE MUNICIPAL AIRPORT, OH US","39.94609","-81.89315","268.6","2020-10-14","6.04",,"0.00",,"71","40","  180","  170","14.1","19.0",,,,,
"USW00093824","ZANESVILLE MUNICIPAL AIRPORT, OH US","39.94609","-81.89315","268.6","2020-10-15","9.62",,"0.05",,"69","49","  310","  320","18.1","25.1",,,,,
"USW00093824","ZANESVILLE MUNICIPAL AIRPORT, OH US","39.94609","-81.89315","268.6","2020-10-16","4.03",,"0.00",,"57","33","  320","  290","12.1","17.0",,,,,
"USW00093824","ZANESVILLE MUNICIPAL AIRPORT, OH US","39.94609","-81.89315","268.6","2020-10-17","2.68",,"0.00",,"61","29","  160","  240","13.0","17.0",,,,,
"USW00093824","ZANESVILLE MUNICIPAL AIRPORT, OH US","39.94609","-81.89315","268.6","2020-10-18","7.61",,"0.00",,"60","39","  200","  190","16.1","21.9",,,,,
"USW00093824","ZANESVILLE MUNICIPAL AIRPORT, OH US","39.94609","-81.89315","268.6","2020-10-19","4.25",,,,"60","52","  160","  140","12.1","16.1","    1",,,,
"USW00093824","ZANESVILLE MUNICIPAL AIRPORT, OH US","39.94609","-81.89315","268.6","2020-10-20","4.47",,"0.15",,"61","53","  340","   40","8.9","11.0","    1","    1",,,
"USW00093824","ZANESVILLE MUNICIPAL AIRPORT, OH US","39.94609","-81.89315","268.6","2020-10-21","4.70",,"0.00",,"73","57","  250","  250","13.0","18.1","    1","    1",,,
"USW00093824","ZANESVILLE MUNICIPAL AIRPORT, OH US","39.94609","-81.89315","268.6","2020-10-22","3.13",,"0.00",,"80","51","  180","  180","13.0","16.1","    1","    1",,,
"USW00093824","ZANESVILLE MUNICIPAL AIRPORT, OH US","39.94609","-81.89315","268.6","2020-10-23","6.04",,"0.28",,"80","53","  280","  280","17.0","23.9","    1",,,,
"USW00093824","ZANESVILLE MUNICIPAL AIRPORT, OH US","39.94609","-81.89315","268.6","2020-10-24","7.83",,"0.03",,"64","42","  310","  310","19.9","27.1","    1",,,,
"USW00093824","ZANESVILLE MUNICIPAL AIRPORT, OH US","39.94609","-81.89315","268.6","2020-10-25","5.82",,"0.00",,"50","41","   50","   50","12.1","16.1","    1",,,,
"USW00093824","ZANESVILLE MUNICIPAL AIRPORT, OH US","39.94609","-81.89315","268.6","2020-10-26","3.80",,"0.00",,"55","47","  340","  330","13.0","15.0","    1",,,,
"USW00093824","ZANESVILLE MUNICIPAL AIRPORT, OH US","39.94609","-81.89315","268.6","2020-10-27","3.13",,"0.02",,"53","47","  360","  280","8.9","16.1","    1",,,,
"USW00093824","ZANESVILLE MUNICIPAL AIRPORT, OH US","39.94609","-81.89315","268.6","2020-10-28","2.01",,"0.08",,"54","49","  320","  320","8.1","8.9","    1",,,,
"USW00093824","ZANESVILLE MUNICIPAL AIRPORT, OH US","39.94609","-81.89315","268.6","2020-10-29","8.28",,"1.02",,"51","48","   10","  350","14.1","18.1","    1",,,,
"USW00093824","ZANESVILLE MUNICIPAL AIRPORT, OH US","39.94609","-81.89315","268.6","2020-10-30","10.07",,"0.01",,"49","36","  320","  330","18.1","25.9","    1",,,,
"USW00093824","ZANESVILLE MUNICIPAL AIRPORT, OH US","39.94609","-81.89315","268.6","2020-10-31","2.91",,"0.00",,"53","28","  120","  190","12.1","16.1",,,,,
"USW00093824","ZANESVILLE MUNICIPAL AIRPORT, OH US","39.94609","-81.89315","268.6","2020-11-01","15.43",,"0.00",,"56","33","  290","  270","32.0","44.1",,,,,"    1"
"USW00093824","ZANESVILLE MUNICIPAL AIRPORT, OH US","39.94609","-81.89315","268.6","2020-11-02","10.51",,"0.00",,"47","29","  310","  300","21.9","30.0",,,,,
"USW00093824","ZANESVILLE MUNICIPAL AIRPORT, OH US","39.94609","-81.89315","268.6","2020-11-03","6.71",,"0.00",,"61","33","  250","  250","14.1","21.0",,,,,
"USW00093824","ZANESVILLE MUNICIPAL AIRPORT, OH US","39.94609","-81.89315","268.6","2020-11-04","5.82",,"0.00",,"69","36","  180","  220","14.1","19.0",,,,,
"USW00093824","ZANESVILLE MUNICIPAL AIRPORT, OH US","39.94609","-81.89315","268.6","2020-11-05","4.92",,"0.00",,"70","40","  200","  240","16.1","21.9",,,,,
"USW00093824","ZANESVILLE MUNICIPAL AIRPORT, OH US","39.94609","-81.89315","268.6","2020-11-06","2.24",,"0.00",,"70","37","  190","  190","12.1","14.1",,,,,"    1"
"USW00093824","ZANESVILLE MUNICIPAL AIRPORT, OH US","39.94609","-81.89315","268.6","2020-11-07","0.45",,"0.00",,"74","36","  180","  200","6.9","8.9","    1",,,,"    1"
"USW00093824","ZANESVILLE MUNICIPAL AIRPORT, OH US","39.94609","-81.89315","268.6","2020-11-08","0.67",,"0.00",,"78","38","  110","   50","6.9","8.9",,,,,"    1"
"USW00093824","ZANESVILLE MUNICIPAL AIRPORT, OH US","39.94609","-81.89315","268.6","2020-11-09","2.46",,"0.00",,"76","44","  160","  160","13.0","16.1",,,,,
"USW00093824","ZANESVILLE MUNICIPAL AIRPORT, OH US","39.94609","-81.89315","268.6","2020-11-10","6.93",,"0.00",,"78","50","  160","  160","18.1","25.1",,,,,
"USW00093824","ZANESVILLE MUNICIPAL AIRPORT, OH US","39.94609","-81.89315","268.6","2020-11-11","6.04",,"0.51",,"69","41","  160","  230","16.1","25.9","    1",,,,
"USW00093824","ZANESVILLE MUNICIPAL AIRPORT, OH US","39.94609","-81.89315","268.6","2020-11-12","3.80",,"0.00",,"56","33","   80","   30","14.1","18.1","    1",,,,
"USW00093824","ZANESVILLE MUNICIPAL AIRPORT, OH US","39.94609","-81.89315","268.6","2020-11-13","4.70",,"0.00",,"56","30","  320","  320","16.1","19.9","    1",,,,
"USW00093824","ZANESVILLE MUNICIPAL AIRPORT, OH US","39.94609","-81.89315","268.6","2020-11-14","3.36",,"0.00",,"50","23","  130","  140","13.0","15.0","    1",,,,
"USW00093824","ZANESVILLE MUNICIPAL AIRPORT, OH US","39.94609","-81.89315","268.6","2020-11-15","16.33",,"0.25",,"60","46","  260","  250","40.0","53.9","    1",,,,
"USW00093824","ZANESVILLE MUNICIPAL AIRPORT, OH US","39.94609","-81.89315","268.6","2020-11-16","11.63",,"0.00",,"50","38","  270","  240","23.0","31.1",,,,,
"USW00093824","ZANESVILLE MUNICIPAL AIRPORT, OH US","39.94609","-81.89315","268.6","2020-11-17","11.41",,"0.00",,"44","34","  310","  290","21.9","30.0",,,,,"    1"
"USW00093824","ZANESVILLE MUNICIPAL AIRPORT, OH US","39.94609","-81.89315","268.6","2020-11-18","3.80",,"0.00",,"44","24","  330","  330","12.1","16.1",,,,,
"USW00093824","ZANESVILLE MUNICIPAL AIRPORT, OH US","39.94609","-81.89315","268.6","2020-11-19","11.18",,"0.00",,"67","32","  200","  220","21.0","25.9",,,,,
"USW00093824","ZANESVILLE MUNICIPAL AIRPORT, OH US","39.94609","-81.89315","268.6","2020-11-20","8.50",,"0.00",,"64","47","  220","  200","16.1","21.9",,,,,
"USW00093824","ZANESVILLE MUNICIPAL AIRPORT, OH US","39.94609","-81.89315","268.6","2020-11-21","3.36",,"0.16",,"55","44","   60","   50","10.1","14.1","    1",,,,
"USW00093824","ZANESVILLE MUNICIPAL AIRPORT, OH US","39.94609","-81.89315","268.6","2020-11-22","8.72",,"0.43",,"56","39","  280","  270","21.9","28.0","    1",,,,
"USW00093824","ZANESVILLE MUNICIPAL AIRPORT, OH US","39.94609","-81.89315","268.6","2020-11-23","5.82",,"0.00",,"49","30","  290","  290","15.0","23.0",,,,,
"USW00093824","ZANESVILLE MUNICIPAL AIRPORT, OH US","39.94609","-81.89315","268.6","2020-11-24","3.36",,"0.00",,"44","27","  120","  100","13.0","16.1",,,,,
"USW00093824","ZANESVILLE MUNICIPAL AIRPORT, OH US","39.94609","-81.89315","268.6","2020-11-25","7.61",,"0.46",,"57","31","  170","  160","17.0","23.9","    1",,,,
"USW00093824","ZANESVILLE MUNICIPAL AIRPORT, OH US","39.94609","-81.89315","268.6","2020-11-26","6.93",,"0.03",,"58","49","  250","  240","16.1","23.9","    1",,,,
"USW00093824","ZANESVILLE MUNICIPAL AIRPORT, OH US","39.94609","-81.89315","268.6","2020-11-27","2.68",,"0.00",,"53","39","  240","  270","10.1","15.0","    1",,,,
"USW00093824","ZANESVILLE MUNICIPAL AIRPORT, OH US","39.94609","-81.89315","268.6","2020-11-28","3.80",,"0.00",,"48","28","  280","  290","10.1","14.1","    1",,,,
"USW00093824","ZANESVILLE MUNICIPAL AIRPORT, OH US","39.94609","-81.89315","268.6","2020-11-29","2.24",,"0.00",,"53","25","  180","  150","10.1","13.0","    1",,,,"    1"
"USW00093824","ZANESVILLE MUNICIPAL AIRPORT, OH US","39.94609","-81.89315","268.6","2020-11-30","9.40",,"0.54",,"44","32","  330","  330","18.1","25.1","    1",,,,
"USW00093824","ZANESVILLE MUNICIPAL AIRPORT, OH US","39.94609","-81.89315","268.6","2020-12-01","12.30",,"0.06",,"33","29","  260","  270","19.9","30.0","    1",,,,
"USW00093824","ZANESVILLE MUNICIPAL AIRPORT, OH US","39.94609","-81.89315","268.6","2020-12-02","8.28",,"0.00",,"37","29","  290","  300","17.0","25.9",,,,,
"USW00093824","ZANESVILLE MUNICIPAL AIRPORT, OH US","39.94609","-81.89315","268.6","2020-12-03","5.82",,"0.00",,"39","22","  190","  180","12.1","15.0",,,,,
"USW00093824","ZANESVILLE MUNICIPAL AIRPORT, OH US","39.94609","-81.89315","268.6","2020-12-04","4.03",,"0.00",,"45","31","  210","  240","8.9","13.0","    1",,,,"    1"
"USW00093824","ZANESVILLE MUNICIPAL AIRPORT, OH US","39.94609","-81.89315","268.6","2020-12-05","6.71",,"0.00",,"43","34","  330","  320","13.0","16.1","    1",,,,
"USW00093824","ZANESVILLE MUNICIPAL AIRPORT, OH US","39.94609","-81.89315","268.6","2020-12-06","2.46",,"0.00",,"40","24","   50","   70","10.1","12.1","    1",,,,
"USW00093824","ZANESVILLE MUNICIPAL AIRPORT, OH US","39.94609","-81.89315","268.6","2020-12-07","6.26",,"0.00",,"35","31","  320","  290","13.0","16.1",,,,,
"USW00093824","ZANESVILLE MUNICIPAL AIRPORT, OH US","39.94609","-81.89315","268.6","2020-12-08","6.93",,"0.00",,"35","28","  270","  330","13.0","17.0",,,,,
"USW00093824","ZANESVILLE MUNICIPAL AIRPORT, OH US","39.94609","-81.89315","268.6","2020-12-09","7.38",,"0.00",,"48","30","  200","  200","17.0","21.9","    1",,,,
"USW00093824","ZANESVILLE MUNICIPAL AIRPORT, OH US","39.94609","-81.89315","268.6","2020-12-10","2.68",,"0.00",,"53","23","  150","  160","8.9","11.0","    1",,,,"    1"
"USW00093824","ZANESVILLE MUNICIPAL AIRPORT, OH US","39.94609","-81.89315","268.6","2020-12-11","4.25",,"0.00",,"64","30","  200","  200","16.1","19.9",,,,,
"USW00093824","ZANESVILLE MUNICIPAL AIRPORT, OH US","39.94609","-81.89315","268.6","2020-12-12","10.51",,"0.01",,"60","39","  200","  200","25.1","32.0",,,,,
"USW00093824","ZANESVILLE MUNICIPAL AIRPORT, OH US","39.94609","-81.89315","268.6","2020-12-13","5.82",,"0.00",,"46","33","  240","  240","15.0","19.0",,,,,
"USW00093824","ZANESVILLE MUNICIPAL AIRPORT, OH US","39.94609","-81.89315","268.6","2020-12-14","7.16",,"0.00",,"39","28","  320","  320","19.9","25.9","    1",,,,
"USW00093824","ZANESVILLE MUNICIPAL AIRPORT, OH US","39.94609","-81.89315","268.6","2020-12-15","4.25",,"0.00",,"35","21","   60","   80","12.1","15.0",,,,,
"USW00093824","ZANESVILLE MUNICIPAL AIRPORT, OH US","39.94609","-81.89315","268.6","2020-12-16","5.37",,"0.29",,"33","29","  100","  100","12.1","16.1","    1",,,,
"USW00093824","ZANESVILLE MUNICIPAL AIRPORT, OH US","39.94609","-81.89315","268.6","2020-12-17","5.14",,"0.01",,"32","29","  240","  240","10.1","13.0","    1",,,,
"USW00093824","ZANESVILLE MUNICIPAL AIRPORT, OH US","39.94609","-81.89315","268.6","2020-12-18","4.47",,"0.00",,"33","27","  260","  280","8.1","10.1","    1",,,,"    1"
"USW00093824","ZANESVILLE MUNICIPAL AIRPORT, OH US","39.94609","-81.89315","268.6","2020-12-19","6.04",,"0.04",,"36","26","  160","  150","13.0","14.1","    1",,,,
"USW00093824","ZANESVILLE MUNICIPAL AIRPORT, OH US","39.94609","-81.89315","268.6","2020-12-20","6.49",,"0.34",,"40","33","  190","  200","13.0","18.1","    1",,,,
"USW00093824","ZANESVILLE MUNICIPAL AIRPORT, OH US","39.94609","-81.89315","268.6","2020-12-21","7.61",,"0.10",,"42","32","  260","  260","14.1","19.9","    1",,,,
"USW00093824","ZANESVILLE MUNICIPAL AIRPORT, OH US","39.94609","-81.89315","268.6","2020-12-22","8.50",,"0.03",,"42","27","  290","  290","19.9","28.0",,,,,
"USW00093824","ZANESVILLE MUNICIPAL AIRPORT, OH US","39.94609","-81.89315","268.6","2020-12-23","9.84",,"0.00",,"53","26","  170","  170","21.9","30.0",,,,,
"USW00093824","ZANESVILLE MUNICIPAL AIRPORT, OH US","39.94609","-81.89315","268.6","2020-12-24","12.75",,"0.41",,"52","20","  160","  170","25.1","34.0","    1","    1",,,
"USW00093824","ZANESVILLE MUNICIPAL AIRPORT, OH US","39.94609","-81.89315","268.6","2020-12-25","10.07",,"0.00",,"20","14","  260","  260","19.9","27.1","    1",,,,"    1"
"USW00093824","ZANESVILLE MUNICIPAL AIRPORT, OH US","39.94609","-81.89315","268.6","2020-12-26","8.05",,"0.00",,"27","12","  230","  230","17.0","25.1",,,,,
"USW00093824","ZANESVILLE MUNICIPAL AIRPORT, OH US","39.94609","-81.89315","268.6","2020-12-27","6.93",,"0.00",,"47","8","  180","  170","19.9","25.1",,,,,
"USW00093824","ZANESVILLE MUNICIPAL AIRPORT, OH US","39.94609","-81.89315","268.6","2020-12-28","10.07",,"0.00",,"48","32","  200","  210","23.9","34.0",,,,,
"USW00093824","ZANESVILLE MUNICIPAL AIRPORT, OH US","39.94609","-81.89315","268.6","2020-12-29","3.80",,"0.00",,"37","23","  110","  110","12.1","14.1",,,,,
"USW00093824","ZANESVILLE MUNICIPAL AIRPORT, OH US","39.94609","-81.89315","268.6","2020-12-30","10.96",,"0.24",,"55","31","  320","  310","23.9","35.1","    1",,,,
"USW00093824","ZANESVILLE MUNICIPAL AIRPORT, OH US","39.94609","-81.89315","268.6","2020-12-31","4.47",,"0.11",,"38","30","  300","  300","13.0","17.0","    1",,,"    1",
"USW00093824","ZANESVILLE MUNICIPAL AIRPORT, OH US","39.94609","-81.89315","268.6","2021-01-01","7.83",,"0.70",,"51","27","  280","  250","21.0","31.1","    1",,,"    1",
"USW00093824","ZANESVILLE MUNICIPAL AIRPORT, OH US","39.94609","-81.89315","268.6","2021-01-02","6.93",,"0.00",,"50","40","  260","  270","19.9","27.1","    1",,,,
"USW00093824","ZANESVILLE MUNICIPAL AIRPORT, OH US","39.94609","-81.89315","268.6","2021-01-03","6.04",,"0.10",,"42","36","  290","  260","13.0","21.0","    1",,,,
"USW00093824","ZANESVILLE MUNICIPAL AIRPORT, OH US","39.94609","-81.89315","268.6","2021-01-04","2.24",,"0.00",,"37","33","  250","  230","6.9","8.9","    1",,,,
"USW00093824","ZANESVILLE MUNICIPAL AIRPORT, OH US","39.94609","-81.89315","268.6","2021-01-05","3.13",,"0.02",,"37","32","  290","  320","10.1","14.1","    1",,,,
"USW00093824","ZANESVILLE MUNICIPAL AIRPORT, OH US","39.94609","-81.89315","268.6","2021-01-06","3.58",,"0.00",,"37","34","  260","   10","8.1","11.0","    1",,,,
"USW00093824","ZANESVILLE MUNICIPAL AIRPORT, OH US","39.94609","-81.89315","268.6","2021-01-07","4.70",,"0.00",,"37","32","   40","   50","12.1","15.0","    1",,,,
"USW00093824","ZANESVILLE MUNICIPAL AIRPORT, OH US","39.94609","-81.89315","268.6","2021-01-08","7.61",,"0.00",,"35","29","  360","   20","13.0","17.0",,,,,
"USW00093824","ZANESVILLE MUNICIPAL AIRPORT, OH US","39.94609","-81.89315","268.6","2021-01-09","3.80",,"0.00",,"39","24","  340","  330","10.1","14.1",,,,,
"USW00093824","ZANESVILLE MUNICIPAL AIRPORT, OH US","39.94609","-81.89315","268.6","2021-01-10","0.67",,"0.00",,"41","18","  250","  280","6.9","11.0",,,,,
"USW00093824","ZANESVILLE MUNICIPAL AIRPORT, OH US","39.94609","-81.89315","268.6","2021-01-11","4.70",,"0.00",,"36","24","  330","   20","13.0","17.0","    1",,,,"    1"
"USW00093824","ZANESVILLE MUNICIPAL AIRPORT, OH US","39.94609","-81.89315","268.6","2021-01-12","5.82",,"0.00",,"27","21","  200","  200","13.0","16.1","    1",,,,
"USW00093824","ZANESVILLE MUNICIPAL AIRPORT, OH US","39.94609","-81.89315","268.6","2021-01-13","6.93",,"0.00",,"45","19","  180","  180","14.1","19.0","    1",,,,
"USW00093824","ZANESVILLE MUNICIPAL AIRPORT, OH US","39.94609","-81.89315","268.6","2021-01-14","7.38",,"0.00",,"49","33","  190","  180","15.0","18.1",,,,,
"USW00093824","ZANESVILLE MUNICIPAL AIRPORT, OH US","39.94609","-81.89315","268.6","2021-01-15","6.93",,"0.25",,"43","30","  160","  150","14.1","18.1","    1",,,,
"USW00093824","ZANESVILLE MUNICIPAL AIRPORT, OH US","39.94609","-81.89315","268.6","2021-01-16","6.04",,"0.00",,"37","29","  270","  290","15.0","19.9","    1",,,,
"USW00093824","ZANESVILLE MUNICIPAL AIRPORT, OH US","39.94609","-81.89315","268.6","2021-01-17","7.16",,"0.04",,"36","33","  240","  240","13.0","18.1","    1",,,,
"USW00093824","ZANESVILLE MUNICIPAL AIRPORT, OH US","39.94609","-81.89315","268.6","2021-01-18","7.83",,"0.05",,"33","30","  270","  250","16.1","21.9","    1",,,,
"USW00093824","ZANESVILLE MUNICIPAL AIRPORT, OH US","39.94609","-81.89315","268.6","2021-01-19","6.71",,"0.00",,"38","29","  280","  270","15.0","21.0",,,,,
"USW00093824","ZANESVILLE MUNICIPAL AIRPORT, OH US","39.94609","-81.89315","268.6","2021-01-20","10.51",,"0.01",,"36","24","  300","  260","21.9","36.0",,,,,
"USW00093824","ZANESVILLE MUNICIPAL AIRPORT, OH US","39.94609","-81.89315","268.6","2021-01-21","11.41",,"0.00",,"48","26","  260","  270","23.9","35.1",,,,,
"USW00093824","ZANESVILLE MUNICIPAL AIRPORT, OH US","39.94609","-81.89315","268.6","2021-01-22","10.07",,"0.00",,"38","24","  270","  240","16.1","23.0",,,,,
"USW00093824","ZANESVILLE MUNICIPAL AIRPORT, OH US","39.94609","-81.89315","268.6","2021-01-23","4.47",,"0.00",,"31","18","  320","  320","16.1","19.9",,,,,
"USW00093824","ZANESVILLE MUNICIPAL AIRPORT, OH US","39.94609","-81.89315","268.6","2021-01-24","4.47",,"0.00",,"30","20","  110","  120","13.0","15.0","    1",,,,"    1"
"USW00093824","ZANESVILLE MUNICIPAL AIRPORT, OH US","39.94609","-81.89315","268.6","2021-01-25","4.92",,"0.02",,"34","28","   50","   60","12.1","15.0","    1",,,,
"USW00093824","ZANESVILLE MUNICIPAL AIRPORT, OH US","39.94609","-81.89315","268.6","2021-01-26","10.51",,"0.04",,"45","34","  250","  250","21.0","30.0","    1","    1",,,
"USW00093824","ZANESVILLE MUNICIPAL AIRPORT, OH US","39.94609","-81.89315","268.6","2021-01-27","7.38",,"0.00",,"35","27","  360","   10","14.1","23.0",,,,,
"USW00093824","ZANESVILLE MUNICIPAL AIRPORT, OH US","39.94609","-81.89315","268.6","2021-01-28","9.62",,"0.00",,"27","21","  340","  350","17.0","21.9",,,,,
"USW00093824","ZANESVILLE MUNICIPAL AIRPORT, OH US","39.94609","-81.89315","268.6","2021-01-29","5.14",,"0.00",,"31","17","  310","  270","14.1","17.0",,,,,
"USW00093824","ZANESVILLE MUNICIPAL AIRPORT, OH US","39.94609","-81.89315","268.6","2021-01-30","4.03",,"0.00",,"35","15","   80","  120","12.1","15.0",,,,,
"USW00093824","ZANESVILLE MUNICIPAL AIRPORT, OH US","39.94609","-81.89315","268.6","2021-01-31","7.83",,"0.70",,"37","27","   90","   90","12.1","17.0","    1",,,,
"USW00093824","ZANESVILLE MUNICIPAL AIRPORT, OH US","39.94609","-81.89315","268.6","2021-02-01","8.05",,"0.05",,"33","27","  330","  340","15.0","21.9","    1",,,,
"USW00093824","ZANESVILLE MUNICIPAL AIRPORT, OH US","39.94609","-81.89315","268.6","2021-02-02","11.18",,"0.01",,"31","24","  320","  330","21.0","25.1","    1",,,,
"USW00093824","ZANESVILLE MUNICIPAL AIRPORT, OH US","39.94609","-81.89315","268.6","2021-02-03","7.61",,"0.00",,"33","15","  290","  290","15.0","21.0",,,,,
"USW00093824","ZANESVILLE MUNICIPAL AIRPORT, OH US","39.94609","-81.89315","268.6","2021-02-04","5.59",,"0.06",,"39","8","  200","  190","21.0","28.0","    1",,,,
"USW00093824","ZANESVILLE MUNICIPAL AIRPORT, OH US","39.94609","-81.89315","268.6","2021-02-05","13.42",,"0.00",,"39","28","  250","  250","23.9","36.9",,,,,
"USW00093824","ZANESVILLE MUNICIPAL AIRPORT, OH US","39.94609","-81.89315","268.6","2021-02-06","6.49",,"0.00",,"33","19","  290","  260","17.0","23.9",,,,,
"USW00093824","ZANESVILLE MUNICIPAL AIRPORT, OH US","39.94609","-81.89315","268.6","2021-02-07","7.83",,"0.00",,"23","14","  290","  330","15.0","19.9",,,,,
"USW00093824","ZANESVILLE MUNICIPAL AIRPORT, OH US","39.94609","-81.89315","268.6","2021-02-08","2.91",,"0.11",,"33","13","  330","  330","8.9","11.0","    1",,,,
"USW00093824","ZANESVILLE MUNICIPAL AIRPORT, OH US","39.94609","-81.89315","268.6","2021-02-09","3.13",,"0.33",,"31","20","  330","  340","8.9","11.0","    1",,,,"    1"
"USW00093824","ZANESVILLE MUNICIPAL AIRPORT, OH US","39.94609","-81.89315","268.6","2021-02-10","5.82",,"0.06",,"25","16","   10","  350","8.9","13.0","    1",,,,
"USW00093824","ZANESVILLE MUNICIPAL AIRPORT, OH US","39.94609","-81.89315","268.6","2021-02-11","8.28",,"0.00",,"27","20","   20","   30","15.0","19.9","    1",,,,
"USW00093824","ZANESVILLE MUNICIPAL AIRPORT, OH US","39.94609","-81.89315","268.6","2021-02-12","5.59",,"0.00",,"31","22","   40","   40","12.1","16.1",,,,,"    1"
"USW00093824","ZANESVILLE MUNICIPAL AIRPORT, OH US","39.94609","-81.89315","268.6","2021-02-13","5.37",,"0.00",,"28","25","  320","   20","10.1","13.0","    1",,,,"    1"
"USW00093824","ZANESVILLE MUNICIPAL AIRPORT, OH US","39.94609","-81.89315","268.6","2021-02-14","6.04",,"0.00",,"28","22","  340","  330","12.1","16.1","    1",,,,
"USW00093824","ZANESVILLE MUNICIPAL AIRPORT, OH US","39.94609","-81.89315","268.6","2021-02-15","8.28",,"0.40",,"29","21","   40","   20","15.0","21.0","    1",,,"    1","    1"
"USW00093824","ZANESVILLE MUNICIPAL AIRPORT, OH US","39.94609","-81.89315","268.6","2021-02-16","9.40",,"0.03",,"29","9","  250","  270","19.9","27.1","    1",,,"    1",
"USW00093824","ZANESVILLE MUNICIPAL AIRPORT, OH US","39.94609","-81.89315","268.6","2021-02-17","3.58",,"0.00",,"26","1","   60","   20","10.1","13.0","    1",,,,"    1"
"USW00093824","ZANESVILLE MUNICIPAL AIRPORT, OH US","39.94609","-81.89315","268.6","2021-02-18","4.25",,"0.04",,"34","22","  320","  360","8.1","11.0","    1",,,,"    1"
"USW00093824","ZANESVILLE MUNICIPAL AIRPORT, OH US","39.94609","-81.89315","268.6","2021-02-19","7.61",,"0.00",,"30","19","  280","  280","16.1","21.0","    1",,,,"    1"
"USW00093824","ZANESVILLE MUNICIPAL AIRPORT, OH US","39.94609","-81.89315","268.6","2021-02-20","5.82",,"0.00",,"26","10","  270","  270","14.1","18.1",,,,,"    1"
"USW00093824","ZANESVILLE MUNICIPAL AIRPORT, OH US","39.94609","-81.89315","268.6","2021-02-21","5.14",,"0.00",,"38","1","  150","  140","19.9","25.9","    1",,,,"    1"
"USW00093824","ZANESVILLE MUNICIPAL AIRPORT, OH US","39.94609","-81.89315","268.6","2021-02-22","13.20",,"0.01",,"42","35","  270","  270","29.1","40.0","    1",,,,
"USW00093824","ZANESVILLE MUNICIPAL AIRPORT, OH US","39.94609","-81.89315","268.6","2021-02-23","11.41",,"0.00",,"47","32","  260","  270","23.9","33.1",,,,,
"USW00093824","ZANESVILLE MUNICIPAL AIRPORT, OH US","39.94609","-81.89315","268.6","2021-02-24","9.84",,"0.08",,"63","27","  310","  200","19.9","28.0",,,,,
"USW00093824","ZANESVILLE MUNICIPAL AIRPORT, OH US","39.94609","-81.89315","268.6","2021-02-25","5.37",,"0.00",,"45","27","  310","   10","13.0","19.0",,,,,
"USW00093824","ZANESVILLE MUNICIPAL AIRPORT, OH US","39.94609","-81.89315","268.6","2021-02-26","6.26",,"0.00",,"45","23","  160","  170","16.1","23.0",,,,,
"USW00093824","ZANESVILLE MUNICIPAL AIRPORT, OH US","39.94609","-81.89315","268.6","2021-02-27","5.14",,"0.04",,"55","39","  160","  160","14.1","17.0","    1",,,,"    1"
"USW00093824","ZANESVILLE MUNICIPAL AIRPORT, OH US","39.94609","-81.89315","268.6","2021-02-28","6.26",,"0.72",,"61","40","  260","  250","14.1","19.0","    1",,,,
"USW00093824","ZANESVILLE MUNICIPAL AIRPORT, OH US","39.94609","-81.89315","268.6","2021-03-01","13.42",,"0.12",,"58","29","  320","  290","25.1","33.1","    1",,,,
"USW00093824","ZANESVILLE MUNICIPAL AIRPORT, OH US","39.94609","-81.89315","268.6","2021-03-02","4.47",,"0.00",,"43","22","  320","  300","13.0","16.1",,,,,
"USW00093824","ZANESVILLE MUNICIPAL AIRPORT, OH US","39.94609","-81.89315","268.6","2021-03-03","6.26",,"0.00",,"58","21","  260","  270","17.0","23.0",,,,,
"USW00093824","ZANESVILLE MUNICIPAL AIRPORT, OH US","39.94609","-81.89315","268.6","2021-03-04","7.83",,"0.00",,"45","24","  330","  340","18.1","25.9",,,,,
"USW00093824","ZANESVILLE MUNICIPAL AIRPORT, OH US","39.94609","-81.89315","268.6","2021-03-05","6.93",,"0.00",,"42","18","  290","  320","18.1","25.1",,,,,
"USW00093824","ZANESVILLE MUNICIPAL AIRPORT, OH US","39.94609","-81.89315","268.6","2021-03-06","5.82",,"0.00",,"43","24","  340","  280","16.1","21.9",,,,,
"USW00093824","ZANESVILLE MUNICIPAL AIRPORT, OH US","39.94609","-81.89315","268.6","2021-03-07","3.58",,"0.00",,"46","18","  310","  300","14.1","18.1",,,,,
"USW00093824","ZANESVILLE MUNICIPAL AIRPORT, OH US","39.94609","-81.89315","268.6","2021-03-08","5.37",,"0.00",,"61","18","  210","   40","14.1","23.9",,,,,
"USW00093824","ZANESVILLE MUNICIPAL AIRPORT, OH US","39.94609","-81.89315","268.6","2021-03-09","3.80",,"0.00",,"65","36","  250","  270","13.0","18.1",,,,,
"USW00093824","ZANESVILLE MUNICIPAL AIRPORT, OH US","39.94609","-81.89315","268.6","2021-03-10","7.61",,"0.00",,"71","32","  190","  200","19.9","25.1",,,,,
"USW00093824","ZANESVILLE MUNICIPAL AIRPORT, OH US","39.94609","-81.89315","268.6","2021-03-11","10.51",,"0.47",,"65","55","  230","  220","21.9","30.0","    1",,,,
"USW00093824","ZANESVILLE MUNICIPAL AIRPORT, OH US","39.94609","-81.89315","268.6","2021-03-12","7.16",,"0.06",,"60","44","  300","  320","16.1","21.0","    1",,,,
"USW00093824","ZANESVILLE MUNICIPAL AIRPORT, OH US","39.94609","-81.89315","268.6","2021-03-13","3.80",,"0.00",,"51","30","  290","   10","10.1","15.0",,,,,
"USW00093824","ZANESVILLE MUNICIPAL AIRPORT, OH US","39.94609","-81.89315","268.6","2021-03-14","6.93",,"0.00",,"57","26","  320","   20","17.0","29.1",,,,,
"USW00093824","ZANESVILLE MUNICIPAL AIRPORT, OH US","39.94609","-81.89315","268.6","2021-03-15","8.72",,"0.02",,"43","26","   70","   70","17.0","23.0",,,,,
"USW00093824","ZANESVILLE MUNICIPAL AIRPORT, OH US","39.94609","-81.89315","268.6","2021-03-16","5.82",,"0.07",,"61","41","  150","  160","13.0","17.0","    1",,,,
"USW00093824","ZANESVILLE MUNICIPAL AIRPORT, OH US","39.94609","-81.89315","268.6","2021-03-17","2.91",,"0.01",,"65","32","  130","  160","12.1","14.1","    1","    1",,,
"USW00093824","ZANESVILLE MUNICIPAL AIRPORT, OH US","39.94609","-81.89315","268.6","2021-03-18","11.18",,"1.08",,"54","40","   40","   20","25.9","38.0","    1",,,,
"USW00093824","ZANESVILLE MUNICIPAL AIRPORT, OH US","39.94609","-81.89315","268.6","2021-03-19","11.18",,"0.00",,"49","31","   20","   20","21.0","30.0",,,,,
"USW00093824","ZANESVILLE MUNICIPAL AIRPORT, OH US","39.94609","-81.89315","268.6","2021-03-20","3.80",,"0.00",,"60","27","   60","   60","12.1","15.0",,,,,
"USW00093824","ZANESVILLE MUNICIPAL AIRPORT, OH US","39.94609","-81.89315","268.6","2021-03-21","2.68",,"0.00",,"67","29","  170","  160","14.1","21.0",,,,,
"USW00093824","ZANESVILLE MUNICIPAL AIRPORT, OH US","39.94609","-81.89315","268.6","2021-03-22","3.58",,"0.00",,"68","29","  170","  170","15.0","19.0",,,,,
"USW00093824","ZANESVILLE MUNICIPAL AIRPORT, OH US","39.94609","-81.89315","268.6","2021-03-23","7.61",,"0.00",,"68","38","  150","  150","17.0","23.0",,,,,
"USW00093824","ZANESVILLE MUNICIPAL AIRPORT, OH US","39.94609","-81.89315","268.6","2021-03-24","9.62",,"0.00",,"76","55","  190","  180","19.9","25.1",,,,,
"USW00093824","ZANESVILLE MUNICIPAL AIRPORT, OH US","39.94609","-81.89315","268.6","2021-03-25","7.38",,"0.05",,"73","44","  180","  160","25.1","34.0","    1",,,,
"USW00093824","ZANESVILLE MUNICIPAL AIRPORT, OH US","39.94609","-81.89315","268.6","2021-03-26","12.30",,"0.05",,"64","52","  240","  200","33.1","45.0",,,,,
"USW00093824","ZANESVILLE MUNICIPAL AIRPORT, OH US","39.94609","-81.89315","268.6","2021-03-27","5.82",,"0.00",,"69","39","  180","  170","14.1","19.0","    1",,,,
"USW00093824","ZANESVILLE MUNICIPAL AIRPORT, OH US","39.94609","-81.89315","268.6","2021-03-28","13.42",,"0.44",,"60","37","  280","  270","31.1","45.0","    1",,"    1",,
"USW00093824","ZANESVILLE MUNICIPAL AIRPORT, OH US","39.94609","-81.89315","268.6","2021-03-29","5.82",,"0.00",,"55","32","  260",,"8.9",,,,,,
"USW00093824","ZANESVILLE MUNICIPAL AIRPORT, OH US","39.94609","-81.89315","268.6","2021-03-30","10.51",,"0.00",,"74","33","  180","  180","23.0","29.1",,,,,
"USW00093824","ZANESVILLE MUNICIPAL AIRPORT, OH US","39.94609","-81.89315","268.6","2021-03-31","9.84",,"0.52",,"66","41","  310","  300","21.0","27.1","    1",,,,
"USW00093824","ZANESVILLE MUNICIPAL AIRPORT, OH US","39.94609","-81.89315","268.6","2021-04-01","12.08",,"0.00",,"41","26","  320","  300","21.0","29.1","    1",,,,
"USW00093824","ZANESVILLE MUNICIPAL AIRPORT, OH US","39.94609","-81.89315","268.6","2021-04-02","6.04",,"0.00",,"45","22","  310","  320","17.0","25.1",,,,,
"USW00093824","ZANESVILLE MUNICIPAL AIRPORT, OH US","39.94609","-81.89315","268.6","2021-04-03","5.82",,"0.00",,"59","22","  190","  200","16.1","21.9",,,,,
"USW00093824","ZANESVILLE MUNICIPAL AIRPORT, OH US","39.94609","-81.89315","268.6","2021-04-04","3.80",,"0.00",,"71","43","  320","  320","13.0","18.1",,,,,
"USW00093824","ZANESVILLE MUNICIPAL AIRPORT, OH US","39.94609","-81.89315","268.6","2021-04-05","4.03",,"0.00",,"75","36","  290","  290","17.0","23.0",,,,,
"USW00093824","ZANESVILLE MUNICIPAL AIRPORT, OH US","39.94609","-81.89315","268.6","2021-04-06","4.03",,"0.00",,"77","48","  280","  270","15.0","21.9",,,,,
"USW00093824","ZANESVILLE MUNICIPAL AIRPORT, OH US","39.94609","-81.89315","268.6","2021-04-07","2.01",,"0.00",,"82","49","  270","  320","8.9","12.1",,,,,
"USW00093824","ZANESVILLE MUNICIPAL AIRPORT, OH US","39.94609","-81.89315","268.6","2021-04-08","6.26",,"0.33",,"80","52","  260","  260","23.9","35.1","    1",,"    1",,
"USW00093824","ZANESVILLE MUNICIPAL AIRPORT, OH US","39.94609","-81.89315","268.6","2021-04-09","9.17",,"0.13",,"76","55","  150","  320","19.9","28.0","    1",,,,
"USW00093824","ZANESVILLE MUNICIPAL AIRPORT, OH US","39.94609","-81.89315","268.6","2021-04-10","9.84",,"0.32",,"79","51","  170","  160","30.0","42.9","    1",,,,
"USW00093824","ZANESVILLE MUNICIPAL AIRPORT, OH US","39.94609","-81.89315","268.6","2021-04-11","9.40",,"0.01",,"62","51","  200","  200","21.0","28.0","    1",,,,
"USW00093824","ZANESVILLE MUNICIPAL AIRPORT, OH US","39.94609","-81.89315","268.6","2021-04-12","5.82",,"0.04",,"60","48","  260","  280","17.0","25.9","    1",,,,
"USW00093824","ZANESVILLE MUNICIPAL AIRPORT, OH US","39.94609","-81.89315","268.6","2021-04-13","3.80",,"0.00",,"67","39","  270","  280","16.1","21.9","    1","    1",,,
"USW00093824","ZANESVILLE MUNICIPAL AIRPORT, OH US","39.94609","-81.89315","268.6","2021-04-14","4.92",,"0.02",,"62","47","  260","  250","15.0","21.9",,,,,
"USW00093824","ZANESVILLE MUNICIPAL AIRPORT, OH US","39.94609","-81.89315","268.6","2021-04-15","8.95",,"0.00",,"50","42","  290","  320","17.0","23.9",,,,,
"USW00093824","ZANESVILLE MUNICIPAL AIRPORT, OH US","39.94609","-81.89315","268.6","2021-04-16","6.71",,"0.00",,"53","37","  320","  330","15.0","19.0",,,,,
"USW00093824","ZANESVILLE MUNICIPAL AIRPORT, OH US","39.94609","-81.89315","268.6","2021-04-17","2.68",,"0.01",,"62","35","  230","  240","16.1","21.0","    1",,,,
"USW00093824","ZANESVILLE MUNICIPAL AIRPORT, OH US","39.94609","-81.89315","268.6","2021-04-18","3.36",,"0.00",,"61","37","  200","  190","15.0","17.0","    1","    1",,,
"USW00093824","ZANESVILLE MUNICIPAL AIRPORT, OH US","39.94609","-81.89315","268.6","2021-04-19","6.26",,"0.00",,"66","32","  240","  250","19.9","25.9","    1","    1",,,
"USW00093824","ZANESVILLE MUNICIPAL AIRPORT, OH US","39.94609","-81.89315","268.6","2021-04-20","7.16",,"0.00",,"65","39","  340","  350","17.0","25.1",,,,,
"USW00093824","ZANESVILLE MUNICIPAL AIRPORT, OH US","39.94609","-81.89315","268.6","2021-04-21","9.17",,"0.18",,"43","33","  320","  310","21.9","28.0","    1",,,,
"USW00093824","ZANESVILLE MUNICIPAL AIRPORT, OH US","39.94609","-81.89315","268.6","2021-04-22","7.16",,"0.00",,"49","30","  290","  260","17.0","25.1","    1",,,,
"USW00093824","ZANESVILLE MUNICIPAL AIRPORT, OH US","39.94609","-81.89315","268.6","2021-04-23","5.14",,"0.00",,"60","27","  280","  260","15.0","21.0",,,,,
"USW00093824","ZANESVILLE MUNICIPAL AIRPORT, OH US","39.94609","-81.89315","268.6","2021-04-24","4.03",,"0.13",,"58","34","  150","  160","14.1","16.1","    1",,,,
"USW00093824","ZANESVILLE MUNICIPAL AIRPORT, OH US","39.94609","-81.89315","268.6","2021-04-25","6.93",,"0.00",,"62","43","  290","  320","21.0","27.1",,,,,
"USW00093824","ZANESVILLE MUNICIPAL AIRPORT, OH US","39.94609","-81.89315","268.6","2021-04-26","4.92",,"0.00",,"68","33","  170","  180","12.1","19.0",,,,,
"USW00093824","ZANESVILLE MUNICIPAL AIRPORT, OH US","39.94609","-81.89315","268.6","2021-04-27","7.38",,"0.00",,"84","44","  210","  200","18.1","27.1",,,,,
"USW00093824","ZANESVILLE MUNICIPAL AIRPORT, OH US","39.94609","-81.89315","268.6","2021-04-28","6.49",,"0.06",,"80","61","  240","  310","15.0","21.0","    1",,"    1",,
"USW00093824","ZANESVILLE MUNICIPAL AIRPORT, OH US","39.94609","-81.89315","268.6","2021-04-29","9.40",,"0.95",,"71","54","  320","  220","21.9","29.1","    1",,,,
"USW00093824","ZANESVILLE MUNICIPAL AIRPORT, OH US","39.94609","-81.89315","268.6","2021-04-30","11.41",,"0.01",,"61","42","  320","  330","25.1","33.1",,,,,
"USW00093824","ZANESVILLE MUNICIPAL AIRPORT, OH US","39.94609","-81.89315","268.6","2021-05-01","6.26",,"0.00",,"67","32","  200","  250","16.1","21.9",,,,,
"USW00093824","ZANESVILLE MUNICIPAL AIRPORT, OH US","39.94609","-81.89315","268.6","2021-05-02","8.28",,"0.00",,"80","50","  250","  270","18.1","23.9",,,,,
"USW00093824","ZANESVILLE MUNICIPAL AIRPORT, OH US","39.94609","-81.89315","268.6","2021-05-03","6.26",,"0.49",,"73","56","  180","  220","14.1","19.9","    1",,,,
"USW00093824","ZANESVILLE MUNICIPAL AIRPORT, OH US","39.94609","-81.89315","268.6","2021-05-04","7.61",,"0.37",,"73","59","  260","  270","23.0","32.0","    1",,"    1",,
"USW00093824","ZANESVILLE MUNICIPAL AIRPORT, OH US","39.94609","-81.89315","268.6","2021-05-05","6.93",,"0.46",,"59","38","  340","  330","17.0","25.9","    1",,,,
"USW00093824","ZANESVILLE MUNICIPAL AIRPORT, OH US","39.94609","-81.89315","268.6","2021-05-06","2.01",,"0.00",,"61","32","  230","  250","8.9","13.0","    1","    1",,,
"USW00093824","ZANESVILLE MUNICIPAL AIRPORT, OH US","39.94609","-81.89315","268.6","2021-05-07","6.49",,"0.48",,"60","43","  270","  320","17.0","23.0","    1",,,,
"USW00093824","ZANESVILLE MUNICIPAL AIRPORT, OH US","39.94609","-81.89315","268.6","2021-05-08","5.37",,"0.00",,"55","38","  290","  280","14.1","19.9",,,,,
"USW00093824","ZANESVILLE MUNICIPAL AIRPORT, OH US","39.94609","-81.89315","268.6","2021-05-09","6.93",,"0.98",,"52","41","  340","  320","18.1","25.9","    1",,,,
"USW00093824","ZANESVILLE MUNICIPAL AIRPORT, OH US","39.94609","-81.89315","268.6","2021-05-10","2.68",,"0.00",,"61","38","  330","  310","10.1","15.0",,,,,
"USW00093824","ZANESVILLE MUNICIPAL AIRPORT, OH US","39.94609","-81.89315","268.6","2021-05-11","5.82",,"0.00",,"58","37","  320","  320","19.9","25.1",,,,,
"USW00093824","ZANESVILLE MUNICIPAL AIRPORT, OH US","39.94609","-81.89315","268.6","2021-05-12","4.92",,"0.00",,"63","32","   30","   40","14.1","19.0",,,,,
"USW00093824","ZANESVILLE MUNICIPAL AIRPORT, OH US","39.94609","-81.89315","268.6","2021-05-13","2.91",,"0.00",,"67","34","   40","   40","16.1","21.0",,,,,
"USW00093824","ZANESVILLE MUNICIPAL AIRPORT, OH US","39.94609","-81.89315","268.6","2021-05-14","1.57",,"0.00",,"68","36","  330","  330","10.1","13.0",,,,,
"USW00093824","ZANESVILLE MUNICIPAL AIRPORT, OH US","39.94609","-81.89315","268.6","2021-05-15","1.57",,"0.00",,"72","37","  170","  290","8.9","13.0",,,,,
"USW00093824","ZANESVILLE MUNICIPAL AIRPORT, OH US","39.94609","-81.89315","268.6","2021-05-16","1.79",,"0.00",,"72","52","  160","  140","8.9","17.0",,,,,
"USW00093824","ZANESVILLE MUNICIPAL AIRPORT, OH US","39.94609","-81.89315","268.6","2021-05-17","3.13",,"0.00",,"72","49","  200","  210","10.1","14.1",,,,,
"USW00093824","ZANESVILLE MUNICIPAL AIRPORT, OH US","39.94609","-81.89315","268.6","2021-05-18","1.79",,"0.00",,"81","48","  130","  100","12.1","14.1","    1",,,,
"USW00093824","ZANESVILLE MUNICIPAL AIRPORT, OH US","39.94609","-81.89315","268.6","2021-05-19","2.91",,"0.00",,"84","51","  140","  180","10.1","15.0",,,,,
"USW00093824","ZANESVILLE MUNICIPAL AIRPORT, OH US","39.94609","-81.89315","268.6","2021-05-20","4.03",,"0.00",,"86","56","  150","  150","13.0","17.0",,,,,
"USW00093824","ZANESVILLE MUNICIPAL AIRPORT, OH US","39.94609","-81.89315","268.6","2021-05-21","3.13",,"0.00",,"86","55","  150","  140","12.1","18.1",,,,,
"USW00093824","ZANESVILLE MUNICIPAL AIRPORT, OH US","39.94609","-81.89315","268.6","2021-05-22","3.58",,"0.00",,"85","58","  280","  260","14.1","18.1",,,,,
"USW00093824","ZANESVILLE MUNICIPAL AIRPORT, OH US","39.94609","-81.89315","268.6","2021-05-23","4.70",,"0.00",,"88","59","  290","  270","13.0","17.0",,,,,
"USW00093824","ZANESVILLE MUNICIPAL AIRPORT, OH US","39.94609","-81.89315","268.6","2021-05-24","4.47",,"0.00",,"85","68","  310","  290","13.0","16.1",,,,,
"USW00093824","ZANESVILLE MUNICIPAL AIRPORT, OH US","39.94609","-81.89315","268.6","2021-05-25","5.82",,"0.00",,"88","65","  190","  200","19.9","23.0","    1",,,,
"USW00093824","ZANESVILLE MUNICIPAL AIRPORT, OH US","39.94609","-81.89315","268.6","2021-05-26","6.71",,"0.31",,"86","64","  270","  280","30.0","40.9","    1",,"    1",,
"USW00093824","ZANESVILLE MUNICIPAL AIRPORT, OH US","39.94609","-81.89315","268.6","2021-05-27","2.91",,"0.01",,"78","57","  100","   30","6.9","10.1","    1","    1",,,
"USW00093824","ZANESVILLE MUNICIPAL AIRPORT, OH US","39.94609","-81.89315","268.6","2021-05-28","5.82",,"0.39",,"70","49","   40","  350","18.1","23.9","    1",,,,
"USW00093824","ZANESVILLE MUNICIPAL AIRPORT, OH US","39.94609","-81.89315","268.6","2021-05-29","7.83",,"0.00",,"54","47","  340","   20","15.0","21.9","    1",,,,
"USW00093824","ZANESVILLE MUNICIPAL AIRPORT, OH US","39.94609","-81.89315","268.6","2021-05-30","4.47",,"0.00",,"65","49","   40","   40","11.0","17.0","    1",,,,
"USW00093824","ZANESVILLE MUNICIPAL AIRPORT, OH US","39.94609","-81.89315","268.6","2021-05-31","1.57",,"0.00",,"73","45","  170","  170","8.9","12.1","    1","    1",,,
"USW00093824","ZANESVILLE MUNICIPAL AIRPORT, OH US","39.94609","-81.89315","268.6","2021-06-01","2.01",,"0.00",,"76","50","  130","  150","8.9","13.0",,,,,"    1"
"USW00093824","ZANESVILLE MUNICIPAL AIRPORT, OH US","39.94609","-81.89315","268.6","2021-06-02","3.80",,"0.03",,"70","59","  170","  170","10.1","12.1","    1",,,,
"USW00093824","ZANESVILLE MUNICIPAL AIRPORT, OH US","39.94609","-81.89315","268.6","2021-06-03","4.92",,"0.43",,"72","62","  190","  210","18.1","21.9","    1","    1","    1",,
"USW00093824","ZANESVILLE MUNICIPAL AIRPORT, OH US","39.94609","-81.89315","268.6","2021-06-04","6.04",,"0.00",,"83","58","  270","  270","16.1","21.9","    1","    1",,,
"USW00093824","ZANESVILLE MUNICIPAL AIRPORT, OH US","39.94609","-81.89315","268.6","2021-06-05","4.03",,"0.00",,"87","59","  200","  200","16.1","21.9",,,,,
"USW00093824","ZANESVILLE MUNICIPAL AIRPORT, OH US","39.94609","-81.89315","268.6","2021-06-06","3.80",,"0.00",,"87","61","  160","  160","14.1","19.0",,,,,
"USW00093824","ZANESVILLE MUNICIPAL AIRPORT, OH US","39.94609","-81.89315","268.6","2021-06-07","4.70",,"0.01",,"84","69","  280","  290","15.0","19.0",,,"    1",,
"USW00093824","ZANESVILLE MUNICIPAL AIRPORT, OH US","39.94609","-81.89315","268.6","2021-06-08","4.92",,"0.08",,"85","67","   30","   20","15.0","19.9","    1",,"    1",,
"USW00093824","ZANESVILLE MUNICIPAL AIRPORT, OH US","39.94609","-81.89315","268.6","2021-06-09","3.80",,"0.03",,"77","69","  190","  120","12.1","15.0","    1",,,,
"USW00093824","ZANESVILLE MUNICIPAL AIRPORT, OH US","39.94609","-81.89315","268.6","2021-06-10","4.47",,"0.09",,"82","68","   70","   50","12.1","14.1","    1",,"    1",,
"USW00093824","ZANESVILLE MUNICIPAL AIRPORT, OH US","39.94609","-81.89315","268.6","2021-06-11","2.91",,"0.36",,"78","70","   80","   70","12.1","14.1","    1","    1","    1",,
"USW00093824","ZANESVILLE MUNICIPAL AIRPORT, OH US","39.94609","-81.89315","268.6","2021-06-12","1.34",,"0.00",,"87","68","   80","   50","10.1","14.1","    1","    1",,,
"USW00093824","ZANESVILLE MUNICIPAL AIRPORT, OH US","39.94609","-81.89315","268.6","2021-06-13","2.91",,"0.31",,"87","65","   10","  360","14.1","18.1","    1",,"    1",,
"USW00093824","ZANESVILLE MUNICIPAL AIRPORT, OH US","39.94609","-81.89315","268.6","2021-06-14","5.82",,"0.01",,"85","58","  340","  340","19.9","25.1","    1",,"    1",,
"USW00093824","ZANESVILLE MUNICIPAL AIRPORT, OH US","39.94609","-81.89315","268.6","2021-06-15","6.71",,"0.01",,"77","55","  330","  330","19.9","23.9",,,,,
"USW00093824","ZANESVILLE MUNICIPAL AIRPORT, OH US","39.94609","-81.89315","268.6","2021-06-16","4.03",,"0.00",,"75","47","  310","  320","16.1","21.0",,,,,
"USW00093824","ZANESVILLE MUNICIPAL AIRPORT, OH US","39.94609","-81.89315","268.6","2021-06-17","3.58",,"0.00",,"80","47","  200","  250","10.1","15.0",,,,,"    1"
"USW00093824","ZANESVILLE MUNICIPAL AIRPORT, OH US","39.94609","-81.89315","268.6","2021-06-18","6.04",,"0.09",,"80","58","  150","  150","21.9","25.9","    1",,"    1",,
"USW00093824","ZANESVILLE MUNICIPAL AIRPORT, OH US","39.94609","-81.89315","268.6","2021-06-19","7.38",,"0.02",,"81","68","  260","  220","17.0","25.1",,,,,
"USW00093824","ZANESVILLE MUNICIPAL AIRPORT, OH US","39.94609","-81.89315","268.6","2021-06-20","6.93",,"0.09",,"88","68","  200","  200","16.1","21.0","    1",,"    1",,
"USW00093824","ZANESVILLE MUNICIPAL AIRPORT, OH US","39.94609","-81.89315","268.6","2021-06-21","9.17",,"0.04",,"88","62","  230","  230","19.9","31.1",,,"    1",,
"USW00093824","ZANESVILLE MUNICIPAL AIRPORT, OH US","39.94609","-81.89315","268.6","2021-06-22","6.04",,"0.01",,"70","50","  320","  290","16.1","21.9",,,,,
"USW00093824","ZANESVILLE MUNICIPAL AIRPORT, OH US","39.94609","-81.89315","268.6","2021-06-23","3.36",,"0.00",,"76","45","  160","  140","13.0","15.0",,,,,
"USW00093824","ZANESVILLE MUNICIPAL AIRPORT, OH US","39.94609","-81.89315","268.6","2021-06-24","6.26",,"0.00",,"83","54","  180","  170","13.0","19.9",,,,,
"USW00093824","ZANESVILLE MUNICIPAL AIRPORT, OH US","39.94609","-81.89315","268.6","2021-06-25","10.07",,"0.00",,"84","65","  180","  190","16.1","21.0",,,,,
"USW00093824","ZANESVILLE MUNICIPAL AIRPORT, OH US","39.94609","-81.89315","268.6","2021-06-26","9.84",,"0.00",,"87","70","  210","  190","16.1","23.0",,,,,
"USW00093824","ZANESVILLE MUNICIPAL AIRPORT, OH US","39.94609","-81.89315","268.6","2021-06-27","8.05",,"0.00",,"90","81","  210","  200","14.1","21.0",,,,,
"USW00093824","ZANESVILLE MUNICIPAL AIRPORT, OH US","39.94609","-81.89315","268.6","2021-06-28","3.80",,"0.00",,"93","66","  260",,"11.0",,,,,,
"USW00093824","ZANESVILLE MUNICIPAL AIRPORT, OH US","39.94609","-81.89315","268.6","2021-06-29","3.58",,"0.00",,"95","69","  170","  150","15.0","23.9",,,,,
"USW00093824","ZANESVILLE MUNICIPAL AIRPORT, OH US","39.94609","-81.89315","268.6","2021-06-30",,,"0.74",,"88","68","  300","  300","29.1","42.9",,,,,
"USW00093824","ZANESVILLE MUNICIPAL AIRPORT, OH US","39.94609","-81.89315","268.6","2021-07-01","4.92",,"0.32",,"88","65","  360",,"8.1",,,,,,
"USW00093824","ZANESVILLE MUNICIPAL AIRPORT, OH US","39.94609","-81.89315","268.6","2021-07-02","8.05",,"0.00",,"75","57","  330","  330","14.1","21.0",,,,,
"USW00093824","ZANESVILLE MUNICIPAL AIRPORT, OH US","39.94609","-81.89315","268.6","2021-07-03","6.04",,"0.00",,"79","54","  280","  270","15.0","19.9",,,,,
"USW00093824","ZANESVILLE MUNICIPAL AIRPORT, OH US","39.94609","-81.89315","268.6","2021-07-04","3.80",,"0.00",,"86","61","  340","   10","12.1","15.0",,,,,
"USW00093824","ZANESVILLE MUNICIPAL AIRPORT, OH US","39.94609","-81.89315","268.6","2021-07-05","3.80",,"0.00",,"90","64","  250","  230","12.1","15.0",,,,,
"USW00093824","ZANESVILLE MUNICIPAL AIRPORT, OH US","39.94609","-81.89315","268.6","2021-07-06","3.80",,"0.00",,"91","69","  190","  230","13.0","19.9",,,,,
"USW00093824","ZANESVILLE MUNICIPAL AIRPORT, OH US","39.94609","-81.89315","268.6","2021-07-07","3.13",,"0.08",,"91","70","  240","  260","18.1","27.1",,,,,
"USW00093824","ZANESVILLE MUNICIPAL AIRPORT, OH US","39.94609","-81.89315","268.6","2021-07-08","4.92",,"0.02",,"82","69","  330","  320","17.0","21.9",,,,,
"USW00093824","ZANESVILLE MUNICIPAL AIRPORT, OH US","39.94609","-81.89315","268.6","2021-07-09","6.26",,"0.01",,"79","63","  310","  290","14.1","19.0","    1",,,,
"USW00093824","ZANESVILLE MUNICIPAL AIRPORT, OH US","39.94609","-81.89315","268.6","2021-07-10","2.91",,"0.00",,"75","57","  110","   90","10.1","13.0","    1","    1",,,
"USW00093824","ZANESVILLE MUNICIPAL AIRPORT, OH US","39.94609","-81.89315","268.6","2021-07-11","6.71",,"0.42",,"80","65","  170","  200","16.1","21.9","    1",,"    1",,
"USW00093824","ZANESVILLE MUNICIPAL AIRPORT, OH US","39.94609","-81.89315","268.6","2021-07-12","6.71",,"0.04",,"84","71","  200","  200","21.0","23.9","    1",,,,"    1"
"USW00093824","ZANESVILLE MUNICIPAL AIRPORT, OH US","39.94609","-81.89315","268.6","2021-07-13","7.83",,"1.08",,"82","71","  210","  210","19.9","25.9","    1","    1","    1",,
"USW00093824","ZANESVILLE MUNICIPAL AIRPORT, OH US","39.94609","-81.89315","268.6","2021-07-14","4.92",,"0.00",,"85","69","  260","  260","13.0","16.1",,,,,
"USW00093824","ZANESVILLE MUNICIPAL AIRPORT, OH US","39.94609","-81.89315","268.6","2021-07-15","6.26",,"0.00",,"86","65","  190","  180","15.0","19.0",,,"    1",,
"USW00093824","ZANESVILLE MUNICIPAL AIRPORT, OH US","39.94609","-81.89315","268.6","2021-07-16","5.14",,"0.16",,"87","70","  200","  200","23.9","32.0","    1",,"    1",,
"USW00093824","ZANESVILLE MUNICIPAL AIRPORT, OH US","39.94609","-81.89315","268.6","2021-07-17","5.82",,"0.26",,"79","63","  300","  270","19.9","29.1","    1",,"    1",,"    1"
"USW00093824","ZANESVILLE MUNICIPAL AIRPORT, OH US","39.94609","-81.89315","268.6","2021-07-18","2.91",,"0.00",,"83","59","   10","  320","8.9","13.0","    1",,,,
"USW00093824","ZANESVILLE MUNICIPAL AIRPORT, OH US","39.94609","-81.89315","268.6","2021-07-19","2.24",,"0.00",,"84","60","  310","  320","10.1","14.1","    1",,,,
"USW00093824","ZANESVILLE MUNICIPAL AIRPORT, OH US","39.94609","-81.89315","268.6","2021-07-20","1.12",,"0.00",,"85","62","  250","  330","6.9","10.1","    1",,"    1",,"    1"
"USW00093824","ZANESVILLE MUNICIPAL AIRPORT, OH US","39.94609","-81.89315","268.6","2021-07-21","5.37",,"0.00",,"78","61","  320","  320","13.0","17.0","    1",,,,
"USW00093824","ZANESVILLE MUNICIPAL AIRPORT, OH US","39.94609","-81.89315","268.6","2021-07-22","2.24",,"0.00",,"78","54","  330","  330","12.1","15.0",,,,,
"USW00093824","ZANESVILLE MUNICIPAL AIRPORT, OH US","39.94609","-81.89315","268.6","2021-07-23","1.34",,"0.00",,"78","59","  100","  100","8.9","11.0",,,,,
"USW00093824","ZANESVILLE MUNICIPAL AIRPORT, OH US","39.94609","-81.89315","268.6","2021-07-24","4.70",,"0.00",,"84","61","  210","  240","10.1","13.0",,,,,
"USW00093824","ZANESVILLE MUNICIPAL AIRPORT, OH US","39.94609","-81.89315","268.6","2021-07-25","3.36",,"0.00",,"87","70","  160","  170","8.9","13.0",,,,,
"USW00093824","ZANESVILLE MUNICIPAL AIRPORT, OH US","39.94609","-81.89315","268.6","2021-07-26","3.13",,"0.00",,"88","64","  340","  320","13.0","17.0","    1","    1",,,
"USW00093824","ZANESVILLE MUNICIPAL AIRPORT, OH US","39.94609","-81.89315","268.6","2021-07-27","2.01",,"0.00",,"89","58","  350","  330","8.9","12.1","    1","    1",,,
"USW00093824","ZANESVILLE MUNICIPAL AIRPORT, OH US","39.94609","-81.89315","268.6","2021-07-28","2.01",,"0.00",,"88","62","  300","  340","8.9","13.0","    1",,,,
"USW00093824","ZANESVILLE MUNICIPAL AIRPORT, OH US","39.94609","-81.89315","268.6","2021-07-29","4.92",,"0.18",,"87","68","   30","   40","18.1","28.0","    1",,"    1",,"    1"
"USW00093824","ZANESVILLE MUNICIPAL AIRPORT, OH US","39.94609","-81.89315","268.6","2021-07-30","5.82",,"0.00",,"82","63","  320","  330","16.1","19.9","    1",,,,
"USW00093824","ZANESVILLE MUNICIPAL AIRPORT, OH US","39.94609","-81.89315","268.6","2021-07-31","2.91",,"0.00",,"77","61","  190","  140","8.1","12.1",,,,,
"USW00093824","ZANESVILLE MUNICIPAL AIRPORT, OH US","39.94609","-81.89315","268.6","2021-08-01","4.03",,"0.31",,"79","61","  320","  320","17.0","23.0","    1","    1","    1",,
"USW00093824","ZANESVILLE MUNICIPAL AIRPORT, OH US","39.94609","-81.89315","268.6","2021-08-02","3.13",,"0.00",,"79","54","   30","   50","12.1","17.0","    1",,,,
"USW00093824","ZANESVILLE MUNICIPAL AIRPORT, OH US","39.94609","-81.89315","268.6","2021-08-03","3.13",,"0.00",,"82","53","   50","   40","13.0","18.1","    1",,,,"    1"
"USW00093824","ZANESVILLE MUNICIPAL AIRPORT, OH US","39.94609","-81.89315","268.6","2021-08-04","4.03",,"0.00",,"84","59","   40","   40","13.0","17.0",,,,,
"USW00093824","ZANESVILLE MUNICIPAL AIRPORT, OH US","39.94609","-81.89315","268.6","2021-08-05","0.89",,"0.00",,"86","57","  350","  330","8.1","11.0",,,,,
"USW00093824","ZANESVILLE MUNICIPAL AIRPORT, OH US","39.94609","-81.89315","268.6","2021-08-06","4.47",,"0.12",,"88","62","  250","  250","23.9","30.0",,,,,
"USW00093824","ZANESVILLE MUNICIPAL AIRPORT, OH US","39.94609","-81.89315","268.6","2021-08-07","2.91",,"0.24",,"85","65","  290","  290","18.1","23.9","    1",,"    1",,"    1"
"USW00093824","ZANESVILLE MUNICIPAL AIRPORT, OH US","39.94609","-81.89315","268.6","2021-08-08","2.91",,"0.00",,"88","62","  270","  270","8.9","12.1","    1","    1",,,
"USW00093824","ZANESVILLE MUNICIPAL AIRPORT, OH US","39.94609","-81.89315","268.6","2021-08-09","6.49",,"0.05",,"92","67","  230","  220","17.0","25.9","    1",,,,"    1"
"USW00093824","ZANESVILLE MUNICIPAL AIRPORT, OH US","39.94609","-81.89315","268.6","2021-08-10","7.61",,"0.07",,"90","69","  210","  200","21.0","25.1","    1",,"    1",,
"USW00093824","ZANESVILLE MUNICIPAL AIRPORT, OH US","39.94609","-81.89315","268.6","2021-08-11","7.61",,"0.14",,"93","71","  320","  320","32.0","45.0","    1",,"    1",,
"USW00093824","ZANESVILLE MUNICIPAL AIRPORT, OH US","39.94609","-81.89315","268.6","2021-08-12","5.82",,"0.22",,"94","69","  340","  340","35.1","46.1","    1",,"    1",,
"USW00093824","ZANESVILLE MUNICIPAL AIRPORT, OH US","39.94609","-81.89315","268.6","2021-08-13","4.47",,"0.29",,"92","68","  210","  210","33.1","51.0","    1",,"    1",,
"USW00093824","ZANESVILLE MUNICIPAL AIRPORT, OH US","39.94609","-81.89315","268.6","2021-08-14","4.92",,"0.00",,"83","66","  340","   50","12.1","17.0","    1",,,,
"USW00093824","ZANESVILLE MUNICIPAL AIRPORT, OH US","39.94609","-81.89315","268.6","2021-08-15","5.82",,"0.00",,"76","63","   50","   80","13.0","21.9",,,,,
"USW00093824","ZANESVILLE MUNICIPAL AIRPORT, OH US","39.94609","-81.89315","268.6","2021-08-16","2.01",,"0.22",,"78","68","  150","  120","6.9","10.1","    1",,,,
"USW00093824","ZANESVILLE MUNICIPAL AIRPORT, OH US","39.94609","-81.89315","268.6","2021-08-17","4.25",,"0.12",,"83","70","  130","  130","15.0","19.9","    1",,,,
"USW00093824","ZANESVILLE MUNICIPAL AIRPORT, OH US","39.94609","-81.89315","268.6","2021-08-18","7.61",,"2.99",,"85","70","  330","  330","15.0","21.9","    1",,,,
"USW00093824","ZANESVILLE MUNICIPAL AIRPORT, OH US","39.94609","-81.89315","268.6","2021-08-19","1.57",,"0.00",,"82","67","  320","  310","8.1","8.9","    1","    1",,,
"USW00093824","ZANESVILLE MUNICIPAL AIRPORT, OH US","39.94609","-81.89315","268.6","2021-08-20","2.24",,"0.00",,"85","64","   30","   60","10.1","13.0","    1","    1",,,
"USW00093824","ZANESVILLE MUNICIPAL AIRPORT, OH US","39.94609","-81.89315","268.6","2021-08-21","1.34",,"0.00",,"86","63","   90","  210","10.1","12.1","    1",,,,
"USW00093824","ZANESVILLE MUNICIPAL AIRPORT, OH US","39.94609","-81.89315","268.6","2021-08-22","2.68",,"0.00",,"88","65","   70","   70","21.0","27.1","    1",,,,
"USW00093824","ZANESVILLE MUNICIPAL AIRPORT, OH US","39.94609","-81.89315","268.6","2021-08-23","3.58",,"0.00",,"89","65","  330","  340","14.1","18.1","    1","    1",,,
"USW00093824","ZANESVILLE MUNICIPAL AIRPORT, OH US","39.94609","-81.89315","268.6","2021-08-24","1.12",,"0.00",,"89","65","  200","  210","8.1","11.0","    1",,,,
"USW00093824","ZANESVILLE MUNICIPAL AIRPORT, OH US","39.94609","-81.89315","268.6","2021-08-25","2.91",,"0.28",,"89","71","  280","  310","19.9","25.1","    1",,"    1",,
"USW00093824","ZANESVILLE MUNICIPAL AIRPORT, OH US","39.94609","-81.89315","268.6","2021-08-26","2.01",,"0.06",,"87","71","  150","  150","10.1","13.0","    1",,"    1",,
"USW00093824","ZANESVILLE MUNICIPAL AIRPORT, OH US","39.94609","-81.89315","268.6","2021-08-27","2.46",,"0.00",,"89","68","  200","  200","8.1","12.1","    1","    1",,,
"USW00093824","ZANESVILLE MUNICIPAL AIRPORT, OH US","39.94609","-81.89315","268.6","2021-08-28","2.46",,"0.00",,"88","70","  230","  200","10.1","14.1","    1",,,,
"USW00093824","ZANESVILLE MUNICIPAL AIRPORT, OH US","39.94609","-81.89315","268.6","2021-08-29","4.70",,"0.65",,"88","70","  270","  280","21.0","30.0","    1","    1","    1",,"    1"
"USW00093824","ZANESVILLE MUNICIPAL AIRPORT, OH US","39.94609","-81.89315","268.6","2021-08-30","4.47",,"0.01",,"84","70","  330","  330","14.1","17.0",,,,,
"USW00093824","ZANESVILLE MUNICIPAL AIRPORT, OH US","39.94609","-81.89315","268.6","2021-08-31","4.03",,"0.85",,"77","68","  190","  190","13.0","15.0","    1",,,,
"USW00093824","ZANESVILLE MUNICIPAL AIRPORT, OH US","39.94609","-81.89315","268.6","2021-09-01","7.83",,"1.12",,"77","59","   30","  350","16.1","21.0","    1",,,,
"USW00093824","ZANESVILLE MUNICIPAL AIRPORT, OH US","39.94609","-81.89315","268.6","2021-09-02","3.13",,"0.00",,"77","53","  360","  340","12.1","16.1",,,,,
"USW00093824","ZANESVILLE MUNICIPAL AIRPORT, OH US","39.94609","-81.89315","268.6","2021-09-03","1.57",,"0.00",,"76","49","   40","   70","6.9","10.1","    1",,,,
"USW00093824","ZANESVILLE MUNICIPAL AIRPORT, OH US","39.94609","-81.89315","268.6","2021-09-04","3.36",,"0.11",,"79","60","  240","  230","13.0","17.0","    1",,,,
"USW00093824","ZANESVILLE MUNICIPAL AIRPORT, OH US","39.94609","-81.89315","268.6","2021-09-05","4.25",,"0.16",,"79","59","  310","  240","12.1","17.0","    1",,,,
"USW00093824","ZANESVILLE MUNICIPAL AIRPORT, OH US","39.94609","-81.89315","268.6","2021-09-06","3.36",,"0.00",,"81","53","  250","  230","14.1","19.9","    1",,,,
"USW00093824","ZANESVILLE MUNICIPAL AIRPORT, OH US","39.94609","-81.89315","268.6","2021-09-07","5.82",,"0.00",,"82","60","  200","  200","19.9","23.9",,,,,
"USW00093824","ZANESVILLE MUNICIPAL AIRPORT, OH US","39.94609","-81.89315","268.6","2021-09-08","5.59",,"0.00",,"76","59","  180","  170","13.0","18.1","    1","    1",,,
"USW00093824","ZANESVILLE MUNICIPAL AIRPORT, OH US","39.94609","-81.89315","268.6","2021-09-09","4.25",,"0.00",,"75","53","  300","  300","18.1","21.9","    1","    1",,,
"USW00093824","ZANESVILLE MUNICIPAL AIRPORT, OH US","39.94609","-81.89315","268.6","2021-09-10","1.79",,"0.00",,"75","49","  340","  340","10.1","13.0","    1",,,,
"USW00093824","ZANESVILLE MUNICIPAL AIRPORT, OH US","39.94609","-81.89315","268.6","2021-09-11","6.26",,"0.00",,"77","51","  200","  200","18.1","21.9",,,,,
"USW00093824","ZANESVILLE MUNICIPAL AIRPORT, OH US","39.94609","-81.89315","268.6","2021-09-12","8.05",,"0.00",,"83","64","  200","  220","16.1","23.0",,,,,
"USW00093824","ZANESVILLE MUNICIPAL AIRPORT, OH US","39.94609","-81.89315","268.6","2021-09-13","5.82",,"0.00",,"82","67","  200","  190","14.1","17.0",,,,,
"USW00093824","ZANESVILLE MUNICIPAL AIRPORT, OH US","39.94609","-81.89315","268.6","2021-09-14","6.71",,"0.00",,"88","64","  200","  200","17.0","21.9","    1",,,,"    1"
"USW00093824","ZANESVILLE MUNICIPAL AIRPORT, OH US","39.94609","-81.89315","268.6","2021-09-15","4.25",,"0.00",,"76","65","   20","  350","8.1","11.0",,,,,
"USW00093824","ZANESVILLE MUNICIPAL AIRPORT, OH US","39.94609","-81.89315","268.6","2021-09-16","3.58",,"0.00",,"82","58","  110","  120","8.9","11.0","    1",,,,
"USW00093824","ZANESVILLE MUNICIPAL AIRPORT, OH US","39.94609","-81.89315","268.6","2021-09-17","2.68",,"0.00",,"85","62","  200","  210","10.1","15.0","    1",,,,
"USW00093824","ZANESVILLE MUNICIPAL AIRPORT, OH US","39.94609","-81.89315","268.6","2021-09-18","1.34",,"0.00",,"87","65","   40","   50","10.1","14.1","    1",,,,
"USW00093824","ZANESVILLE MUNICIPAL AIRPORT, OH US","39.94609","-81.89315","268.6","2021-09-19","2.46",,"0.00",,"87","62","   70","  100","8.9","11.0","    1",,,,
"USW00093824","ZANESVILLE MUNICIPAL AIRPORT, OH US","39.94609","-81.89315","268.6","2021-09-20","6.26",,"0.00",,"85","65","  180","  180","17.0","23.0",,,,,
"USW00093824","ZANESVILLE MUNICIPAL AIRPORT, OH US","39.94609","-81.89315","268.6","2021-09-21","7.61",,"0.50",,"72","66","  160","  150","13.0","16.1","    1",,,,
"USW00093824","ZANESVILLE MUNICIPAL AIRPORT, OH US","39.94609","-81.89315","268.6","2021-09-22","7.83",,"0.38",,"75","54","  240","  240","15.0","21.0","    1",,,,
"USW00093824","ZANESVILLE MUNICIPAL AIRPORT, OH US","39.94609","-81.89315","268.6","2021-09-23","8.05",,"0.05",,"60","51","  250","  250","16.1","23.9","    1",,,,
"USW00093824","ZANESVILLE MUNICIPAL AIRPORT, OH US","39.94609","-81.89315","268.6","2021-09-24","5.59",,"0.00",,"72","46","  200","  250","14.1","18.1",,,,,
"USW00093824","ZANESVILLE MUNICIPAL AIRPORT, OH US","39.94609","-81.89315","268.6","2021-09-25","4.47",,"0.00",,"66","47","  200","  200","14.1","19.0","    1",,,,
"USW00093824","ZANESVILLE MUNICIPAL AIRPORT, OH US","39.94609","-81.89315","268.6","2021-09-26","5.14",,"0.00",,"73","43","  200","  200","16.1","25.1","    1",,,,
"USW00093824","ZANESVILLE MUNICIPAL AIRPORT, OH US","39.94609","-81.89315","268.6","2021-09-27","9.17",,"0.00",,"81","52","  200","  230","21.9","25.9",,,,,
"USW00093824","ZANESVILLE MUNICIPAL AIRPORT, OH US","39.94609","-81.89315","268.6","2021-09-28","4.47",,"0.29",,"74","52","  190","  190","21.9","29.1","    1",,"    1",,
"USW00093824","ZANESVILLE MUNICIPAL AIRPORT, OH US","39.94609","-81.89315","268.6","2021-09-29","1.79",,"0.00",,"74","48","   70","  360","8.1","10.1",,,,,
"USW00093824","ZANESVILLE MUNICIPAL AIRPORT, OH US","39.94609","-81.89315","268.6","2021-09-30","1.79",,"0.00",,"73","46","  330","  360","10.1","15.0",,,,,
"USW00093824","ZANESVILLE MUNICIPAL AIRPORT, OH US","39.94609","-81.89315","268.6","2021-10-01","1.34",,"0.00",,"72","44","  110","  130","6.9","8.9","    1",,,,"    1"
"USW00093824","ZANESVILLE MUNICIPAL AIRPORT, OH US","39.94609","-81.89315","268.6","2021-10-02","3.36",,"0.00",,"76","43","  170","  160","10.1","13.0",,,,,
"USW00093824","ZANESVILLE MUNICIPAL AIRPORT, OH US","39.94609","-81.89315","268.6","2021-10-03","6.71",,"0.17",,"71","66","  200","  190","13.0","16.1","    1",,,,
"USW00093824","ZANESVILLE MUNICIPAL AIRPORT, OH US","39.94609","-81.89315","268.6","2021-10-04","4.70",,"0.01",,"76","59","  190","  260","14.1","18.1","    1","    1",,,
"USW00093824","ZANESVILLE MUNICIPAL AIRPORT, OH US","39.94609","-81.89315","268.6","2021-10-05","2.46",,"0.00",,"80","58","   50","   50","10.1","13.0","    1","    1",,,
"USW00093824","ZANESVILLE MUNICIPAL AIRPORT, OH US","39.94609","-81.89315","268.6","2021-10-06","2.91",,"0.06",,"81","62","  130","  130","10.1","15.0","    1",,"    1",,
"USW00093824","ZANESVILLE MUNICIPAL AIRPORT, OH US","39.94609","-81.89315","268.6","2021-10-07","2.68",,"0.01",,"74","63","  180","  170","8.9","11.0","    1","    1",,,
"USW00093824","ZANESVILLE MUNICIPAL AIRPORT, OH US","39.94609","-81.89315","268.6","2021-10-08","3.80",,"0.00",,"75","60","  130","  200","10.1","14.1","    1","    1",,,
"USW00093824","ZANESVILLE MUNICIPAL AIRPORT, OH US","39.94609","-81.89315","268.6","2021-10-09","4.70",,"0.00",,"76","60","  160","  160","10.1","14.1","    1",,,,
"USW00093824","ZANESVILLE MUNICIPAL AIRPORT, OH US","39.94609","-81.89315","268.6","2021-10-10","5.37",,"0.00",,"79","58","  160","  170","15.0","19.0",,,,,
"USW00093824","ZANESVILLE MUNICIPAL AIRPORT, OH US","39.94609","-81.89315","268.6","2021-10-11","5.37",,"0.00",,"82","59","  160","  150","13.0","15.0",,,,,
"USW00093824","ZANESVILLE MUNICIPAL AIRPORT, OH US","39.94609","-81.89315","268.6","2021-10-12","7.61",,"0.00",,"79","62","  180","  190","16.1","21.0",,,,,
"USW00093824","ZANESVILLE MUNICIPAL AIRPORT, OH US","39.94609","-81.89315","268.6","2021-10-13","2.46",,"0.00",,"75","54","  200","  200","8.9","14.1","    1",,,,"    1"
"USW00093824","ZANESVILLE MUNICIPAL AIRPORT, OH US","39.94609","-81.89315","268.6","2021-10-14","3.58",,"0.00",,"82","58","  190","  260","10.1","14.1",,,,,"    1"
"USW00093824","ZANESVILLE MUNICIPAL AIRPORT, OH US","39.94609","-81.89315","268.6","2021-10-15","5.59",,"0.13",,"82","66","  200","  200","19.9","30.0","    1",,"    1",,
"USW00093824","ZANESVILLE MUNICIPAL AIRPORT, OH US","39.94609","-81.89315","268.6","2021-10-16","10.29",,"1.00",,"67","50","  310","  320","19.9","29.1","    1",,"    1",,
"USW00093824","ZANESVILLE MUNICIPAL AIRPORT, OH US","39.94609","-81.89315","268.6","2021-10-17","7.38",,"0.00",,"63","46","  300","  300","19.9","27.1",,,,,
"USW00093824","ZANESVILLE MUNICIPAL AIRPORT, OH US","39.94609","-81.89315","268.6","2021-10-18","4.92",,"0.00",,"67","42","  280","  310","16.1","23.9",,,,,
"USW00093824","ZANESVILLE MUNICIPAL AIRPORT, OH US","39.94609","-81.89315","268.6","2021-10-19","2.24",,"0.00",,"71","38","  280","  300","15.0","21.0",,,,,
"USW00093824","ZANESVILLE MUNICIPAL AIRPORT, OH US","39.94609","-81.89315","268.6","2021-10-20","3.36",,"0.00",,"72","41","  210","  200","14.1","18.1","    1",,,,
"USW00093824","ZANESVILLE MUNICIPAL AIRPORT, OH US","39.94609","-81.89315","268.6","2021-10-21","9.17",,"0.16",,"70","50","  190","  310","18.1","25.1","    1",,,,
"USW00093824","ZANESVILLE MUNICIPAL AIRPORT, OH US","39.94609","-81.89315","268.6","2021-10-22","3.80",,"0.01",,"55","50","  290","  300","10.1","14.1","    1",,,,
"USW00093824","ZANESVILLE MUNICIPAL AIRPORT, OH US","39.94609","-81.89315","268.6","2021-10-23","3.80",,"0.25",,"56","45","  250","  300","10.1","13.0","    1",,,,
"USW00093824","ZANESVILLE MUNICIPAL AIRPORT, OH US","39.94609","-81.89315","268.6","2021-10-24","5.14",,"0.35",,"63","50","  200","  200","14.1","19.0","    1",,,,
"USW00093824","ZANESVILLE MUNICIPAL AIRPORT, OH US","39.94609","-81.89315","268.6","2021-10-25","10.29",,"0.49",,"66","53","  190","  180","18.1","23.0","    1",,,,
"USW00093824","ZANESVILLE MUNICIPAL AIRPORT, OH US","39.94609","-81.89315","268.6","2021-10-26","11.41",,"0.02",,"54","43","  330","  340","21.0","29.1","    1",,,,
"USW00093824","ZANESVILLE MUNICIPAL AIRPORT, OH US","39.94609","-81.89315","268.6","2021-10-27","3.36",,"0.00",,"53","45","  310","  310","10.1","13.0",,,,,
"USW00093824","ZANESVILLE MUNICIPAL AIRPORT, OH US","39.94609","-81.89315","268.6","2021-10-28","8.05",,"0.51",,"69","48","  190","  190","21.0","27.1","    1",,,,
"USW00093824","ZANESVILLE MUNICIPAL AIRPORT, OH US","39.94609","-81.89315","268.6","2021-10-29","8.95",,"0.53",,"59","53","  100","  100","19.9","25.1","    1",,,,
"USW00093824","ZANESVILLE MUNICIPAL AIRPORT, OH US","39.94609","-81.89315","268.6","2021-10-30","4.92",,"0.01",,"62","52","  140","  140","10.1","14.1","    1",,,,
"USW00093824","ZANESVILLE MUNICIPAL AIRPORT, OH US","39.94609","-81.89315","268.6","2021-10-31","8.28",,"0.02",,"59","51","  310","  310","18.1","25.1","    1",,,,
"USW00093824","ZANESVILLE MUNICIPAL AIRPORT, OH US","39.94609","-81.89315","268.6","2021-11-01","4.92",,"0.00",,"55","38","  310","  300","16.1","19.9",,,,,
"USW00093824","ZANESVILLE MUNICIPAL AIRPORT, OH US","39.94609","-81.89315","268.6","2021-11-02","5.59",,"0.00",,"50","31","  290","  290","16.1","21.0",,,,,
"USW00093824","ZANESVILLE MUNICIPAL AIRPORT, OH US","39.94609","-81.89315","268.6","2021-11-03","1.34",,"0.00",,"49","27","  310","  310","8.9","13.0",,,,,
"USW00093824","ZANESVILLE MUNICIPAL AIRPORT, OH US","39.94609","-81.89315","268.6","2021-11-04","1.57",,"0.00",,"51","27","  320","  360","8.9","12.1",,,,,
"USW00093824","ZANESVILLE MUNICIPAL AIRPORT, OH US","39.94609","-81.89315","268.6","2021-11-05","1.12",,"0.00",,"51","24","   70","   60","8.1","12.1",,,,,
"USW00093824","ZANESVILLE MUNICIPAL AIRPORT, OH US","39.94609","-81.89315","268.6","2021-11-06","0.67",,"0.00",,"57","24","  110","   90","6.0","8.9",,,,,
"USW00093824","ZANESVILLE MUNICIPAL AIRPORT, OH US","39.94609","-81.89315","268.6","2021-11-07","1.34",,"0.00",,"62","27","  290","  300","10.1","13.0",,,,,
"USW00093824","ZANESVILLE MUNICIPAL AIRPORT, OH US","39.94609","-81.89315","268.6","2021-11-08","3.58",,"0.00",,"68","31","  190","  180","13.0","17.0",,,,,
"USW00093824","ZANESVILLE MUNICIPAL AIRPORT, OH US","39.94609","-81.89315","268.6","2021-11-09","2.91",,"0.00",,"68","35","  200","  210","14.1","19.0",,,,,
"USW00093824","ZANESVILLE MUNICIPAL AIRPORT, OH US","39.94609","-81.89315","268.6","2021-11-10","3.58",,"0.00",,"64","39","   80","   80","10.1","14.1","    1",,,,"    1"
"USW00093824","ZANESVILLE MUNICIPAL AIRPORT, OH US","39.94609","-81.89315","268.6","2021-11-11","7.83",,"0.50",,"70","44","  190","  180","23.0","32.0","    1",,,,
"USW00093824","ZANESVILLE MUNICIPAL AIRPORT, OH US","39.94609","-81.89315","268.6","2021-11-12","9.17",,"0.02",,"57","40","  230","  220","21.9","33.1",,,,,
"USW00093824","ZANESVILLE MUNICIPAL AIRPORT, OH US","39.94609","-81.89315","268.6","2021-11-13","8.72",,"0.03",,"42","33","  310","  240","17.0","25.1","    1",,,,
"USW00093824","ZANESVILLE MUNICIPAL AIRPORT, OH US","39.94609","-81.89315","268.6","2021-11-14","8.95",,"0.22",,"39","33","  240","  260","16.1","25.9","    1",,,,
"USW00093824","ZANESVILLE MUNICIPAL AIRPORT, OH US","39.94609","-81.89315","268.6","2021-11-15","8.28",,"0.00",,"43","35","  260","  240","18.1","27.1","    1",,,,
"USW00093824","ZANESVILLE MUNICIPAL AIRPORT, OH US","39.94609","-81.89315","268.6","2021-11-16","2.68",,"0.00",,"52","36","  110","  130","6.9","10.1",,,,,
"USW00093824","ZANESVILLE MUNICIPAL AIRPORT, OH US","39.94609","-81.89315","268.6","2021-11-17","10.51",,"0.00",,"70","40","  200","  200","21.0","30.0",,,,,
"USW00093824","ZANESVILLE MUNICIPAL AIRPORT, OH US","39.94609","-81.89315","268.6","2021-11-18","9.17",,"0.26",,"64","35","  310","  260","18.1","25.9","    1",,,,
"USW00093824","ZANESVILLE MUNICIPAL AIRPORT, OH US","39.94609","-81.89315","268.6","2021-11-19","5.14",,"0.00",,"38","26","  290","  290","17.0","23.9",,,,,
"USW00093824","ZANESVILLE MUNICIPAL AIRPORT, OH US","39.94609","-81.89315","268.6","2021-11-20","4.92",,"0.00",,"48","24","  170","  180","14.1","17.0",,,,,
"USW00093824","ZANESVILLE MUNICIPAL AIRPORT, OH US","39.94609","-81.89315","268.6","2021-11-21","4.47",,"0.23",,"45","32","  250","  270","12.1","17.0","    1",,,,
"USW00093824","ZANESVILLE MUNICIPAL AIRPORT, OH US","39.94609","-81.89315","268.6","2021-11-22","7.83",,"0.00",,"44","28","  320","  320","19.9","25.9",,,,,
"USW00093824","ZANESVILLE MUNICIPAL AIRPORT, OH US","39.94609","-81.89315","268.6","2021-11-23","5.37",,"0.00",,"40","22","  290","  310","15.0","19.9",,,,,
"USW00093824","ZANESVILLE MUNICIPAL AIRPORT, OH US","39.94609","-81.89315","268.6","2021-11-24","5.82",,"0.00",,"49","21","  190","  190","14.1","18.1",,,,,
"USW00093824","ZANESVILLE MUNICIPAL AIRPORT, OH US","39.94609","-81.89315","268.6","2021-11-25","9.40",,"0.12",,"49","41","  300","  290","23.0","32.0","    1",,,,
"USW00093824","ZANESVILLE MUNICIPAL AIRPORT, OH US","39.94609","-81.89315","268.6","2021-11-26","10.51",,"0.00",,"41","30","  290","  320","21.9","30.0",,,,,"    1"
"USW00093824","ZANESVILLE MUNICIPAL AIRPORT, OH US","39.94609","-81.89315","268.6","2021-11-27","6.26",,"0.00",,"37","25","  160","  190","12.1","15.0",,,,,
"USW00093824","ZANESVILLE MUNICIPAL AIRPORT, OH US","39.94609","-81.89315","268.6","2021-11-28","8.72",,"0.00",,"44","32","  300","  300","21.0","28.0",,,,,
"USW00093824","ZANESVILLE MUNICIPAL AIRPORT, OH US","39.94609","-81.89315","268.6","2021-11-29","6.49",,"0.00",,"42","24","  240","  250","14.1","21.0","    1",,,,
"USW00093824","ZANESVILLE MUNICIPAL AIRPORT, OH US","39.94609","-81.89315","268.6","2021-11-30","8.28",,"0.00",,"50","33","  260","  250","18.1","23.9","    1",,,,
"USW00093824","ZANESVILLE MUNICIPAL AIRPORT, OH US","39.94609","-81.89315","268.6","2021-12-01","4.92",,"0.10",,"49","24","  210","  230","12.1","17.0","    1",,,,
"USW00093824","ZANESVILLE MUNICIPAL AIRPORT, OH US","39.94609","-81.89315","268.6","2021-12-02","10.07",,"0.00",,"59","42","  240","  220","21.9","33.1",,,,,
"USW00093824","ZANESVILLE MUNICIPAL AIRPORT, OH US","39.94609","-81.89315","268.6","2021-12-03","3.13",,"0.00",,"48","35","   80","   40","8.9","11.0",,,,,
"USW00093824","ZANESVILLE MUNICIPAL AIRPORT, OH US","39.94609","-81.89315","268.6","2021-12-04","4.25",,"0.00",,"52","28","  320","  310","13.0","16.1","    1",,,,
"USW00093824","ZANESVILLE MUNICIPAL AIRPORT, OH US","39.94609","-81.89315","268.6","2021-12-05","7.38",,"0.08",,"57","25","  170","  170","21.0","27.1",,,,,
"USW00093824","ZANESVILLE MUNICIPAL AIRPORT, OH US","39.94609","-81.89315","268.6","2021-12-06","13.20",,"0.77",,"55","31","  270","  270","25.1","38.0","    1",,,,
"USW00093824","ZANESVILLE MUNICIPAL AIRPORT, OH US","39.94609","-81.89315","268.6","2021-12-07","4.47",,"0.00",,"31","20","  290","  300","16.1","21.9",,,,,
"USW00093824","ZANESVILLE MUNICIPAL AIRPORT, OH US","39.94609","-81.89315","268.6","2021-12-08","3.80",,"0.00",,"35","24","  280","  280","13.0","16.1","    1",,,,
"USW00093824","ZANESVILLE MUNICIPAL AIRPORT, OH US","39.94609","-81.89315","268.6","2021-12-09","4.70",,"0.00",,"45","20","  150","  150","16.1","21.0","    1",,,,
"USW00093824","ZANESVILLE MUNICIPAL AIRPORT, OH US","39.94609","-81.89315","268.6","2021-12-10","5.37",,"0.05",,"58","43","  170","  170","14.1","18.1","    1",,,,
"USW00093824","ZANESVILLE MUNICIPAL AIRPORT, OH US","39.94609","-81.89315","268.6","2021-12-11","17.22",,"0.62",,"64","34","  270","  260","35.1","48.1","    1",,"    1",,
"USW00093824","ZANESVILLE MUNICIPAL AIRPORT, OH US","39.94609","-81.89315","268.6","2021-12-12","5.82",,"0.00",,"47","27","  250","  230","15.0","19.9",,,,,
"USW00093824","ZANESVILLE MUNICIPAL AIRPORT, OH US","39.94609","-81.89315","268.6","2021-12-13","3.36",,"0.00",,"51","23","  200","  220","13.0","19.0",,,,,
"USW00093824","ZANESVILLE MUNICIPAL AIRPORT, OH US","39.94609","-81.89315","268.6","2021-12-14","2.24",,"0.00",,"56","25","  170","  180","10.1","13.0",,,,,
"USW00093824","ZANESVILLE MUNICIPAL AIRPORT, OH US","39.94609","-81.89315","268.6","2021-12-15","8.95",,"0.00",,"59","38","  170","  180","15.0","18.1",,,,,
"USW00093824","ZANESVILLE MUNICIPAL AIRPORT, OH US","39.94609","-81.89315","268.6","2021-12-16","11.63",,"0.08",,"63","47","  280","  270","23.9","35.1","    1",,,,
"USW00093824","ZANESVILLE MUNICIPAL AIRPORT, OH US","39.94609","-81.89315","268.6","2021-12-17","2.68",,"0.08",,"47","28","  290","  290","12.1","16.1",,,,,
"USW00093824","ZANESVILLE MUNICIPAL AIRPORT, OH US","39.94609","-81.89315","268.6","2021-12-18","7.16",,"0.23",,"57","37","  310","  310","21.9","30.0","    1",,,,
"USW00093824","ZANESVILLE MUNICIPAL AIRPORT, OH US","39.94609","-81.89315","268.6","2021-12-19","5.14",,"0.00",,"37","32","  310","  310","13.0","16.1",,,,,
"USW00093824","ZANESVILLE MUNICIPAL AIRPORT, OH US","39.94609","-81.89315","268.6","2021-12-20","2.91",,"0.00",,"42","23","  170","  200","10.1","13.0",,,,,
"USW00093824","ZANESVILLE MUNICIPAL AIRPORT, OH US","39.94609","-81.89315","268.6","2021-12-21","3.58",,"0.00",,"44","21","  160","  160","13.0","15.0",,,,,
"USW00093824","ZANESVILLE MUNICIPAL AIRPORT, OH US","39.94609","-81.89315","268.6","2021-12-22","8.50",,"0.00",,"37","23","  300","  260","18.1","23.0",,,,,
"USW00093824","ZANESVILLE MUNICIPAL AIRPORT, OH US","39.94609","-81.89315","268.6","2021-12-23","7.38",,"0.00",,"45","17","  180","  180","17.0","21.9",,,,,
"USW00093824","ZANESVILLE MUNICIPAL AIRPORT, OH US","39.94609","-81.89315","268.6","2021-12-24","8.50",,"0.00",,"59","44","  200","  190","18.1","25.1",,,,,
"USW00093824","ZANESVILLE MUNICIPAL AIRPORT, OH US","39.94609","-81.89315","268.6","2021-12-25","8.95",,"0.82",,"62","48","  200","  190","18.1","23.9","    1",,,,
"USW00093824","ZANESVILLE MUNICIPAL AIRPORT, OH US","39.94609","-81.89315","268.6","2021-12-26","3.80",,"0.00",,"54","39","   80","   80","12.1","14.1",,,,,
"USW00093824","ZANESVILLE MUNICIPAL AIRPORT, OH US","39.94609","-81.89315","268.6","2021-12-27","7.61",,"0.38",,"64","40","  300","  320","21.0","27.1","    1",,,,
"USW00093824","ZANESVILLE MUNICIPAL AIRPORT, OH US","39.94609","-81.89315","268.6","2021-12-28","5.59",,"0.37",,"52","40","  110","  110","19.9","25.1","    1",,,,
"USW00093824","ZANESVILLE MUNICIPAL AIRPORT, OH US","39.94609","-81.89315","268.6","2021-12-29","2.01",,"0.02",,"50","43","   10","   10","8.9","12.1","    1",,,,
"USW00093824","ZANESVILLE MUNICIPAL AIRPORT, OH US","39.94609","-81.89315","268.6","2021-12-30","3.58",,"0.02",,"52","43","  190","  200","10.1","12.1","    1","    1",,,
"USW00093824","ZANESVILLE MUNICIPAL AIRPORT, OH US","39.94609","-81.89315","268.6","2021-12-31","4.92",,"0.01",,"56","46","  180","  170","10.1","17.0",,,,,
"USW00093824","ZANESVILLE MUNICIPAL AIRPORT, OH US","39.94609","-81.89315","268.6","2022-01-01","5.82",,"1.31",,"59","43","  270","  260","17.0","21.9","    1","    1",,,
"USW00093824","ZANESVILLE MUNICIPAL AIRPORT, OH US","39.94609","-81.89315","268.6","2022-01-02","8.28",,"0.02",,"43","30","  330","   30","16.1","21.9","    1",,,,
"USW00093824","ZANESVILLE MUNICIPAL AIRPORT, OH US","39.94609","-81.89315","268.6","2022-01-03","7.61",,"0.00",,"32","21","   30","   20","16.1","23.0",,,,,
"USW00093824","ZANESVILLE MUNICIPAL AIRPORT, OH US","39.94609","-81.89315","268.6","2022-01-04","5.82",,"0.00",,"40","19","  170","  170","15.0","19.0",,,,,
"USW00093824","ZANESVILLE MUNICIPAL AIRPORT, OH US","39.94609","-81.89315","268.6","2022-01-05","14.09",,"0.00",,"50","26","  240","  230","25.1","38.0",,,,,
"USW00093824","ZANESVILLE MUNICIPAL AIRPORT, OH US","39.94609","-81.89315","268.6","2022-01-06","6.93",,"0.06",,"26","17","  280","  270","19.9","25.9","    1",,,,"    1"
"USW00093824","ZANESVILLE MUNICIPAL AIRPORT, OH US","39.94609","-81.89315","268.6","2022-01-07","8.50",,"0.00",,"20","11","  260","  270","16.1","21.9",,,,,"    1"
"USW00093824","ZANESVILLE MUNICIPAL AIRPORT, OH US","39.94609","-81.89315","268.6","2022-01-08","5.82",,"0.03",,"37","6","  160","  160","13.0","17.0",,,,,
"USW00093824","ZANESVILLE MUNICIPAL AIRPORT, OH US","39.94609","-81.89315","268.6","2022-01-09","10.51",,"0.45",,"44","25","  290","  290","21.0","25.9","    1",,,,
"USW00093824","ZANESVILLE MUNICIPAL AIRPORT, OH US","39.94609","-81.89315","268.6","2022-01-10","10.51",,"0.00",,"26","17","  310","  320","21.0","30.0",,,,,
"USW00093824","ZANESVILLE MUNICIPAL AIRPORT, OH US","39.94609","-81.89315","268.6","2022-01-11","6.04",,"0.00",,"27","11","  180","  310","16.1","21.0",,,,,
"USW00093824","ZANESVILLE MUNICIPAL AIRPORT, OH US","39.94609","-81.89315","268.6","2022-01-12","6.93",,"0.00",,"47","25","  230","  210","15.0","23.0",,,,,
"USW00093824","ZANESVILLE MUNICIPAL AIRPORT, OH US","39.94609","-81.89315","268.6","2022-01-13","2.91",,"0.00",,"44","28","  180","  340","8.1","11.0",,,,,
"USW00093824","ZANESVILLE MUNICIPAL AIRPORT, OH US","39.94609","-81.89315","268.6","2022-01-14","7.61",,"0.00",,"37","29","   30","  360","13.0","18.1","    1",,,,
"USW00093824","ZANESVILLE MUNICIPAL AIRPORT, OH US","39.94609","-81.89315","268.6","2022-01-15","7.83",,"0.00",,"29","19","   40","   30","14.1","17.0",,,,,
"USW00093824","ZANESVILLE MUNICIPAL AIRPORT, OH US","39.94609","-81.89315","268.6","2022-01-16","6.04",,"0.57",,"31","16","   90","   20","12.1","14.1","    1","    1",,"    1","    1"
"USW00093824","ZANESVILLE MUNICIPAL AIRPORT, OH US","39.94609","-81.89315","268.6","2022-01-17","12.30",,"0.15",,"30","23","  280","  290","23.0","31.1","    1","    1",,,"    1"
"USW00093824","ZANESVILLE MUNICIPAL AIRPORT, OH US","39.94609","-81.89315","268.6","2022-01-18","9.17",,"0.00",,"30","26","  170","  170","17.0","21.0","    1",,,,
"USW00093824","ZANESVILLE MUNICIPAL AIRPORT, OH US","39.94609","-81.89315","268.6","2022-01-19","8.72",,"0.00",,"47","27","  320","  170","16.1","27.1",,,,,
"USW00093824","ZANESVILLE MUNICIPAL AIRPORT, OH US","39.94609","-81.89315","268.6","2022-01-20","7.38",,"0.00",,"32","12","  340","  340","16.1","23.0",,,,,
"USW00093824","ZANESVILLE MUNICIPAL AIRPORT, OH US","39.94609","-81.89315","268.6","2022-01-21","4.03",,"0.00",,"22","2","   40","   50","14.1","18.1",,,,,
"USW00093824","ZANESVILLE MUNICIPAL AIRPORT, OH US","39.94609","-81.89315","268.6","2022-01-22","4.70",,"0.00",,"27","-9","  180","  170","14.1","18.1",,,,,
"USW00093824","ZANESVILLE MUNICIPAL AIRPORT, OH US","39.94609","-81.89315","268.6","2022-01-23","10.07",,"0.01",,"30","19","  200","  190","18.1","25.9","    1","    1",,,"    1"
"USW00093824","ZANESVILLE MUNICIPAL AIRPORT, OH US","39.94609","-81.89315","268.6","2022-01-24","6.04",,"0.07",,"33","10","  190","  190","18.1","23.0","    1","    1",,,
"USW00093824","ZANESVILLE MUNICIPAL AIRPORT, OH US","39.94609","-81.89315","268.6","2022-01-25","6.71",,"0.00",,"33","17","  320","  340","16.1","21.9","    1",,,,"    1"
"USW00093824","ZANESVILLE MUNICIPAL AIRPORT, OH US","39.94609","-81.89315","268.6","2022-01-26","2.46",,"0.00",,"20","-2","  320","  320","8.9","10.1","    1",,,,
"USW00093824","ZANESVILLE MUNICIPAL AIRPORT, OH US","39.94609","-81.89315","268.6","2022-01-27","3.80",,"0.00",,"33","-11","  200","  220","16.1","19.9",,,,,
"USW00093824","ZANESVILLE MUNICIPAL AIRPORT, OH US","39.94609","-81.89315","268.6","2022-01-28","5.82",,"0.08",,"31","13","  340","  360","15.0","21.0","    1",,,,
"USW00093824","ZANESVILLE MUNICIPAL AIRPORT, OH US","39.94609","-81.89315","268.6","2022-01-29","4.70",,"0.00",,"20","1","  230","  260","10.1","14.1",,,,,
"USW00093824","ZANESVILLE MUNICIPAL AIRPORT, OH US","39.94609","-81.89315","268.6","2022-01-30","2.91",,"0.00",,"32","5","  180","  170","8.9","11.0",,,,,
"USW00093824","ZANESVILLE MUNICIPAL AIRPORT, OH US","39.94609","-81.89315","268.6","2022-01-31","0.45",,"0.00",,"37","5","  340","  340","6.0","6.9","    1",,,,"    1"
"USW00093824","ZANESVILLE MUNICIPAL AIRPORT, OH US","39.94609","-81.89315","268.6","2022-02-01","6.04",,"0.00",,"48","13","  180","  170","16.1","19.0",,,,,
"USW00093824","ZANESVILLE MUNICIPAL AIRPORT, OH US","39.94609","-81.89315","268.6","2022-02-02","5.82",,"0.36",,"42","36","  170","  170","13.0","16.1","    1",,,,
"USW00093824","ZANESVILLE MUNICIPAL AIRPORT, OH US","39.94609","-81.89315","268.6","2022-02-03","10.29",,"1.39",,"41","25","   20","   30","17.0","25.9","    1",,,"    1",
"USW00093824","ZANESVILLE MUNICIPAL AIRPORT, OH US","39.94609","-81.89315","268.6","2022-02-04","7.61",,"0.14",,"25","15","  290","   20","13.0","21.0","    1","    1",,,"    1"
"USW00093824","ZANESVILLE MUNICIPAL AIRPORT, OH US","39.94609","-81.89315","268.6","2022-02-05","3.13",,"0.00",,"22","9","  330","  290","10.1","12.1","    1",,,,"    1"
"USW00093824","ZANESVILLE MUNICIPAL AIRPORT, OH US","39.94609","-81.89315","268.6","2022-02-06","2.24",,"0.00",,"33","3","  180","  160","10.1","12.1","    1","    1",,,"    1"
"USW00093824","ZANESVILLE MUNICIPAL AIRPORT, OH US","39.94609","-81.89315","268.6","2022-02-07","4.92",,"0.00",,"42","15","  270","  260","15.0","19.9","    1","    1",,,"    1"
"USW00093824","ZANESVILLE MUNICIPAL AIRPORT, OH US","39.94609","-81.89315","268.6","2022-02-08","6.04",,"0.00",,"33","21","  190","  260","12.1","14.1",,,,,"    1"
"USW00093824","ZANESVILLE MUNICIPAL AIRPORT, OH US","39.94609","-81.89315","268.6","2022-02-09","9.40",,"0.00",,"51","29","  260","  270","23.9","33.1",,,,,
"USW00093824","ZANESVILLE MUNICIPAL AIRPORT, OH US","39.94609","-81.89315","268.6","2022-02-10","8.72",,"0.00",,"41","25","  260","  250","19.9","25.1",,,,,
"USW00093824","ZANESVILLE MUNICIPAL AIRPORT, OH US","39.94609","-81.89315","268.6","2022-02-11","9.84",,"0.05",,"55","23","  250","  240","23.9","40.0",,,,,
"USW00093824","ZANESVILLE MUNICIPAL AIRPORT, OH US","39.94609","-81.89315","268.6","2022-02-12","8.50",,"0.00",,"40","26","  310","  310","19.9","25.1",,,,,
"USW00093824","ZANESVILLE MUNICIPAL AIRPORT, OH US","39.94609","-81.89315","268.6","2022-02-13","7.83",,"0.00",,"26","17","  320","  320","14.1","17.0",,,,,"    1"
"USW00093824","ZANESVILLE MUNICIPAL AIRPORT, OH US","39.94609","-81.89315","268.6","2022-02-14","3.58",,"0.00",,"24","13","  290","  240","13.0","16.1",,,,,
"USW00093824","ZANESVILLE MUNICIPAL AIRPORT, OH US","39.94609","-81.89315","268.6","2022-02-15","3.13",,"0.00",,"39","10","  150","  100","8.9","12.1",,,,,
"USW00093824","ZANESVILLE MUNICIPAL AIRPORT, OH US","39.94609","-81.89315","268.6","2022-02-16","12.97",,"0.00",,"60","33","  200","  200","25.9","40.9",,,,,
"USW00093824","ZANESVILLE MUNICIPAL AIRPORT, OH US","39.94609","-81.89315","268.6","2022-02-17","10.51",,"1.85",,"58","33","  320","  330","23.9","30.0","    1",,,,
"USW00093824","ZANESVILLE MUNICIPAL AIRPORT, OH US","39.94609","-81.89315","268.6","2022-02-18","9.62",,"0.00",,"33","24","  330","  320","23.0","33.1","    1",,,,"    1"
"USW00093824","ZANESVILLE MUNICIPAL AIRPORT, OH US","39.94609","-81.89315","268.6","2022-02-19","10.74",,"0.00",,"33","15","  300","  320","28.0","38.9",,,,,
"USW00093824","ZANESVILLE MUNICIPAL AIRPORT, OH US","39.94609","-81.89315","268.6","2022-02-20","9.17",,"0.00",,"52","14","  180","  210","17.0","27.1",,,,,
"USW00093824","ZANESVILLE MUNICIPAL AIRPORT, OH US","39.94609","-81.89315","268.6","2022-02-21","8.05",,"0.00",,"64","37","  210","  210","19.9","23.9",,,,,
"USW00093824","ZANESVILLE MUNICIPAL AIRPORT, OH US","39.94609","-81.89315","268.6","2022-02-22","10.29",,"1.05",,"62","48","  190","  180","21.0","31.1","    1",,,,
"USW00093824","ZANESVILLE MUNICIPAL AIRPORT, OH US","39.94609","-81.89315","268.6","2022-02-23","9.17",,"0.02",,"58","30","  320","  260","18.1","23.0","    1",,,,
"USW00093824","ZANESVILLE MUNICIPAL AIRPORT, OH US","39.94609","-81.89315","268.6","2022-02-24","8.50",,"0.43",,"39","29","   70","   60","15.0","19.0","    1",,,,
"USW00093824","ZANESVILLE MUNICIPAL AIRPORT, OH US","39.94609","-81.89315","268.6","2022-02-25","9.62",,"0.43",,"36","24","  290","  270","21.9","31.1","    1",,,,
"USW00093824","ZANESVILLE MUNICIPAL AIRPORT, OH US","39.94609","-81.89315","268.6","2022-02-26","4.47",,"0.00",,"37","23","  280","  270","15.0","21.0",,,,,
"USW00093824","ZANESVILLE MUNICIPAL AIRPORT, OH US","39.94609","-81.89315","268.6","2022-02-27","8.50",,"0.00",,"47","21","  270","  260","21.0","29.1","    1",,,,
"USW00093824","ZANESVILLE MUNICIPAL AIRPORT, OH US","39.94609","-81.89315","268.6","2022-02-28","2.91",,"0.00",,"49","26","  210","  230","10.1","14.1",,,,,
"USW00093824","ZANESVILLE MUNICIPAL AIRPORT, OH US","39.94609","-81.89315","268.6","2022-03-01","6.04",,"0.00",,"61","29","  200","  250","18.1","25.1",,,,,
"USW00093824","ZANESVILLE MUNICIPAL AIRPORT, OH US","39.94609","-81.89315","268.6","2022-03-02","3.80",,"0.00",,"58","33","  260","  250","16.1","19.9","    1",,,,"    1"
"USW00093824","ZANESVILLE MUNICIPAL AIRPORT, OH US","39.94609","-81.89315","268.6","2022-03-03","9.17",,"0.00",,"56","25","  330","  320","21.0","28.0",,,,,
"USW00093824","ZANESVILLE MUNICIPAL AIRPORT, OH US","39.94609","-81.89315","268.6","2022-03-04","3.13",,"0.00",,"49","20","  100","   50","8.1","10.1",,,,,
"USW00093824","ZANESVILLE MUNICIPAL AIRPORT, OH US","39.94609","-81.89315","268.6","2022-03-05","6.93",,"0.00",,"76","35","  210","  210","21.0","27.1",,,,,
"USW00093824","ZANESVILLE MUNICIPAL AIRPORT, OH US","39.94609","-81.89315","268.6","2022-03-06","12.53",,"0.19",,"69","57","  200","  200","21.9","31.1","    1",,"    1",,
"USW00093824","ZANESVILLE MUNICIPAL AIRPORT, OH US","39.94609","-81.89315","268.6","2022-03-07","13.42",,"0.61",,"64","36","  280","  290","30.0","42.1","    1",,"    1",,
"USW00093824","ZANESVILLE MUNICIPAL AIRPORT, OH US","39.94609","-81.89315","268.6","2022-03-08","4.70",,"0.00",,"44","34","  290","  300","16.1","19.9","    1",,,,
"USW00093824","ZANESVILLE MUNICIPAL AIRPORT, OH US","39.94609","-81.89315","268.6","2022-03-09","3.58",,"0.11",,"45","28","  330","  250","10.1","13.0","    1",,,,
"USW00093824","ZANESVILLE MUNICIPAL AIRPORT, OH US","39.94609","-81.89315","268.6","2022-03-10","1.57",,"0.00",,"53","23","  330","  330","10.1","14.1","    1",,,,
"USW00093824","ZANESVILLE MUNICIPAL AIRPORT, OH US","39.94609","-81.89315","268.6","2022-03-11","8.05",,"0.04",,"57","27","  320","  330","21.0","28.0","    1",,,,
"USW00093824","ZANESVILLE MUNICIPAL AIRPORT, OH US","39.94609","-81.89315","268.6","2022-03-12","13.20",,"0.08",,"27","18","  290","  290","25.9","33.1","    1",,,,"    1"
"USW00093824","ZANESVILLE MUNICIPAL AIRPORT, OH US","39.94609","-81.89315","268.6","2022-03-13","9.84",,"0.00",,"42","12","  190","  200","23.9","31.1",,,,,
"USW00093824","ZANESVILLE MUNICIPAL AIRPORT, OH US","39.94609","-81.89315","268.6","2022-03-14","7.83",,"0.00",,"60","28","  200","  190","18.1","21.9",,,,,
"USW00093824","ZANESVILLE MUNICIPAL AIRPORT, OH US","39.94609","-81.89315","268.6","2022-03-15","3.58",,"0.00",,"65","33","  270","  270","14.1","18.1",,,,,
"USW00093824","ZANESVILLE MUNICIPAL AIRPORT, OH US","39.94609","-81.89315","268.6","2022-03-16","3.13",,"0.00",,"69","34","  180","  170","14.1","19.0",,,,,
"USW00093824","ZANESVILLE MUNICIPAL AIRPORT, OH US","39.94609","-81.89315","268.6","2022-03-17","2.01",,"0.00",,"71","47","  250","  240","10.1","13.0",,,,,
"USW00093824","ZANESVILLE MUNICIPAL AIRPORT, OH US","39.94609","-81.89315","268.6","2022-03-18","4.47",,"0.10",,"71","40","  170","  150","19.9","25.9","    1","    1","    1",,
"USW00093824","ZANESVILLE MUNICIPAL AIRPORT, OH US","39.94609","-81.89315","268.6","2022-03-19","10.96",,"0.08",,"61","42","  250","  240","25.1","35.1","    1",,,,"    1"
"USW00093824","ZANESVILLE MUNICIPAL AIRPORT, OH US","39.94609","-81.89315","268.6","2022-03-20","8.95",,"0.01",,"56","36","  290","  290","17.0","25.1","    1",,,,
"USW00093824","ZANESVILLE MUNICIPAL AIRPORT, OH US","39.94609","-81.89315","268.6","2022-03-21","2.91",,"0.00",,"68","33","  280","  320","13.0","19.0",,,,,
"USW00093824","ZANESVILLE MUNICIPAL AIRPORT, OH US","39.94609","-81.89315","268.6","2022-03-22","6.93",,"0.00",,"62","43","   90","   80","16.1","21.9",,,,,
"USW00093824","ZANESVILLE MUNICIPAL AIRPORT, OH US","39.94609","-81.89315","268.6","2022-03-23","9.17",,"0.48",,"70","50","  250","  140","19.9","25.9","    1",,"    1",,
"USW00093824","ZANESVILLE MUNICIPAL AIRPORT, OH US","39.94609","-81.89315","268.6","2022-03-24","8.95",,"0.00",,"58","44","  240","  230","18.1","28.0",,,,,
"USW00093824","ZANESVILLE MUNICIPAL AIRPORT, OH US","39.94609","-81.89315","268.6","2022-03-25","9.40",,"0.09",,"46","37","  320","  320","21.0","28.0","    1",,,,"    1"
"USW00093824","ZANESVILLE MUNICIPAL AIRPORT, OH US","39.94609","-81.89315","268.6","2022-03-26","12.30",,"0.01",,"40","32","  260","  280","23.0","33.1",,,,,
"USW00093824","ZANESVILLE MUNICIPAL AIRPORT, OH US","39.94609","-81.89315","268.6","2022-03-27","12.97",,"0.00",,"34","28","  290","  300","21.9","30.0",,,,,"    1"
"USW00093824","ZANESVILLE MUNICIPAL AIRPORT, OH US","39.94609","-81.89315","268.6","2022-03-28","8.95",,"0.00",,"35","20","  300","  290","21.9","28.0",,,,,
"USW00093824","ZANESVILLE MUNICIPAL AIRPORT, OH US","39.94609","-81.89315","268.6","2022-03-29","3.36",,"0.05",,"45","16","   90","  160","8.9","13.0",,,,,
"USW00093824","ZANESVILLE MUNICIPAL AIRPORT, OH US","39.94609","-81.89315","268.6","2022-03-30","11.86",,"0.04",,"80","35","  170","  180","25.9","35.1",,,,,
"USW00093824","ZANESVILLE MUNICIPAL AIRPORT, OH US","39.94609","-81.89315","268.6","2022-03-31","14.32",,"0.01",,"72","40","  270","  210","28.0","38.9",,,,,
"USW00093824","ZANESVILLE MUNICIPAL AIRPORT, OH US","39.94609","-81.89315","268.6","2022-04-01","9.40",,"0.06",,"44","33","  300","  310","21.9","31.1","    1",,,,"    1"
"USW00093824","ZANESVILLE MUNICIPAL AIRPORT, OH US","39.94609","-81.89315","268.6","2022-04-02","2.91",,"0.00",,"52","26","  290","  290","17.0","23.9",,,,,
"USW00093824","ZANESVILLE MUNICIPAL AIRPORT, OH US","39.94609","-81.89315","268.6","2022-04-03","9.62",,"0.00",,"48","33","  260","  270","23.0","32.0",,,,,
"USW00093824","ZANESVILLE MUNICIPAL AIRPORT, OH US","39.94609","-81.89315","268.6","2022-04-04","4.92",,"0.04",,"51","29","  150","  160","14.1","18.1",,,,,
"USW00093824","ZANESVILLE MUNICIPAL AIRPORT, OH US","39.94609","-81.89315","268.6","2022-04-05","4.25",,"0.33",,"56","32","   90","   70","10.1","13.0","    1",,,,
"USW00093824","ZANESVILLE MUNICIPAL AIRPORT, OH US","39.94609","-81.89315","268.6","2022-04-06","7.16",,"0.88",,"61","47","  170","  190","21.9","28.0","    1",,,,
"USW00093824","ZANESVILLE MUNICIPAL AIRPORT, OH US","39.94609","-81.89315","268.6","2022-04-07","7.83",,"0.19",,"58","42","  260","  260","25.9","34.0","    1","    1",,,
"USW00093824","ZANESVILLE MUNICIPAL AIRPORT, OH US","39.94609","-81.89315","268.6","2022-04-08","8.05",,"0.02",,"50","33","  250","  240","21.0","28.0",,,,,
"USW00093824","ZANESVILLE MUNICIPAL AIRPORT, OH US","39.94609","-81.89315","268.6","2022-04-09","8.72",,"0.05",,"44","37","  270","  270","23.0","30.0","    1",,,,"    1"
"USW00093824","ZANESVILLE MUNICIPAL AIRPORT, OH US","39.94609","-81.89315","268.6","2022-04-10","6.49",,"0.00",,"57","35","  280","  300","17.0","23.0",,,,,
"USW00093824","ZANESVILLE MUNICIPAL AIRPORT, OH US","39.94609","-81.89315","268.6","2022-04-11","7.61",,"0.28",,"62","40","  210","  210","16.1","23.0","    1",,"    1",,
"USW00093824","ZANESVILLE MUNICIPAL AIRPORT, OH US","39.94609","-81.89315","268.6","2022-04-12","6.04",,"0.03",,"70","50","  330","  320","17.0","21.9","    1",,,,
"USW00093824","ZANESVILLE MUNICIPAL AIRPORT, OH US","39.94609","-81.89315","268.6","2022-04-13","11.41",,"0.02",,"78","60","  190","  180","25.1","32.0",,,,,
"USW00093824","ZANESVILLE MUNICIPAL AIRPORT, OH US","39.94609","-81.89315","268.6","2022-04-14","11.41",,"0.07",,"64","48","  290","  290","23.9","36.0","    1",,,,
"USW00093824","ZANESVILLE MUNICIPAL AIRPORT, OH US","39.94609","-81.89315","268.6","2022-04-15","11.41",,"0.00",,"71","42","  200","  250","25.1","35.1",,,,,
"USW00093824","ZANESVILLE MUNICIPAL AIRPORT, OH US","39.94609","-81.89315","268.6","2022-04-16","9.40",,"0.17",,"62","40","  200","  200","23.0","35.1","    1",,,,
"USW00093824","ZANESVILLE MUNICIPAL AIRPORT, OH US","39.94609","-81.89315","268.6","2022-04-17","7.61",,"0.00",,"51","30","   60","  330","13.0","19.9",,,,,
"USW00093824","ZANESVILLE MUNICIPAL AIRPORT, OH US","39.94609","-81.89315","268.6","2022-04-18","9.62",,"0.58",,"45","38","  250","  250","21.0","29.1","    1",,,,
"USW00093824","ZANESVILLE MUNICIPAL AIRPORT, OH US","39.94609","-81.89315","268.6","2022-04-19","10.74",,"0.02",,"45","34","  280","  280","17.0","38.0","    1",,,,
"USW00093824","ZANESVILLE MUNICIPAL AIRPORT, OH US","39.94609","-81.89315","268.6","2022-04-20","4.92",,"0.00",,"60","26","  110","  100","14.1","17.0",,,,,
"USW00093824","ZANESVILLE MUNICIPAL AIRPORT, OH US","39.94609","-81.89315","268.6","2022-04-21","8.72",,"0.11",,"65","48","  200","  220","19.9","30.0",,,,,"    1"
"USW00093824","ZANESVILLE MUNICIPAL AIRPORT, OH US","39.94609","-81.89315","268.6","2022-04-22","2.91",,"0.00",,"73","42","  100","   60","8.9","13.0","    1","    1",,,
"USW00093824","ZANESVILLE MUNICIPAL AIRPORT, OH US","39.94609","-81.89315","268.6","2022-04-23","4.47",,"0.00",,"86","51","  270","  270","16.1","21.9",,,,,
"USW00093824","ZANESVILLE MUNICIPAL AIRPORT, OH US","39.94609","-81.89315","268.6","2022-04-24","6.49",,"0.00",,"84","55","  200","  240","17.0","23.9",,,,,
"USW00093824","ZANESVILLE MUNICIPAL AIRPORT, OH US","39.94609","-81.89315","268.6","2022-04-25","7.38",,"0.53",,"82","56","  190","  290","21.0","25.9","    1","    1",,,
"USW00093824","ZANESVILLE MUNICIPAL AIRPORT, OH US","39.94609","-81.89315","268.6","2022-04-26","8.50",,"0.00",,"56","42","  260","  260","21.0","25.9",,,,,
"USW00093824","ZANESVILLE MUNICIPAL AIRPORT, OH US","39.94609","-81.89315","268.6","2022-04-27","9.62",,"0.00",,"53","34","  320","  330","21.0","25.9",,,,,
"USW00093824","ZANESVILLE MUNICIPAL AIRPORT, OH US","39.94609","-81.89315","268.6","2022-04-28","3.80",,"0.00",,"57","28","   90","   40","10.1","14.1",,,,,
"USW00093824","ZANESVILLE MUNICIPAL AIRPORT, OH US","39.94609","-81.89315","268.6","2022-04-29","5.14",,"0.00",,"66","38","   80","  120","12.1","16.1",,,,,
"USW00093824","ZANESVILLE MUNICIPAL AIRPORT, OH US","39.94609","-81.89315","268.6","2022-04-30","6.04",,"0.00",,"71","50","  150","  170","14.1","19.0",,,,,
"USW00093824","ZANESVILLE MUNICIPAL AIRPORT, OH US","39.94609","-81.89315","268.6","2022-05-01","10.51",,"0.19",,"76","57","  200","  210","21.0","29.1","    1",,"    1",,"    1"
"USW00093824","ZANESVILLE MUNICIPAL AIRPORT, OH US","39.94609","-81.89315","268.6","2022-05-02","6.26",,"0.00",,"72","49","  270","  260","18.1","23.9",,,,,
"USW00093824","ZANESVILLE MUNICIPAL AIRPORT, OH US","39.94609","-81.89315","268.6","2022-05-03","4.03",,"1.41",,"79","50","  280","  280","36.0","47.0","    1",,"    1",,"    1"
"USW00093824","ZANESVILLE MUNICIPAL AIRPORT, OH US","39.94609","-81.89315","268.6","2022-05-04","6.71",,"0.19",,"62","53","  310","  310","13.0","16.1","    1",,,,"    1"
"USW00093824","ZANESVILLE MUNICIPAL AIRPORT, OH US","39.94609","-81.89315","268.6","2022-05-05","5.37",,"0.16",,"63","53","   80","   70","15.0","19.9","    1",,,,
"USW00093824","ZANESVILLE MUNICIPAL AIRPORT, OH US","39.94609","-81.89315","268.6","2022-05-06","5.82",,"0.97",,"64","55","   40","   40","12.1","16.1","    1",,,,
"USW00093824","ZANESVILLE MUNICIPAL AIRPORT, OH US","39.94609","-81.89315","268.6","2022-05-07","11.41",,"0.30",,"60","51","   70","   70","21.0","28.0","    1",,,,
"USW00093824","ZANESVILLE MUNICIPAL AIRPORT, OH US","39.94609","-81.89315","268.6","2022-05-08","5.82",,"0.00",,"67","41","  100","  100","17.0","23.0",,,,,
"USW00093824","ZANESVILLE MUNICIPAL AIRPORT, OH US","39.94609","-81.89315","268.6","2022-05-09","6.04",,"0.00",,"75","47","  100","  110","15.0","21.0",,,,,
"USW00093824","ZANESVILLE MUNICIPAL AIRPORT, OH US","39.94609","-81.89315","268.6","2022-05-10","5.37",,"0.00",,"81","47","  130","  140","14.1","18.1",,,,,
"USW00093824","ZANESVILLE MUNICIPAL AIRPORT, OH US","39.94609","-81.89315","268.6","2022-05-11","2.91",,"0.00",,"83","48","  100","   70","14.1","19.9",,,,,
"USW00093824","ZANESVILLE MUNICIPAL AIRPORT, OH US","39.94609","-81.89315","268.6","2022-05-12","4.92",,"0.00",,"83","48","  110","   90","17.0","21.0",,,,,
"USW00093824","ZANESVILLE MUNICIPAL AIRPORT, OH US","39.94609","-81.89315","268.6","2022-05-13","5.14",,"0.00",,"82","57","  130","  140","17.0","25.1",,,,,
"USW00093824","ZANESVILLE MUNICIPAL AIRPORT, OH US","39.94609","-81.89315","268.6","2022-05-14","3.58",,"0.00",,"81","60","  280","  280","8.9","13.0",,,,,
"USW00093824","ZANESVILLE MUNICIPAL AIRPORT, OH US","39.94609","-81.89315","268.6","2022-05-15","3.80",,"0.00",,"83","60","  280","  270","12.1","15.0",,,,,
"USW00093824","ZANESVILLE MUNICIPAL AIRPORT, OH US","39.94609","-81.89315","268.6","2022-05-16","7.16",,"0.09",,"74","52","  250","  260","18.1","23.9","    1",,"    1",,
"USW00093824","ZANESVILLE MUNICIPAL AIRPORT, OH US","39.94609","-81.89315","268.6","2022-05-17","6.49",,"0.00",,"75","49","  320","  320","21.0","30.0",,,,,
"USW00093824","ZANESVILLE MUNICIPAL AIRPORT, OH US","39.94609","-81.89315","268.6","2022-05-18","3.80",,"0.09",,"71","54","  160","  130","13.0","16.1","    1",,,,
"USW00093824","ZANESVILLE MUNICIPAL AIRPORT, OH US","39.94609","-81.89315","268.6","2022-05-19","7.61",,"0.00",,"78","60","  200","  180","21.9","32.0","    1",,,,
"USW00093824","ZANESVILLE MUNICIPAL AIRPORT, OH US","39.94609","-81.89315","268.6","2022-05-20","9.17",,"0.66",,"83","65","  200","  200","21.0","28.0","    1",,"    1",,
"USW00093824","ZANESVILLE MUNICIPAL AIRPORT, OH US","39.94609","-81.89315","268.6","2022-05-21","8.05",,"0.33",,"88","62","  270","  290","21.9","28.0","    1",,"    1",,
"USW00093824","ZANESVILLE MUNICIPAL AIRPORT, OH US","39.94609","-81.89315","268.6","2022-05-22","5.14",,"0.10",,"73","54","  320","  320","19.9","23.0","    1",,"    1",,
"USW00093824","ZANESVILLE MUNICIPAL AIRPORT, OH US","39.94609","-81.89315","268.6","2022-05-23","5.82",,"0.00",,"65","53","   50","   50","13.0","15.0",,,,,
"USW00093824","ZANESVILLE MUNICIPAL AIRPORT, OH US","39.94609","-81.89315","268.6","2022-05-24","4.70",,"0.00",,"75","49","  110","   10","8.9","12.1",,,,,
"USW00093824","ZANESVILLE MUNICIPAL AIRPORT, OH US","39.94609","-81.89315","268.6","2022-05-25","8.72",,"0.00",,"80","60","  150","  160","17.0","23.0",,,,,
"USW00093824","ZANESVILLE MUNICIPAL AIRPORT, OH US","39.94609","-81.89315","268.6","2022-05-26","10.51",,"0.65",,"78","63","  170","  170","25.1","34.0","    1",,,,
"USW00093824","ZANESVILLE MUNICIPAL AIRPORT, OH US","39.94609","-81.89315","268.6","2022-05-27","6.49",,"0.42",,"70","57","  180","  180","15.0","19.9","    1",,,,
"USW00093824","ZANESVILLE MUNICIPAL AIRPORT, OH US","39.94609","-81.89315","268.6","2022-05-28","4.25",,"0.04",,"74","56","  250","  270","8.9","13.0","    1",,,,
"USW00093824","ZANESVILLE MUNICIPAL AIRPORT, OH US","39.94609","-81.89315","268.6","2022-05-29","3.36",,"0.00",,"80","53","  180","  180","12.1","16.1","    1","    1",,,
"USW00093824","ZANESVILLE MUNICIPAL AIRPORT, OH US","39.94609","-81.89315","268.6","2022-05-30","5.37",,"0.00",,"87","59","  190","  190","16.1","21.0",,,,,
"USW00093824","ZANESVILLE MUNICIPAL AIRPORT, OH US","39.94609","-81.89315","268.6","2022-06-01","4.70",,"0.62",,"89","65","  310","  330","28.0","42.9","    1",,"    1",,
"USW00093824","ZANESVILLE MUNICIPAL AIRPORT, OH US","39.94609","-81.89315","268.6","2022-06-02","4.47",,"0.23",,"75","58","  290","  280","15.0","19.9","    1",,"    1",,
"USW00093824","ZANESVILLE MUNICIPAL AIRPORT, OH US","39.94609","-81.89315","268.6","2022-06-03","2.91",,"0.00",,"78","52","  320","  330","12.1","16.1","    1","    1",,,
"USW00093824","ZANESVILLE MUNICIPAL AIRPORT, OH US","39.94609","-81.89315","268.6","2022-06-04","2.91",,"0.00",,"78","51","  320","  330","10.1","14.1",,,,,
"USW00093824","ZANESVILLE MUNICIPAL AIRPORT, OH US","39.94609","-81.89315","268.6","2022-06-05","3.58",,"0.00",,"80","51","  100","   90","13.0","16.1",,,,,
"USW00093824","ZANESVILLE MUNICIPAL AIRPORT, OH US","39.94609","-81.89315","268.6","2022-06-06","7.16",,"0.17",,"77","60","  170","  270","18.1","23.0","    1",,"    1",,
"USW00093824","ZANESVILLE MUNICIPAL AIRPORT, OH US","39.94609","-81.89315","268.6","2022-06-07","7.16",,"0.50",,"79","64","  250","  250","15.0","21.9","    1",,,,
"USW00093824","ZANESVILLE MUNICIPAL AIRPORT, OH US","39.94609","-81.89315","268.6","2022-06-08","3.36",,"1.51",,"81","56","  270","  270","36.0","48.1","    1","    1","    1",,
"USW00093824","ZANESVILLE MUNICIPAL AIRPORT, OH US","39.94609","-81.89315","268.6","2022-06-09","6.49",,"0.01",,"71","56","  280","  290","15.0","21.9",,,,,
"USW00093824","ZANESVILLE MUNICIPAL AIRPORT, OH US","39.94609","-81.89315","268.6","2022-06-10","2.46",,"0.00",,"75","52","  230","  220","8.1","15.0",,,,,
"USW00093824","ZANESVILLE MUNICIPAL AIRPORT, OH US","39.94609","-81.89315","268.6","2022-06-11","5.37",,"0.00",,"76","58","  190","  170","12.1","15.0",,,,,
"USW00093824","ZANESVILLE MUNICIPAL AIRPORT, OH US","39.94609","-81.89315","268.6","2022-06-12","4.47",,"0.36",,"81","64","  240","  230","15.0","19.9","    1",,"    1",,
"USW00093824","ZANESVILLE MUNICIPAL AIRPORT, OH US","39.94609","-81.89315","268.6","2022-06-13","2.91",,"0.00",,"90","68","  260",,"8.9",,"    1",,,,
"USW00093824","ZANESVILLE MUNICIPAL AIRPORT, OH US","39.94609","-81.89315","268.6","2022-06-14","4.92",,"0.00",,"83","71","  100",,"8.1",,"    1",,,,
"USW00093824","ZANESVILLE MUNICIPAL AIRPORT, OH US","39.94609","-81.89315","268.6","2022-06-15","4.25",,"0.00",,"94","71","  210","  170","13.0","19.0","    1","    1",,,
"USW00093824","ZANESVILLE MUNICIPAL AIRPORT, OH US","39.94609","-81.89315","268.6","2022-06-16","7.38",,"1.03",,"92","72","  250","  260","18.1","25.1","    1",,"    1",,
"USW00093824","ZANESVILLE MUNICIPAL AIRPORT, OH US","39.94609","-81.89315","268.6","2022-06-17","8.95",,"0.00",,"86","69","  320","  320","21.0","27.1",,,,,
"USW00093824","ZANESVILLE MUNICIPAL AIRPORT, OH US","39.94609","-81.89315","268.6","2022-06-18","9.40",,"0.00",,"74","52","  340","  350","17.0","28.0",,,,,
"USW00093824","ZANESVILLE MUNICIPAL AIRPORT, OH US","39.94609","-81.89315","268.6","2022-06-19","3.58",,"0.00",,"77","45","  320","  330","12.1","17.0",,,,,
"USW00093824","ZANESVILLE MUNICIPAL AIRPORT, OH US","39.94609","-81.89315","268.6","2022-06-20","3.58",,"0.00",,"75","55","  180","  180","10.1","13.0",,,,,
"USW00093824","ZANESVILLE MUNICIPAL AIRPORT, OH US","39.94609","-81.89315","268.6","2022-06-21","4.25",,"0.00",,"90","59","  270","  260","14.1","19.0",,,,,
"USW00093824","ZANESVILLE MUNICIPAL AIRPORT, OH US","39.94609","-81.89315","268.6","2022-06-22","4.03",,"0.00",,"94","67","  200","  250","17.0","23.0",,,"    1",,
"USW00093824","ZANESVILLE MUNICIPAL AIRPORT, OH US","39.94609","-81.89315","268.6","2022-06-23","5.14",,"0.00",,"83","60","  330","  330","13.0","16.1",,,,,
"USW00093824","ZANESVILLE MUNICIPAL AIRPORT, OH US","39.94609","-81.89315","268.6","2022-06-24","1.34",,"0.00",,"84","55","  330","  330","10.1","14.1",,,,,
"USW00093824","ZANESVILLE MUNICIPAL AIRPORT, OH US","39.94609","-81.89315","268.6","2022-06-25","1.79",,"0.00",,"87","56","  220","  200","8.1","11.0",,,,,
"USW00093824","ZANESVILLE MUNICIPAL AIRPORT, OH US","39.94609","-81.89315","268.6","2022-06-26","6.04",,"0.07",,"87","72","  300","  300","21.9","30.0","    1",,"    1",,
"USW00093824","ZANESVILLE MUNICIPAL AIRPORT, OH US","39.94609","-81.89315","268.6","2022-06-27","6.49",,"0.00",,"78","57","  300","  300","15.0","19.9",,,,,
"USW00093824","ZANESVILLE MUNICIPAL AIRPORT, OH US","39.94609","-81.89315","268.6","2022-06-28","2.24",,"0.00",,"79","51","  230","  210","10.1","18.1",,,,,
"USW00093824","ZANESVILLE MUNICIPAL AIRPORT, OH US","39.94609","-81.89315","268.6","2022-06-29","2.91",,"0.00",,"83","53","  210","  210","12.1","14.1","    1",,,,
"USW00093824","ZANESVILLE MUNICIPAL AIRPORT, OH US","39.94609","-81.89315","268.6","2022-06-30","3.58",,"0.00",,"88","55","  190","  150","14.1","19.0",,,,,
"USW00093824","ZANESVILLE MUNICIPAL AIRPORT, OH US","39.94609","-81.89315","268.6","2022-07-01","5.14",,"0.42",,"89","65","  340","  330","30.0","36.0","    1",,"    1",,"    1"
"USW00093824","ZANESVILLE MUNICIPAL AIRPORT, OH US","39.94609","-81.89315","268.6","2022-07-02","2.68",,"0.04",,"86","67","  310","  310","12.1","15.0","    1",,,,
"USW00093824","ZANESVILLE MUNICIPAL AIRPORT, OH US","39.94609","-81.89315","268.6","2022-07-03","2.24",,"0.00",,"85","64","   60","   60","10.1","13.0",,,,,
"USW00093824","ZANESVILLE MUNICIPAL AIRPORT, OH US","39.94609","-81.89315","268.6","2022-07-04","2.68",,"0.00",,"87","60","  100","  100","12.1","14.1",,,,,
"USW00093824","ZANESVILLE MUNICIPAL AIRPORT, OH US","39.94609","-81.89315","268.6","2022-07-05","5.82",,"0.41",,"81","68","  250","  270","18.1","28.0","    1",,"    1",,
"USW00093824","ZANESVILLE MUNICIPAL AIRPORT, OH US","39.94609","-81.89315","268.6","2022-07-06","4.70",,"0.91",,"81","70","  290","  300","19.9","29.1","    1",,"    1",,
"USW00093824","ZANESVILLE MUNICIPAL AIRPORT, OH US","39.94609","-81.89315","268.6","2022-07-07","3.58",,"0.00",,"85","69","  330","  330","10.1","13.0",,,,,
"USW00093824","ZANESVILLE MUNICIPAL AIRPORT, OH US","39.94609","-81.89315","268.6","2022-07-08","3.58",,"0.10",,"74","67","   40","   50","8.9","13.0","    1",,,,
"USW00093824","ZANESVILLE MUNICIPAL AIRPORT, OH US","39.94609","-81.89315","268.6","2022-07-09","4.70",,"0.00",,"85","66","  350","  360","13.0","19.9","    1",,,,
"USW00093824","ZANESVILLE MUNICIPAL AIRPORT, OH US","39.94609","-81.89315","268.6","2022-07-10","3.13",,"0.00",,"86","63","   60","  130","8.1","15.0",,,,,
"USW00093824","ZANESVILLE MUNICIPAL AIRPORT, OH US","39.94609","-81.89315","268.6","2022-07-11","5.82",,"0.00",,"86","62","  260","  270","14.1","19.0","    1",,,,
"USW00093824","ZANESVILLE MUNICIPAL AIRPORT, OH US","39.94609","-81.89315","268.6","2022-07-12","6.93",,"0.01",,"88","66","  300","  290","18.1","25.1",,,,,
"USW00093824","ZANESVILLE MUNICIPAL AIRPORT, OH US","39.94609","-81.89315","268.6","2022-07-13","3.58",,"0.16",,"84","61","  330","  320","25.1","42.1","    1",,"    1",,
"USW00093824","ZANESVILLE MUNICIPAL AIRPORT, OH US","39.94609","-81.89315","268.6","2022-07-14","2.91",,"0.00",,"82","61","  330","  320","10.1","13.0","    1","    1",,,
"USW00093824","ZANESVILLE MUNICIPAL AIRPORT, OH US","39.94609","-81.89315","268.6","2022-07-15","2.91",,"0.00",,"83","58","  280","  310","8.9","14.1",,,,,
"USW00093824","ZANESVILLE MUNICIPAL AIRPORT, OH US","39.94609","-81.89315","268.6","2022-07-16","4.25",,"0.62",,"75","64","  140","  280","10.1","14.1","    1",,"    1",,
"USW00093824","ZANESVILLE MUNICIPAL AIRPORT, OH US","39.94609","-81.89315","268.6","2022-07-17","6.71",,"0.51",,"75","68","  290","  300","15.0","23.0","    1",,"    1",,
"USW00093824","ZANESVILLE MUNICIPAL AIRPORT, OH US","39.94609","-81.89315","268.6","2022-07-18","5.59",,"0.68",,"79","69","  180","  180","14.1","19.0","    1",,,,
"USW00093824","ZANESVILLE MUNICIPAL AIRPORT, OH US","39.94609","-81.89315","268.6","2022-07-19","3.36",,"0.00",,"87","65","  230","  260","10.1","14.1","    1","    1",,,
"USW00093824","ZANESVILLE MUNICIPAL AIRPORT, OH US","39.94609","-81.89315","268.6","2022-07-20","7.61",,"0.34",,"89","68","  340","  330","19.9","29.1","    1",,"    1",,
"USW00093824","ZANESVILLE MUNICIPAL AIRPORT, OH US","39.94609","-81.89315","268.6","2022-07-21","6.04",,"0.00",,"87","69","  270","  260","16.1","23.0","    1",,,,
"USW00093824","ZANESVILLE MUNICIPAL AIRPORT, OH US","39.94609","-81.89315","268.6","2022-07-22","5.37",,"0.00",,"89","66","  230","  270","14.1","19.9",,,,,
"USW00093824","ZANESVILLE MUNICIPAL AIRPORT, OH US","39.94609","-81.89315","268.6","2022-07-23","3.80",,"0.20",,"86","64","  310","  320","15.0","42.9","    1",,"    1",,
"USW00093824","ZANESVILLE MUNICIPAL AIRPORT, OH US","39.94609","-81.89315","268.6","2022-07-24","7.38",,"0.00",,"90","68","  210","  210","19.9","28.0",,,"    1",,
"USW00093824","ZANESVILLE MUNICIPAL AIRPORT, OH US","39.94609","-81.89315","268.6","2022-07-25","5.82",,"0.05",,"83","68","  250","  250","15.0","19.0","    1",,,,
"USW00093824","ZANESVILLE MUNICIPAL AIRPORT, OH US","39.94609","-81.89315","268.6","2022-07-26","1.12",,"0.03",,"77","65","  170","  160","8.1","10.1","    1",,,,"    1"
"USW00093824","ZANESVILLE MUNICIPAL AIRPORT, OH US","39.94609","-81.89315","268.6","2022-07-27","4.70",,"0.04",,"81","70","  200","  190","13.0","16.1","    1",,,,
"USW00093824","ZANESVILLE MUNICIPAL AIRPORT, OH US","39.94609","-81.89315","268.6","2022-07-28","6.26",,"0.08",,"85","70","  310","  280","17.0","23.9","    1",,,,"    1"
"USW00093824","ZANESVILLE MUNICIPAL AIRPORT, OH US","39.94609","-81.89315","268.6","2022-07-29","2.24",,"0.04",,"81","65","  250","  290","10.1","13.0",,,,,"    1"
"USW00093824","ZANESVILLE MUNICIPAL AIRPORT, OH US","39.94609","-81.89315","268.6","2022-07-30","1.79",,"0.00",,"82","58","  300","  330","8.1","11.0","    1",,,,
"USW00093824","ZANESVILLE MUNICIPAL AIRPORT, OH US","39.94609","-81.89315","268.6","2022-07-31","2.68",,"0.03",,"80","61","  160","  150","8.1","11.0",,,,,
"USW00093824","ZANESVILLE MUNICIPAL AIRPORT, OH US","39.94609","-81.89315","268.6","2022-08-01","6.71",,"0.00",,"85","63","  240","  260","17.0","25.1","    1","    1",,,
"USW00093824","ZANESVILLE MUNICIPAL AIRPORT, OH US","39.94609","-81.89315","268.6","2022-08-02","4.25",,"0.00",,"86","66","  280","  270","14.1","19.0","    1",,,,
"USW00093824","ZANESVILLE MUNICIPAL AIRPORT, OH US","39.94609","-81.89315","268.6","2022-08-03","6.04",,"0.00",,"90","64","  180","  190","16.1","19.9","    1","    1",,,
"USW00093824","ZANESVILLE MUNICIPAL AIRPORT, OH US","39.94609","-81.89315","268.6","2022-08-04","5.14",,"0.12",,"90","71","  280","  280","23.9","36.9",,,"    1",,"    1"
"USW00093824","ZANESVILLE MUNICIPAL AIRPORT, OH US","39.94609","-81.89315","268.6","2022-08-05","3.58",,"0.00",,"82","70","  160","  160","14.1","18.1",,,"    1",,
"USW00093824","ZANESVILLE MUNICIPAL AIRPORT, OH US","39.94609","-81.89315","268.6","2022-08-06","4.70",,"0.59",,"83","72","  200","  200","13.0","18.1","    1",,,,
"USW00093824","ZANESVILLE MUNICIPAL AIRPORT, OH US","39.94609","-81.89315","268.6","2022-08-07","4.92",,"0.02",,"88","71","  210","  200","15.0","19.9","    1",,"    1",,
"USW00093824","ZANESVILLE MUNICIPAL AIRPORT, OH US","39.94609","-81.89315","268.6","2022-08-08","6.26",,"0.00",,"89","71","  240",,"12.1",,,,,,
"USW00093824","ZANESVILLE MUNICIPAL AIRPORT, OH US","39.94609","-81.89315","268.6","2022-08-09","5.14",,"0.01",,"87","71","  340","  320","12.1","16.1",,,"    1",,
"USW00093824","ZANESVILLE MUNICIPAL AIRPORT, OH US","39.94609","-81.89315","268.6","2022-08-10","2.68",,"0.00",,"75","66","   40","  350","8.9","13.0","    1",,,,
"USW00093824","ZANESVILLE MUNICIPAL AIRPORT, OH US","39.94609","-81.89315","268.6","2022-08-11","3.36",,"0.02",,"83","61","  350","  340","10.1","15.0","    1","    1",,,
"USW00093824","ZANESVILLE MUNICIPAL AIRPORT, OH US","39.94609","-81.89315","268.6","2022-08-12","4.47",,"0.00",,"79","56","   30","   60","10.1","15.0",,,,,
"USW00093824","ZANESVILLE MUNICIPAL AIRPORT, OH US","39.94609","-81.89315","268.6","2022-08-13","1.34",,"0.00",,"77","53","   60","   60","6.9","8.9",,,,,
"USW00093824","ZANESVILLE MUNICIPAL AIRPORT, OH US","39.94609","-81.89315","268.6","2022-08-14","4.03",,"0.24",,"65","62","  100","   50","10.1","14.1","    1",,"    1",,
"USW00093824","ZANESVILLE MUNICIPAL AIRPORT, OH US","39.94609","-81.89315","268.6","2022-08-15","4.92",,"0.00",,"80","59","  350","  340","12.1","16.1","    1",,,,
"USW00093824","ZANESVILLE MUNICIPAL AIRPORT, OH US","39.94609","-81.89315","268.6","2022-08-16","3.80",,"0.00",,"76","61","  340","   80","8.1","11.0",,,,,
"USW00093824","ZANESVILLE MUNICIPAL AIRPORT, OH US","39.94609","-81.89315","268.6","2022-08-17","2.91",,"0.10",,"81","61","   10","   10","13.0","17.0","    1",,"    1",,
"USW00093824","ZANESVILLE MUNICIPAL AIRPORT, OH US","39.94609","-81.89315","268.6","2022-08-18","1.12",,"0.00",,"82","56","  310","  340","8.1","11.0","    1","    1",,,
"USW00093824","ZANESVILLE MUNICIPAL AIRPORT, OH US","39.94609","-81.89315","268.6","2022-08-19","1.12",,"0.00",,"85","56","  180","  170","8.1","11.0",,,,,
"USW00093824","ZANESVILLE MUNICIPAL AIRPORT, OH US","39.94609","-81.89315","268.6","2022-08-20","4.92",,"0.86",,"87","61","  340","  350","21.0","28.0","    1",,"    1",,
"USW00093824","ZANESVILLE MUNICIPAL AIRPORT, OH US","39.94609","-81.89315","268.6","2022-08-21","4.70",,"2.27",,"80","64","  250","  310","16.1","35.1","    1","    1","    1",,
"USW00093824","ZANESVILLE MUNICIPAL AIRPORT, OH US","39.94609","-81.89315","268.6","2022-08-22","4.47",,"0.11",,"80","64","  330","  340","18.1","25.1","    1","    1","    1",,
"USW00093824","ZANESVILLE MUNICIPAL AIRPORT, OH US","39.94609","-81.89315","268.6","2022-08-23","1.12",,"0.00",,"82","60","  280","  300","10.1","13.0","    1","    1",,,
"USW00093824","ZANESVILLE MUNICIPAL AIRPORT, OH US","39.94609","-81.89315","268.6","2022-08-24","1.57",,"0.00",,"82","56","  250","  210","6.9","8.9","    1","    1",,,
"USW00093824","ZANESVILLE MUNICIPAL AIRPORT, OH US","39.94609","-81.89315","268.6","2022-08-25","2.24",,"0.00",,"83","58","  270","  270","12.1","14.1","    1",,,,
"USW00093824","ZANESVILLE MUNICIPAL AIRPORT, OH US","39.94609","-81.89315","268.6","2022-08-26","3.58",,"0.19",,"83","65","  350","  320","14.1","19.9","    1",,,,
"USW00093824","ZANESVILLE MUNICIPAL AIRPORT, OH US","39.94609","-81.89315","268.6","2022-08-27","2.01",,"0.00",,"82","63","   50","  100","10.1","13.0","    1",,,,
"USW00093824","ZANESVILLE MUNICIPAL AIRPORT, OH US","39.94609","-81.89315","268.6","2022-08-28","2.46",,"0.00",,"88","59","  150","  170","8.9","13.0","    1",,,,
"USW00093824","ZANESVILLE MUNICIPAL AIRPORT, OH US","39.94609","-81.89315","268.6","2022-08-29","5.82",,"0.79",,"88","70","  240","  210","17.0","25.9","    1",,"    1",,"    1"
"USW00093824","ZANESVILLE MUNICIPAL AIRPORT, OH US","39.94609","-81.89315","268.6","2022-08-30","5.82",,"0.16",,"79","63","  270","  280","14.1","19.0","    1",,,,
"USW00093824","ZANESVILLE MUNICIPAL AIRPORT, OH US","39.94609","-81.89315","268.6","2022-08-31","4.25",,"0.00",,"80","58","  250","  280","14.1","19.0",,,,,
"USW00093824","ZANESVILLE MUNICIPAL AIRPORT, OH US","39.94609","-81.89315","268.6","2022-09-01","2.01",,"0.00",,"83","56","  250","  270","12.1","16.1","    1",,,,
"USW00093824","ZANESVILLE MUNICIPAL AIRPORT, OH US","39.94609","-81.89315","268.6","2022-09-02","2.24",,"0.00",,"84","61","  120","  120","8.9","12.1","    1",,,,
"USW00093824","ZANESVILLE MUNICIPAL AIRPORT, OH US","39.94609","-81.89315","268.6","2022-09-03","2.91",,"0.90",,"75","67","  210","  210","13.0","17.0","    1",,"    1",,
"USW00093824","ZANESVILLE MUNICIPAL AIRPORT, OH US","39.94609","-81.89315","268.6","2022-09-04","4.47",,"0.31",,"76","69","  160","  140","10.1","13.0","    1",,,,
"USW00093824","ZANESVILLE MUNICIPAL AIRPORT, OH US","39.94609","-81.89315","268.6","2022-09-05","2.24",,"0.50",,"77","68","   10","  360","8.9","12.1","    1",,,,
"USW00093824","ZANESVILLE MUNICIPAL AIRPORT, OH US","39.94609","-81.89315","268.6","2022-09-06","4.47",,"0.00",,"76","64","  320","  330","12.1","14.1","    1",,,,
"USW00093824","ZANESVILLE MUNICIPAL AIRPORT, OH US","39.94609","-81.89315","268.6","2022-09-07","4.70",,"0.00",,"77","59","  320","  320","10.1","15.0","    1",,,,
"USW00093824","ZANESVILLE MUNICIPAL AIRPORT, OH US","39.94609","-81.89315","268.6","2022-09-08","2.01",,"0.00",,"80","54","   50","   60","12.1","14.1","    1",,,,
"USW00093824","ZANESVILLE MUNICIPAL AIRPORT, OH US","39.94609","-81.89315","268.6","2022-09-09","3.13",,"0.00",,"83","57","  110","  150","12.1","14.1","    1",,,,
"USW00093824","ZANESVILLE MUNICIPAL AIRPORT, OH US","39.94609","-81.89315","268.6","2022-09-10","4.70",,"0.04",,"74","62","  170","  170","14.1","18.1","    1",,,,
"USW00093824","ZANESVILLE MUNICIPAL AIRPORT, OH US","39.94609","-81.89315","268.6","2022-09-11","3.36",,"0.33",,"76","64","  170","  200","12.1","14.1","    1",,"    1",,
"USW00093824","ZANESVILLE MUNICIPAL AIRPORT, OH US","39.94609","-81.89315","268.6","2022-09-12","5.37",,"0.00",,"73","58","  240","  260","16.1","21.9",,,,,
"USW00093824","ZANESVILLE MUNICIPAL AIRPORT, OH US","39.94609","-81.89315","268.6","2022-09-13","5.14",,"0.00",,"66","52","  290","  310","16.1","23.0","    1",,,,
"USW00093824","ZANESVILLE MUNICIPAL AIRPORT, OH US","39.94609","-81.89315","268.6","2022-09-14","1.12",,"0.00",,"75","49","  190","  200","8.1","10.1","    1","    1",,,
"USW00093824","ZANESVILLE MUNICIPAL AIRPORT, OH US","39.94609","-81.89315","268.6","2022-09-15","1.12",,"0.00",,"80","53","  360","  330","6.9","10.1","    1","    1",,,
"USW00093824","ZANESVILLE MUNICIPAL AIRPORT, OH US","39.94609","-81.89315","268.6","2022-09-16","0.22",,"0.00",,"80","54","  170","  170","6.0","8.1","    1",,,,
"USW00093824","ZANESVILLE MUNICIPAL AIRPORT, OH US","39.94609","-81.89315","268.6","2022-09-17","2.46",,"0.00",,"81","56","  200","  220","10.1","13.0","    1",,,,
"USW00093824","ZANESVILLE MUNICIPAL AIRPORT, OH US","39.94609","-81.89315","268.6","2022-09-18","3.80",,"0.00",,"81","59","  230","  260","14.1","19.9","    1",,,,
"USW00093824","ZANESVILLE MUNICIPAL AIRPORT, OH US","39.94609","-81.89315","268.6","2022-09-19","4.25",,"0.34",,"79","63","  190","  250","10.1","15.0","    1",,"    1",,
"USW00093824","ZANESVILLE MUNICIPAL AIRPORT, OH US","39.94609","-81.89315","268.6","2022-09-20","1.12",,"0.00",,"81","56","  170","  160","8.9","10.1","    1","    1",,,
"USW00093824","ZANESVILLE MUNICIPAL AIRPORT, OH US","39.94609","-81.89315","268.6","2022-09-21","6.49",,"0.59",,"87","61","  330","  340","32.0","42.1","    1",,"    1",,
"USW00093824","ZANESVILLE MUNICIPAL AIRPORT, OH US","39.94609","-81.89315","268.6","2022-09-22","9.84",,"0.00",,"70","47","  310","  340","21.0","29.1",,,,,
"USW00093824","ZANESVILLE MUNICIPAL AIRPORT, OH US","39.94609","-81.89315","268.6","2022-09-23","2.46",,"0.00",,"65","41","  330","  320","12.1","16.1",,,,,
"USW00093824","ZANESVILLE MUNICIPAL AIRPORT, OH US","39.94609","-81.89315","268.6","2022-09-24","4.47",,"0.00",,"70","51","  220","  230","13.0","18.1",,,,,
"USW00093824","ZANESVILLE MUNICIPAL AIRPORT, OH US","39.94609","-81.89315","268.6","2022-09-25","9.40",,"0.31",,"72","58","  270","  270","23.0","32.0","    1",,"    1",,
"USW00093824","ZANESVILLE MUNICIPAL AIRPORT, OH US","39.94609","-81.89315","268.6","2022-09-26","8.50",,"0.01",,"68","48","  250","  250","21.9","30.0",,,,,
"USW00093824","ZANESVILLE MUNICIPAL AIRPORT, OH US","39.94609","-81.89315","268.6","2022-09-27","5.59",,"0.07",,"60","43","  270","  280","23.0","30.0",,,"    1",,
"USW00093824","ZANESVILLE MUNICIPAL AIRPORT, OH US","39.94609","-81.89315","268.6","2022-09-28","4.47",,"0.07",,"60","41","  310","  310","15.0","18.1","    1",,,,
"USW00093824","ZANESVILLE MUNICIPAL AIRPORT, OH US","39.94609","-81.89315","268.6","2022-09-29","4.47",,"0.00",,"60","42","   50","   60","14.1","21.0","    1","    1",,,
"USW00093824","ZANESVILLE MUNICIPAL AIRPORT, OH US","39.94609","-81.89315","268.6","2022-09-30","5.59",,"0.00",,"62","42","   30","   40","13.0","16.1",,,,,
"USW00093824","ZANESVILLE MUNICIPAL AIRPORT, OH US","39.94609","-81.89315","268.6","2022-10-01","6.71",,"0.12",,"58","51","   30","  350","13.0","19.0","    1",,,,
"USW00093824","ZANESVILLE MUNICIPAL AIRPORT, OH US","39.94609","-81.89315","268.6","2022-10-02","8.28",,"0.00",,"68","47","   10","   10","17.0","23.0",,,,,
"USW00093824","ZANESVILLE MUNICIPAL AIRPORT, OH US","39.94609","-81.89315","268.6","2022-10-03","4.70",,"0.00",,"65","41","   60","   70","15.0","19.9",,,,,
"USW00093824","ZANESVILLE MUNICIPAL AIRPORT, OH US","39.94609","-81.89315","268.6","2022-10-04","4.03",,"0.00",,"67","41","   50","  360","13.0","17.0",,,,,
"USW00093824","ZANESVILLE MUNICIPAL AIRPORT, OH US","39.94609","-81.89315","268.6","2022-10-05","1.12",,"0.00",,"73","37","  300","  330","8.9","12.1",,,,,
"USW00093824","ZANESVILLE MUNICIPAL AIRPORT, OH US","39.94609","-81.89315","268.6","2022-10-06","2.46",,"0.00",,"70","44","  190","  180","10.1","13.0","    1",,,,
"USW00093824","ZANESVILLE MUNICIPAL AIRPORT, OH US","39.94609","-81.89315","268.6","2022-10-07","6.26",,"0.00",,"58","39","  330","  310","14.1","18.1",,,,,
"USW00093824","ZANESVILLE MUNICIPAL AIRPORT, OH US","39.94609","-81.89315","268.6","2022-10-08","3.36",,"0.00",,"56","35","  270","  270","13.0","16.1","    1",,,,
"USW00093824","ZANESVILLE MUNICIPAL AIRPORT, OH US","39.94609","-81.89315","268.6","2022-10-09","4.03",,"0.00",,"61","31","  260","  250","16.1","19.9",,,,,
"USW00093824","ZANESVILLE MUNICIPAL AIRPORT, OH US","39.94609","-81.89315","268.6","2022-10-10","3.36",,"0.00",,"69","36","  260","  240","13.0","18.1",,,,,
"USW00093824","ZANESVILLE MUNICIPAL AIRPORT, OH US","39.94609","-81.89315","268.6","2022-10-11","2.46",,"0.00",,"71","39","  190","  190","13.0","16.1",,,,,
"USW00093824","ZANESVILLE MUNICIPAL AIRPORT, OH US","39.94609","-81.89315","268.6","2022-10-12","8.28",,"0.11",,"73","45","  190","  180","18.1","23.9","    1",,,,
"USW00093824","ZANESVILLE MUNICIPAL AIRPORT, OH US","39.94609","-81.89315","268.6","2022-10-13","7.61",,"0.46",,"64","46","  270","  300","15.0","25.1","    1",,,,
"USW00093824","ZANESVILLE MUNICIPAL AIRPORT, OH US","39.94609","-81.89315","268.6","2022-10-14","6.71",,"0.00",,"63","35","  200","  200","23.9","33.1",,,,,
"USW00093824","ZANESVILLE MUNICIPAL AIRPORT, OH US","39.94609","-81.89315","268.6","2022-10-15","8.05",,"0.00",,"60","40","  170","  290","18.1","25.1",,,,,
"USW00093824","ZANESVILLE MUNICIPAL AIRPORT, OH US","39.94609","-81.89315","268.6","2022-10-16","4.92",,"0.00",,"67","37","  200","  210","14.1","18.1",,,,,
"USW00093824","ZANESVILLE MUNICIPAL AIRPORT, OH US","39.94609","-81.89315","268.6","2022-10-17","12.97",,"0.00",,"54","40","  260","  270","23.0","31.1",,,,,
"USW00093824","ZANESVILLE MUNICIPAL AIRPORT, OH US","39.94609","-81.89315","268.6","2022-10-18","10.74",,"0.04",,"45","36","  250","  260","21.9","32.0","    1",,,,
"USW00093824","ZANESVILLE MUNICIPAL AIRPORT, OH US","39.94609","-81.89315","268.6","2022-10-19","9.17",,"0.09",,"47","32","  260","  270","21.0","28.0","    1",,,,
"USW00093824","ZANESVILLE MUNICIPAL AIRPORT, OH US","39.94609","-81.89315","268.6","2022-10-20","6.26",,"0.00",,"54","30","  240","  250","21.0","25.9",,,,,
"USW00093824","ZANESVILLE MUNICIPAL AIRPORT, OH US","39.94609","-81.89315","268.6","2022-10-21","7.38",,"0.00",,"66","34","  200","  200","21.0","25.9",,,,,
"USW00093824","ZANESVILLE MUNICIPAL AIRPORT, OH US","39.94609","-81.89315","268.6","2022-10-22","5.14",,"0.00",,"74","41","  170","  180","13.0","17.0",,,,,
"USW00093824","ZANESVILLE MUNICIPAL AIRPORT, OH US","39.94609","-81.89315","268.6","2022-10-23","1.57",,"0.00",,"76","44","  160","  160","12.1","14.1",,,,,
"USW00093824","ZANESVILLE MUNICIPAL AIRPORT, OH US","39.94609","-81.89315","268.6","2022-10-24","2.01",,"0.00",,"76","40","  130","  150","12.1","17.0",,,,,
"USW00093824","ZANESVILLE MUNICIPAL AIRPORT, OH US","39.94609","-81.89315","268.6","2022-10-25","4.92",,"0.00",,"74","44","  160","  150","15.0","19.0",,,,,
"USW00093824","ZANESVILLE MUNICIPAL AIRPORT, OH US","39.94609","-81.89315","268.6","2022-10-26","9.84",,"0.22",,"65","48","  270","  270","21.9","30.0","    1",,,,"    1"
"USW00093824","ZANESVILLE MUNICIPAL AIRPORT, OH US","39.94609","-81.89315","268.6","2022-10-27","6.04",,"0.00",,"57","44","   40","   60","12.1","17.0",,,,,
"USW00093824","ZANESVILLE MUNICIPAL AIRPORT, OH US","39.94609","-81.89315","268.6","2022-10-28","2.68",,"0.00",,"62","39","   50","  120","8.9","12.1",,,,,
"USW00093824","ZANESVILLE MUNICIPAL AIRPORT, OH US","39.94609","-81.89315","268.6","2022-10-29","1.79",,"0.00",,"66","32","  100","  110","13.0","16.1",,,,,
"USW00093824","ZANESVILLE MUNICIPAL AIRPORT, OH US","39.94609","-81.89315","268.6","2022-10-30","2.68",,"0.08",,"66","36","  100","  110","8.1","11.0",,,,,
"USW00093824","ZANESVILLE MUNICIPAL AIRPORT, OH US","39.94609","-81.89315","268.6","2022-10-31","5.59",,"0.18",,"69","55","  270","  280","16.1","23.0","    1",,,,
"USW00093824","ZANESVILLE MUNICIPAL AIRPORT, OH US","39.94609","-81.89315","268.6","2022-11-01","3.80",,"0.00",,"64","45","  270","  300","10.1","14.1","    1","    1",,,
"USW00093824","ZANESVILLE MUNICIPAL AIRPORT, OH US","39.94609","-81.89315","268.6","2022-11-02","0.22",,"0.00",,"59","42","  330","  310","4.9","4.9","    1","    1",,,"    1"
"USW00093824","ZANESVILLE MUNICIPAL AIRPORT, OH US","39.94609","-81.89315","268.6","2022-11-03","1.12",,"0.00",,"71","41","  150","  140","8.1","10.1","    1","    1",,,
"USW00093824","ZANESVILLE MUNICIPAL AIRPORT, OH US","39.94609","-81.89315","268.6","2022-11-04","8.50",,"0.00",,"74","47","  160","  180","17.0","23.0","    1",,,,
"USW00093824","ZANESVILLE MUNICIPAL AIRPORT, OH US","39.94609","-81.89315","268.6","2022-11-05","12.75",,"0.00",,"79","59","  210","  190","23.9","34.0",,,,,
"USW00093824","ZANESVILLE MUNICIPAL AIRPORT, OH US","39.94609","-81.89315","268.6","2022-11-06","6.26",,"0.00",,"73","58","  200","  210","16.1","21.9",,,,,
"USW00093824","ZANESVILLE MUNICIPAL AIRPORT, OH US","39.94609","-81.89315","268.6","2022-11-07","2.91",,"0.00",,"67","42","  330","  330","12.1","15.0",,,,,
"USW00093824","ZANESVILLE MUNICIPAL AIRPORT, OH US","39.94609","-81.89315","268.6","2022-11-08","7.38",,"0.00",,"59","40","   70","   70","15.0","21.0",,,,,
"USW00093824","ZANESVILLE MUNICIPAL AIRPORT, OH US","39.94609","-81.89315","268.6","2022-11-09","4.25",,"0.00",,"68","35","  140","  160","14.1","18.1",,,,,
"USW00093824","ZANESVILLE MUNICIPAL AIRPORT, OH US","39.94609","-81.89315","268.6","2022-11-10","6.93",,"0.00",,"70","46","  180","  160","15.0","19.9",,,,,
"USW00093824","ZANESVILLE MUNICIPAL AIRPORT, OH US","39.94609","-81.89315","268.6","2022-11-11","6.71",,"2.20",,"63","53","  300","  290","16.1","23.0","    1",,,,
"USW00093824","ZANESVILLE MUNICIPAL AIRPORT, OH US","39.94609","-81.89315","268.6","2022-11-12","8.72",,"0.07",,"53","35","  280","  290","17.0","23.0","    1",,,,
"USW00093824","ZANESVILLE MUNICIPAL AIRPORT, OH US","39.94609","-81.89315","268.6","2022-11-13","7.16",,"0.00",,"40","34","  280","  300","15.0","19.9","    1",,,,
"USW00093824","ZANESVILLE MUNICIPAL AIRPORT, OH US","39.94609","-81.89315","268.6","2022-11-14","3.58",,"0.00",,"45","33","  130","  100","12.1","14.1",,,,,
"USW00093824","ZANESVILLE MUNICIPAL AIRPORT, OH US","39.94609","-81.89315","268.6","2022-11-15","5.37",,"0.07",,"40","33","   60","   50","12.1","15.0","    1",,,,
"USW00093824","ZANESVILLE MUNICIPAL AIRPORT, OH US","39.94609","-81.89315","268.6","2022-11-16","9.17",,"0.00",,"41","33","  260","  250","18.1","25.9","    1",,,,"    1"
"USW00093824","ZANESVILLE MUNICIPAL AIRPORT, OH US","39.94609","-81.89315","268.6","2022-11-17","10.29",,"0.00",,"34","29","  260","  240","16.1","23.9",,,,,
"USW00093824","ZANESVILLE MUNICIPAL AIRPORT, OH US","39.94609","-81.89315","268.6","2022-11-18","10.29",,"0.00",,"35","22","  260","  300","19.9","29.1",,,,,"    1"
"USW00093824","ZANESVILLE MUNICIPAL AIRPORT, OH US","39.94609","-81.89315","268.6","2022-11-19","10.29",,"0.00",,"34","21","  270","  270","30.0","40.0",,,,,
"USW00093824","ZANESVILLE MUNICIPAL AIRPORT, OH US","39.94609","-81.89315","268.6","2022-11-20","8.05",,"0.00",,"30","18","  270","  270","21.9","29.1",,,,,
"USW00093824","ZANESVILLE MUNICIPAL AIRPORT, OH US","39.94609","-81.89315","268.6","2022-11-21","7.16",,"0.00",,"47","16","  190","  240","19.9","23.9",,,,,
"USW00093824","ZANESVILLE MUNICIPAL AIRPORT, OH US","39.94609","-81.89315","268.6","2022-11-22","3.80",,"0.00",,"53","22","  200","  230","15.0","21.0",,,,,
"USW00093824","ZANESVILLE MUNICIPAL AIRPORT, OH US","39.94609","-81.89315","268.6","2022-11-23","1.79",,"0.00",,"57","23","  210","  210","12.1","14.1",,,,,
"USW00093824","ZANESVILLE MUNICIPAL AIRPORT, OH US","39.94609","-81.89315","268.6","2022-11-24","1.79",,"0.00",,"63","24","  210","  220","8.9","12.1",,,,,
"USW00093824","ZANESVILLE MUNICIPAL AIRPORT, OH US","39.94609","-81.89315","268.6","2022-11-25","7.61",,"0.12",,"55","30","  270","  270","19.9","27.1","    1",,,,
"USW00093824","ZANESVILLE MUNICIPAL AIRPORT, OH US","39.94609","-81.89315","268.6","2022-11-26","3.13",,"0.00",,"55","25","  220","  170","12.1","14.1","    1",,,,"    1"
"USW00093824","ZANESVILLE MUNICIPAL AIRPORT, OH US","39.94609","-81.89315","268.6","2022-11-27","10.51",,"0.78",,"64","40","  250","  230","28.0","38.0","    1",,,,
"USW00093824","ZANESVILLE MUNICIPAL AIRPORT, OH US","39.94609","-81.89315","268.6","2022-11-28","3.80",,"0.00",,"44","41","  290","  280","13.0","18.1","    1",,,,
"USW00093824","ZANESVILLE MUNICIPAL AIRPORT, OH US","39.94609","-81.89315","268.6","2022-11-29","8.72",,"0.00",,"58","42","  160","  160","19.9","29.1","    1",,,,
"USW00093824","ZANESVILLE MUNICIPAL AIRPORT, OH US","39.94609","-81.89315","268.6","2022-11-30","15.21",,"0.63",,"57","30","  290","  290","31.1","40.0","    1",,"    1",,
"USW00093824","ZANESVILLE MUNICIPAL AIRPORT, OH US","39.94609","-81.89315","268.6","2022-12-01","5.82",,"0.00",,"36","21","  270","  290","21.9","30.0",,,,,"    1"
"USW00093824","ZANESVILLE MUNICIPAL AIRPORT, OH US","39.94609","-81.89315","268.6","2022-12-02","7.83",,"0.00",,"56","22","  190","  190","21.0","30.0",,,,,
"USW00093824","ZANESVILLE MUNICIPAL AIRPORT, OH US","39.94609","-81.89315","268.6","2022-12-03","10.96",,"0.16",,"56","25","  280","  280","33.1","53.9","    1",,,,
"USW00093824","ZANESVILLE MUNICIPAL AIRPORT, OH US","39.94609","-81.89315","268.6","2022-12-04","3.36",,"0.00",,"39","19","  200","  190","10.1","14.1",,,,,
"USW00093824","ZANESVILLE MUNICIPAL AIRPORT, OH US","39.94609","-81.89315","268.6","2022-12-05","3.80",,"0.00",,"49","19","  160","  150","10.1","13.0",,,,,
"USW00093824","ZANESVILLE MUNICIPAL AIRPORT, OH US","39.94609","-81.89315","268.6","2022-12-06","2.68",,"0.06",,"53","42","  150","  140","8.1","8.9","    1",,,,
"USW00093824","ZANESVILLE MUNICIPAL AIRPORT, OH US","39.94609","-81.89315","268.6","2022-12-07","4.70",,"0.27",,"60","49","  300","  220","8.9","13.0","    1","    1",,,
"USW00093824","ZANESVILLE MUNICIPAL AIRPORT, OH US","39.94609","-81.89315","268.6","2022-12-08","3.80",,"0.01",,"49","40","   60","   50","10.1","11.0","    1",,,,"    1"
"USW00093824","ZANESVILLE MUNICIPAL AIRPORT, OH US","39.94609","-81.89315","268.6","2022-12-09","6.49",,"0.06",,"50","34","  100","  100","13.0","17.0","    1",,,,
"USW00093824","ZANESVILLE MUNICIPAL AIRPORT, OH US","39.94609","-81.89315","268.6","2022-12-10","2.24",,"0.00",,"43","38","   20","   30","8.9","12.1","    1",,,,"    1"
"USW00093824","ZANESVILLE MUNICIPAL AIRPORT, OH US","39.94609","-81.89315","268.6","2022-12-11","4.25",,"0.00",,"47","35","  320","  330","14.1","17.0","    1",,,,
"USW00093824","ZANESVILLE MUNICIPAL AIRPORT, OH US","39.94609","-81.89315","268.6","2022-12-12","4.47",,"0.00",,"40","35","   50","   50","8.9","12.1",,,,,
"USW00093824","ZANESVILLE MUNICIPAL AIRPORT, OH US","39.94609","-81.89315","268.6","2022-12-13","5.82",,"0.00",,"43","31","   70","   70","12.1","15.0",,,,,
"USW00093824","ZANESVILLE MUNICIPAL AIRPORT, OH US","39.94609","-81.89315","268.6","2022-12-14","7.61",,"0.03",,"43","30","   90","  110","14.1","17.0",,,,,
"USW00093824","ZANESVILLE MUNICIPAL AIRPORT, OH US","39.94609","-81.89315","268.6","2022-12-15","7.38",,"0.65",,"50","37","  160","  160","17.0","23.9","    1",,,,
"USW00093824","ZANESVILLE MUNICIPAL AIRPORT, OH US","39.94609","-81.89315","268.6","2022-12-16","5.82",,"0.04",,"40","34","  250","  260","19.9","25.9","    1",,,,
"USW00093824","ZANESVILLE MUNICIPAL AIRPORT, OH US","39.94609","-81.89315","268.6","2022-12-17","7.61",,"0.00",,"35","30","  260","  250","19.9","25.1","    1",,,,
"USW00093824","ZANESVILLE MUNICIPAL AIRPORT, OH US","39.94609","-81.89315","268.6","2022-12-18","8.28",,"0.00",,"30","25","  270","  250","17.0","23.9","    1",,,,
"USW00093824","ZANESVILLE MUNICIPAL AIRPORT, OH US","39.94609","-81.89315","268.6","2022-12-19","5.14",,"0.00",,"31","19","  280","  300","14.1","19.0",,,,,
"USW00093824","ZANESVILLE MUNICIPAL AIRPORT, OH US","39.94609","-81.89315","268.6","2022-12-20","1.34",,"0.00",,"37","17","  130","  130","8.1","10.1",,,,,
"USW00093824","ZANESVILLE MUNICIPAL AIRPORT, OH US","39.94609","-81.89315","268.6","2022-12-21","2.46",,"0.00",,"44","18","   60","   80","8.1","10.1",,,,,
"USW00093824","ZANESVILLE MUNICIPAL AIRPORT, OH US","39.94609","-81.89315","268.6","2022-12-22","5.82",,"0.03",,"47","33","  170","  180","12.1","14.1","    1",,,,
"USW00093824","ZANESVILLE MUNICIPAL AIRPORT, OH US","39.94609","-81.89315","268.6","2022-12-23","19.24",,"0.11",,"44","-5","  260","  250","31.1","47.0","    1",,,,"    1"
"USW00093824","ZANESVILLE MUNICIPAL AIRPORT, OH US","39.94609","-81.89315","268.6","2022-12-24","14.09",,"0.00",,"15","-1","  240","  250","23.0","36.0",,,,,"    1"
"USW00093824","ZANESVILLE MUNICIPAL AIRPORT, OH US","39.94609","-81.89315","268.6","2022-12-25","6.71",,"0.00",,"16","11","  250","  250","12.1","17.0",,,,,
"USW00093824","ZANESVILLE MUNICIPAL AIRPORT, OH US","39.94609","-81.89315","268.6","2022-12-26","5.59",,"0.00",,"20","8","  180","  190","12.1","13.0",,,,,"    1"
"USW00093824","ZANESVILLE MUNICIPAL AIRPORT, OH US","39.94609","-81.89315","268.6","2022-12-27","6.93",,"0.00",,"32","28","  160","  160","13.0","14.1",,,,,
"USW00093824","ZANESVILLE MUNICIPAL AIRPORT, OH US","39.94609","-81.89315","268.6","2022-12-28","9.17",,"0.00",,"47","23","  180","  190","15.0","19.9",,,,,
"USW00093824","ZANESVILLE MUNICIPAL AIRPORT, OH US","39.94609","-81.89315","268.6","2022-12-29","8.28",,"0.00",,"59","34","  200","  200","16.1","21.0",,,,,
"USW00093824","ZANESVILLE MUNICIPAL AIRPORT, OH US","39.94609","-81.89315","268.6","2022-12-30","8.05",,"0.00",,"67","49","  150","  200","15.0","21.0",,,,,
"USW00093824","ZANESVILLE MUNICIPAL AIRPORT, OH US","39.94609","-81.89315","268.6","2022-12-31","7.61",,"0.20",,"57","43","  160","  200","16.1","19.9","    1",,,,
"USW00093824","ZANESVILLE MUNICIPAL AIRPORT, OH US","39.94609","-81.89315","268.6","2023-01-01","3.13",,"0.00",,"53","37","  220","  200","8.9","13.0","    1","    1",,,
"USW00093824","ZANESVILLE MUNICIPAL AIRPORT, OH US","39.94609","-81.89315","268.6","2023-01-02","2.46",,"0.02",,"60","46","  130","  210","8.1","11.0","    1",,,,
"USW00093824","ZANESVILLE MUNICIPAL AIRPORT, OH US","39.94609","-81.89315","268.6","2023-01-03","7.83",,"0.85",,"62","55","  290","  300","23.0","28.0","    1",,,,
"USW00093824","ZANESVILLE MUNICIPAL AIRPORT, OH US","39.94609","-81.89315","268.6","2023-01-04","7.16",,"0.26",,"62","45","  260","  280","16.1","25.1","    1",,,,
"USW00093824","ZANESVILLE MUNICIPAL AIRPORT, OH US","39.94609","-81.89315","268.6","2023-01-05","6.49",,"0.05",,"48","33","  210","  240","16.1","23.0",,,,,
"USW00093824","ZANESVILLE MUNICIPAL AIRPORT, OH US","39.94609","-81.89315","268.6","2023-01-06","6.26",,"0.00",,"38","35","  260","  260","14.1","18.1",,,,,
"USW00093824","ZANESVILLE MUNICIPAL AIRPORT, OH US","39.94609","-81.89315","268.6","2023-01-07","4.47",,"0.00",,"38","29","  320","  320","14.1","19.9",,,,,
"USW00093824","ZANESVILLE MUNICIPAL AIRPORT, OH US","39.94609","-81.89315","268.6","2023-01-08","3.80",,"0.00",,"43","24","  130","   80","12.1","15.0",,,,,
"USW00093824","ZANESVILLE MUNICIPAL AIRPORT, OH US","39.94609","-81.89315","268.6","2023-01-09","5.82",,"0.00",,"35","24","  260","  260","14.1","21.0","    1",,,,
"USW00093824","ZANESVILLE MUNICIPAL AIRPORT, OH US","39.94609","-81.89315","268.6","2023-01-10","4.47",,"0.00",,"43","23","  150","  160","8.9","12.1",,,,,
"USW00093824","ZANESVILLE MUNICIPAL AIRPORT, OH US","39.94609","-81.89315","268.6","2023-01-11","4.03",,"0.10",,"51","29","  170","  110","8.9","13.0","    1",,,,
"USW00093824","ZANESVILLE MUNICIPAL AIRPORT, OH US","39.94609","-81.89315","268.6","2023-01-12","7.83",,"0.83",,"54","37","  330","  340","19.9","28.0","    1",,"    1",,
"USW00093824","ZANESVILLE MUNICIPAL AIRPORT, OH US","39.94609","-81.89315","268.6","2023-01-13","11.18",,"0.05",,"37","29","  330","  320","17.0","25.1",,,,,
"USW00093824","ZANESVILLE MUNICIPAL AIRPORT, OH US","39.94609","-81.89315","268.6","2023-01-14","8.72",,"0.00",,"30","19","  330","  340","18.1","27.1",,,,,
"USW00093824","ZANESVILLE MUNICIPAL AIRPORT, OH US","39.94609","-81.89315","268.6","2023-01-15","1.79",,"0.00",,"36","15","  120","  120","8.1","11.0",,,,,
"USW00093824","ZANESVILLE MUNICIPAL AIRPORT, OH US","39.94609","-81.89315","268.6","2023-01-16","4.03",,"0.19",,"46","21","  150","  160","12.1","15.0","    1",,,,
"USW00093824","ZANESVILLE MUNICIPAL AIRPORT, OH US","39.94609","-81.89315","268.6","2023-01-17","9.40",,"0.07",,"59","39","  250","  260","18.1","27.1","    1",,,,
"USW00093824","ZANESVILLE MUNICIPAL AIRPORT, OH US","39.94609","-81.89315","268.6","2023-01-18","5.82",,"0.02",,"43","39","  260","  270","17.0","23.9",,,,,
"USW00093824","ZANESVILLE MUNICIPAL AIRPORT, OH US","39.94609","-81.89315","268.6","2023-01-19","11.41",,"0.52",,"62","40","  250","  260","29.1","40.9","    1",,,,
"USW00093824","ZANESVILLE MUNICIPAL AIRPORT, OH US","39.94609","-81.89315","268.6","2023-01-20","11.63",,"0.00",,"42","34","  260","  260","28.0","35.1","    1",,,,
"USW00093824","ZANESVILLE MUNICIPAL AIRPORT, OH US","39.94609","-81.89315","268.6","2023-01-21","4.70",,"0.01",,"35","30","  270","  270","12.1","14.1",,,,,
"USW00093824","ZANESVILLE MUNICIPAL AIRPORT, OH US","39.94609","-81.89315","268.6","2023-01-22","2.91",,"0.13",,"34","25","  320","  320","8.9","12.1","    1",,,,
"USW00093824","ZANESVILLE MUNICIPAL AIRPORT, OH US","39.94609","-81.89315","268.6","2023-01-23","8.05",,"0.02",,"34","31","  270","  260","21.0","25.9","    1",,,,
"USW00093824","ZANESVILLE MUNICIPAL AIRPORT, OH US","39.94609","-81.89315","268.6","2023-01-24","5.82",,"0.00",,"43","28","  250","  240","14.1","21.0",,,,,
"USW00093824","ZANESVILLE MUNICIPAL AIRPORT, OH US","39.94609","-81.89315","268.6","2023-01-25","10.07",,"0.21",,"53","31","  250","  240","25.9","38.0","    1",,,,
"USW00093824","ZANESVILLE MUNICIPAL AIRPORT, OH US","39.94609","-81.89315","268.6","2023-01-26","12.30",,"0.01",,"36","30","  260","  270","21.9","32.0","    1",,,,
"USW00093824","ZANESVILLE MUNICIPAL AIRPORT, OH US","39.94609","-81.89315","268.6","2023-01-27","11.18",,"0.00",,"43","25","  160","  190","21.0","31.1",,,,,
"USW00093824","ZANESVILLE MUNICIPAL AIRPORT, OH US","39.94609","-81.89315","268.6","2023-01-28","7.16",,"0.00",,"51","34","  250","  250","16.1","23.0",,,,,
"USW00093824","ZANESVILLE MUNICIPAL AIRPORT, OH US","39.94609","-81.89315","268.6","2023-01-29","6.71",,"0.15",,"47","39","  190","  200","14.1","18.1","    1",,,,
"USW00093824","ZANESVILLE MUNICIPAL AIRPORT, OH US","39.94609","-81.89315","268.6","2023-01-30","6.04",,"0.09",,"39","28","  310","  320","13.0","15.0","    1","    1",,,
"USW00093824","ZANESVILLE MUNICIPAL AIRPORT, OH US","39.94609","-81.89315","268.6","2023-01-31","5.14",,"0.02",,"28","23","  320","  320","12.1","14.1","    1",,,,
"USW00093824","ZANESVILLE MUNICIPAL AIRPORT, OH US","39.94609","-81.89315","268.6","2023-02-01","2.68",,"0.00",,"30","14","  320","  330","10.1","14.1",,,,,
"USW00093824","ZANESVILLE MUNICIPAL AIRPORT, OH US","39.94609","-81.89315","268.6","2023-02-02","6.04",,"0.00",,"38","16","  260","  260","15.0","21.0",,,,,
"USW00093824","ZANESVILLE MUNICIPAL AIRPORT, OH US","39.94609","-81.89315","268.6","2023-02-03","11.41",,"0.00",,"33","11","  320","  320","23.9","30.0",,,,,
"USW00093824","ZANESVILLE MUNICIPAL AIRPORT, OH US","39.94609","-81.89315","268.6","2023-02-04","8.05",,"0.00",,"42","9","  180","  190","17.0","21.0",,,,,
"USW00093824","ZANESVILLE MUNICIPAL AIRPORT, OH US","39.94609","-81.89315","268.6","2023-02-05","10.29",,"0.00",,"52","38","  200","  200","18.1","25.1",,,,,
"USW00093824","ZANESVILLE MUNICIPAL AIRPORT, OH US","39.94609","-81.89315","268.6","2023-02-06","5.59",,"0.00",,"45","27","  300","  300","14.1","19.9",,,,,
"USW00093824","ZANESVILLE MUNICIPAL AIRPORT, OH US","39.94609","-81.89315","268.6","2023-02-07","8.05",,"0.05",,"57","29","  230","  220","17.0","25.1",,,,,
"USW00093824","ZANESVILLE MUNICIPAL AIRPORT, OH US","39.94609","-81.89315","268.6","2023-02-08","2.68",,"0.01",,"52","31","  310","  300","8.9","13.0","    1",,,,"    1"
"USW00093824","ZANESVILLE MUNICIPAL AIRPORT, OH US","39.94609","-81.89315","268.6","2023-02-09","14.99",,"0.03",,"72","43","  270","  260","30.0","45.0",,,,,
"USW00093824","ZANESVILLE MUNICIPAL AIRPORT, OH US","39.94609","-81.89315","268.6","2023-02-10","10.07",,"0.00",,"45","32","  250","  250","25.1","42.1",,,,,
"USW00093824","ZANESVILLE MUNICIPAL AIRPORT, OH US","39.94609","-81.89315","268.6","2023-02-11","2.68",,"0.00",,"42","23","  300","  310","10.1","13.0",,,,,
"USW00093824","ZANESVILLE MUNICIPAL AIRPORT, OH US","39.94609","-81.89315","268.6","2023-02-12","3.80",,"0.00",,"55","22","   10","   20","13.0","18.1",,,,,
"USW00093824","ZANESVILLE MUNICIPAL AIRPORT, OH US","39.94609","-81.89315","268.6","2023-02-13","6.49",,"0.00",,"57","22","  290","  260","21.0","29.1",,,,,
"USW00093824","ZANESVILLE MUNICIPAL AIRPORT, OH US","39.94609","-81.89315","268.6","2023-02-14","5.37",,"0.00",,"57","24","  150","  150","18.1","23.0",,,,,"    1"
"USW00093824","ZANESVILLE MUNICIPAL AIRPORT, OH US","39.94609","-81.89315","268.6","2023-02-15","12.30",,"0.01",,"73","51","  240","  250","25.9","36.0",,,,,
"USW00093824","ZANESVILLE MUNICIPAL AIRPORT, OH US","39.94609","-81.89315","268.6","2023-02-16","7.83",,"0.36",,"60","46","  170","  180","25.9","35.1","    1",,,,
"USW00093824","ZANESVILLE MUNICIPAL AIRPORT, OH US","39.94609","-81.89315","268.6","2023-02-17","12.08",,"0.03",,"59","25","  240","  250","21.9","32.0","    1",,,,
"USW00093824","ZANESVILLE MUNICIPAL AIRPORT, OH US","39.94609","-81.89315","268.6","2023-02-18","7.38",,"0.00",,"44","22","  200","  200","17.0","21.9",,,,,
"USW00093824","ZANESVILLE MUNICIPAL AIRPORT, OH US","39.94609","-81.89315","268.6","2023-02-19","7.61",,"0.00",,"59","32","  200","  190","21.9","30.0",,,,,
"USW00093824","ZANESVILLE MUNICIPAL AIRPORT, OH US","39.94609","-81.89315","268.6","2023-02-20","5.14",,"0.06",,"57","41","  270","  240","12.1","18.1","    1",,,,
"USW00093824","ZANESVILLE MUNICIPAL AIRPORT, OH US","39.94609","-81.89315","268.6","2023-02-21","9.62",,"0.01",,"52","35","  260","  240","29.1","38.0","    1","    1",,,
"USW00093824","ZANESVILLE MUNICIPAL AIRPORT, OH US","39.94609","-81.89315","268.6","2023-02-22","6.26",,"0.21",,"62","36","  100","  100","15.0","17.0","    1",,,,
"USW00093824","ZANESVILLE MUNICIPAL AIRPORT, OH US","39.94609","-81.89315","268.6","2023-02-23","13.87",,"0.06",,"75","42","  240","  240","25.1","36.0","    1",,,,
"USW00093824","ZANESVILLE MUNICIPAL AIRPORT, OH US","39.94609","-81.89315","268.6","2023-02-24","7.83",,"0.00",,"43","29","  330","  280","19.9","27.1",,,,,
"USW00093824","ZANESVILLE MUNICIPAL AIRPORT, OH US","39.94609","-81.89315","268.6","2023-02-25","5.59",,"0.00",,"51","28","  250","  260","14.1","18.1",,,,,
"USW00093824","ZANESVILLE MUNICIPAL AIRPORT, OH US","39.94609","-81.89315","268.6","2023-02-26","5.37",,"0.00",,"52","26","  270","  260","17.0","23.0","    1",,,,
"USW00093824","ZANESVILLE MUNICIPAL AIRPORT, OH US","39.94609","-81.89315","268.6","2023-02-27","8.05",,"0.58",,"58","28","  270","  260","36.0","49.0","    1",,"    1",,
"USW00093824","ZANESVILLE MUNICIPAL AIRPORT, OH US","39.94609","-81.89315","268.6","2023-02-28","9.62",,"0.00",,"56","32","  280","  280","25.9","42.1",,,,,
"USW00093824","ZANESVILLE MUNICIPAL AIRPORT, OH US","39.94609","-81.89315","268.6","2023-03-01","7.83",,"0.12",,"74","31","  230","  220","19.9","25.9",,,"    1",,
"USW00093824","ZANESVILLE MUNICIPAL AIRPORT, OH US","39.94609","-81.89315","268.6","2023-03-02","6.49",,"0.00",,"60","36","  270","  250","14.1","21.0",,,,,"    1"
"USW00093824","ZANESVILLE MUNICIPAL AIRPORT, OH US","39.94609","-81.89315","268.6","2023-03-03","12.08",,"0.61",,"60","35","  170","  150","32.0","42.1","    1",,,,
"USW00093824","ZANESVILLE MUNICIPAL AIRPORT, OH US","39.94609","-81.89315","268.6","2023-03-04","10.51",,"0.01",,"52","37","  260","  250","32.0","45.0","    1",,,,"    1"
"USW00093824","ZANESVILLE MUNICIPAL AIRPORT, OH US","39.94609","-81.89315","268.6","2023-03-05","3.80",,"0.00",,"56","31","  320","  330","14.1","18.1",,,,,
"USW00093824","ZANESVILLE MUNICIPAL AIRPORT, OH US","39.94609","-81.89315","268.6","2023-03-06","7.83",,"0.01",,"71","36","  360","   10","18.1","29.1",,,,,
"USW00093824","ZANESVILLE MUNICIPAL AIRPORT, OH US","39.94609","-81.89315","268.6","2023-03-07","10.51",,"0.00",,"48","31","   10","   10","19.9","27.1",,,,,
"USW00093824","ZANESVILLE MUNICIPAL AIRPORT, OH US","39.94609","-81.89315","268.6","2023-03-08","6.93",,"0.00",,"50","26","  330","  330","15.0","19.0",,,,,
"USW00093824","ZANESVILLE MUNICIPAL AIRPORT, OH US","39.94609","-81.89315","268.6","2023-03-09","4.92",,"0.00",,"53","27","   30","   70","12.1","15.0",,,,,
"USW00093824","ZANESVILLE MUNICIPAL AIRPORT, OH US","39.94609","-81.89315","268.6","2023-03-10","9.40",,"0.13",,"45","34","  270","  290","21.9","31.1","    1",,,,
"USW00093824","ZANESVILLE MUNICIPAL AIRPORT, OH US","39.94609","-81.89315","268.6","2023-03-11","6.04",,"0.00",,"37","29","  330","  340","16.1","21.0",,,,,
"USW00093824","ZANESVILLE MUNICIPAL AIRPORT, OH US","39.94609","-81.89315","268.6","2023-03-12","5.37",,"0.07",,"38","30","   90","  110","12.1","16.1","    1","    1",,,"    1"
"USW00093824","ZANESVILLE MUNICIPAL AIRPORT, OH US","39.94609","-81.89315","268.6","2023-03-13","6.71",,"0.00",,"37","27","  260","  260","19.9","25.1","    1",,,,"    1"
"USW00093824","ZANESVILLE MUNICIPAL AIRPORT, OH US","39.94609","-81.89315","268.6","2023-03-14","11.41",,"0.00",,"32","26","  310","  280","18.1","25.1","    1",,,,
"USW00093824","ZANESVILLE MUNICIPAL AIRPORT, OH US","39.94609","-81.89315","268.6","2023-03-15","3.13",,"0.00",,"47","23","  250","  250","13.0","17.0",,,,,
"USW00093824","ZANESVILLE MUNICIPAL AIRPORT, OH US","39.94609","-81.89315","268.6","2023-03-16","6.93",,"0.00",,"60","25","  200","  180","18.1","21.9",,,,,
"USW00093824","ZANESVILLE MUNICIPAL AIRPORT, OH US","39.94609","-81.89315","268.6","2023-03-17","12.53",,"0.30",,"58","33","  240","  270","23.0","30.0","    1",,,,
"USW00093824","ZANESVILLE MUNICIPAL AIRPORT, OH US","39.94609","-81.89315","268.6","2023-03-18","13.42",,"0.00",,"38","20","  260","  260","28.0","38.0",,,,,"    1"
"USW00093824","ZANESVILLE MUNICIPAL AIRPORT, OH US","39.94609","-81.89315","268.6","2023-03-19","9.17",,"0.00",,"35","18","  270","  260","16.1","23.9",,,,,
"USW00093824","ZANESVILLE MUNICIPAL AIRPORT, OH US","39.94609","-81.89315","268.6","2023-03-20","8.28",,"0.00",,"49","20","  200","  200","17.0","21.9",,,,,
"USW00093824","ZANESVILLE MUNICIPAL AIRPORT, OH US","39.94609","-81.89315","268.6","2023-03-21","5.37",,"0.00",,"60","22","  190","  190","18.1","23.9",,,,,
"USW00093824","ZANESVILLE MUNICIPAL AIRPORT, OH US","39.94609","-81.89315","268.6","2023-03-22","8.95",,"0.01",,"55","44","  200","  190","25.1","29.1",,,,,
"USW00093824","ZANESVILLE MUNICIPAL AIRPORT, OH US","39.94609","-81.89315","268.6","2023-03-23","8.05",,"0.94",,"70","47","  340","  350","21.0","30.0","    1",,"    1",,
"USW00093824","ZANESVILLE MUNICIPAL AIRPORT, OH US","39.94609","-81.89315","268.6","2023-03-24","7.16",,"0.65",,"47","38","   50","   10","14.1","17.0","    1",,,,"    1"
"USW00093824","ZANESVILLE MUNICIPAL AIRPORT, OH US","39.94609","-81.89315","268.6","2023-03-25","15.66",,"0.31",,"70","42","  260","  260","40.0","57.0","    1",,,,
"USW00093824","ZANESVILLE MUNICIPAL AIRPORT, OH US","39.94609","-81.89315","268.6","2023-03-26","3.13",,"0.00",,"62","29","  260","  280","13.0","17.0",,,,,
"USW00093824","ZANESVILLE MUNICIPAL AIRPORT, OH US","39.94609","-81.89315","268.6","2023-03-27","7.38",,"0.00",,"59","36","  300","   20","17.0","30.0",,,,,
"USW00093824","ZANESVILLE MUNICIPAL AIRPORT, OH US","39.94609","-81.89315","268.6","2023-03-28","5.59",,"0.00",,"52","34","  330","   10","13.0","19.9",,,,,
"USW00093824","ZANESVILLE MUNICIPAL AIRPORT, OH US","39.94609","-81.89315","268.6","2023-03-29","8.50",,"0.00",,"55","27","  320","  260","23.9","34.0",,,,,
"USW00093824","ZANESVILLE MUNICIPAL AIRPORT, OH US","39.94609","-81.89315","268.6","2023-03-30","2.91",,"0.00",,"57","23","  180","  230","10.1","17.0",,,,,
"USW00093824","ZANESVILLE MUNICIPAL AIRPORT, OH US","39.94609","-81.89315","268.6","2023-03-31","10.74",,"0.13",,"59","42","  170","  180","21.0","29.1","    1",,,,
"USW00093824","ZANESVILLE MUNICIPAL AIRPORT, OH US","39.94609","-81.89315","268.6","2023-04-01","15.66",,"0.32",,"67","38","  290","  280","36.9","51.0","    1",,"    1",,"    1"
"USW00093824","ZANESVILLE MUNICIPAL AIRPORT, OH US","39.94609","-81.89315","268.6","2023-04-02","5.82",,"0.00",,"47","36","  290","  280","14.1","19.0",,,,,
"USW00093824","ZANESVILLE MUNICIPAL AIRPORT, OH US","39.94609","-81.89315","268.6","2023-04-03","4.25",,"0.00",,"70","32","  200","  210","14.1","21.0",,,,,
"USW00093824","ZANESVILLE MUNICIPAL AIRPORT, OH US","39.94609","-81.89315","268.6","2023-04-04","4.70",,"0.00",,"74","43","  170","  160","15.0","19.9",,,,,
"USW00093824","ZANESVILLE MUNICIPAL AIRPORT, OH US","39.94609","-81.89315","268.6","2023-04-05","11.41",,"0.04",,"85","61","  290","  290","30.0","40.9",,,,,
"USW00093824","ZANESVILLE MUNICIPAL AIRPORT, OH US","39.94609","-81.89315","268.6","2023-04-06","6.49",,"0.00",,"63","39","  310","  330","18.1","23.9",,,,,
"USW00093824","ZANESVILLE MUNICIPAL AIRPORT, OH US","39.94609","-81.89315","268.6","2023-04-07","4.70",,"0.00",,"52","33","   10","  360","12.1","17.0",,,,,
"USW00093824","ZANESVILLE MUNICIPAL AIRPORT, OH US","39.94609","-81.89315","268.6","2023-04-08","5.14",,"0.00",,"57","32","   60","   60","15.0","19.0",,,,,
"USW00093824","ZANESVILLE MUNICIPAL AIRPORT, OH US","39.94609","-81.89315","268.6","2023-04-09","4.92",,"0.00",,"63","31","   60","   10","16.1","23.0",,,,,
"USW00093824","ZANESVILLE MUNICIPAL AIRPORT, OH US","39.94609","-81.89315","268.6","2023-04-10","1.79",,"0.00",,"69","31","  320","   40","8.9","13.0",,,,,
"USW00093824","ZANESVILLE MUNICIPAL AIRPORT, OH US","39.94609","-81.89315","268.6","2023-04-11","5.59",,"0.00",,"73","34","  270","  270","17.0","23.9",,,,,
"USW00093824","ZANESVILLE MUNICIPAL AIRPORT, OH US","39.94609","-81.89315","268.6","2023-04-12","5.82",,"0.00",,"77","43","  240","  270","17.0","23.9",,,,,
"USW00093824","ZANESVILLE MUNICIPAL AIRPORT, OH US","39.94609","-81.89315","268.6","2023-04-13","2.68",,"0.00",,"82","44","  140","  220","10.1","14.1",,,,,
"USW00093824","ZANESVILLE MUNICIPAL AIRPORT, OH US","39.94609","-81.89315","268.6","2023-04-14","3.80",,"0.04",,"78","45","  200","  200","17.0","23.9",,,,,
"USW00093824","ZANESVILLE MUNICIPAL AIRPORT, OH US","39.94609","-81.89315","268.6","2023-04-15","6.04",,"0.15",,"80","53","  140","  140","13.0","16.1","    1","    1","    1",,
"USW00093824","ZANESVILLE MUNICIPAL AIRPORT, OH US","39.94609","-81.89315","268.6","2023-04-16","8.95",,"0.28",,"76","48","  260","  270","23.0","32.0","    1","    1","    1",,
"USW00093824","ZANESVILLE MUNICIPAL AIRPORT, OH US","39.94609","-81.89315","268.6","2023-04-17","12.53",,"0.02",,"48","39","  260","  260","23.9","36.0",,,,,
"USW00093824","ZANESVILLE MUNICIPAL AIRPORT, OH US","39.94609","-81.89315","268.6","2023-04-18","10.29",,"0.00",,"58","36","  270","  270","23.0","32.0",,,,,
"USW00093824","ZANESVILLE MUNICIPAL AIRPORT, OH US","39.94609","-81.89315","268.6","2023-04-19","2.01",,"0.00",,"73","32","  120","  120","8.9","12.1",,,,,
"USW00093824","ZANESVILLE MUNICIPAL AIRPORT, OH US","39.94609","-81.89315","268.6","2023-04-20","6.04",,"0.00",,"85","47","  200","  190","19.9","28.0",,,,,
"USW00093824","ZANESVILLE MUNICIPAL AIRPORT, OH US","39.94609","-81.89315","268.6","2023-04-21","6.93",,"0.04",,"80","52","  260","  270","25.9","36.9","    1",,,,
"USW00093824","ZANESVILLE MUNICIPAL AIRPORT, OH US","39.94609","-81.89315","268.6","2023-04-22","10.07",,"0.90",,"61","43","  270","  290","23.0","35.1","    1",,"    1",,
"USW00093824","ZANESVILLE MUNICIPAL AIRPORT, OH US","39.94609","-81.89315","268.6","2023-04-23","6.26",,"0.00",,"47","35","  260","  250","13.0","18.1",,,,,
"USW00093824","ZANESVILLE MUNICIPAL AIRPORT, OH US","39.94609","-81.89315","268.6","2023-04-24","6.04",,"0.00",,"50","32","  270","  250","16.1","21.9",,,,,
"USW00093824","ZANESVILLE MUNICIPAL AIRPORT, OH US","39.94609","-81.89315","268.6","2023-04-25","1.34",,"0.00",,"56","27","  250","  250","15.0","19.9",,,,,
"USW00093824","ZANESVILLE MUNICIPAL AIRPORT, OH US","39.94609","-81.89315","268.6","2023-04-26","4.70",,"0.00",,"61","36","  310","  260","12.1","15.0",,,,,
"USW00093824","ZANESVILLE MUNICIPAL AIRPORT, OH US","39.94609","-81.89315","268.6","2023-04-27","4.92",,"0.00",,"68","34","   60","   90","12.1","14.1",,,,,
"USW00093824","ZANESVILLE MUNICIPAL AIRPORT, OH US","39.94609","-81.89315","268.6","2023-04-28","8.05",,"1.59",,"66","51","  260","  260","16.1","23.0","    1",,,,
"USW00093824","ZANESVILLE MUNICIPAL AIRPORT, OH US","39.94609","-81.89315","268.6","2023-04-29","7.61",,"0.00",,"63","49","  210","  200","18.1","27.1","    1",,,,
"USW00093824","ZANESVILLE MUNICIPAL AIRPORT, OH US","39.94609","-81.89315","268.6","2023-04-30","7.38",,"0.01",,"59","44","  290","  310","21.9","32.0",,,,,
"USW00093824","ZANESVILLE MUNICIPAL AIRPORT, OH US","39.94609","-81.89315","268.6","2023-05-01","11.18",,"0.51",,"48","38","  290","  250","21.9","36.0","    1",,,,
"USW00093824","ZANESVILLE MUNICIPAL AIRPORT, OH US","39.94609","-81.89315","268.6","2023-05-02","10.51",,"0.23",,"47","38","  250","  270","19.9","28.0",,,,,
"USW00093824","ZANESVILLE MUNICIPAL AIRPORT, OH US","39.94609","-81.89315","268.6","2023-05-03","8.95",,"0.26",,"51","38","  290","  280","23.0","31.1","    1",,,,
"USW00093824","ZANESVILLE MUNICIPAL AIRPORT, OH US","39.94609","-81.89315","268.6","2023-05-04","2.68",,"0.00",,"63","43","  250","  250","10.1","13.0",,,,,
"USW00093824","ZANESVILLE MUNICIPAL AIRPORT, OH US","39.94609","-81.89315","268.6","2023-05-05","2.24",,"0.00",,"70","36","  120","  100","10.1","13.0",,,,,
"USW00093824","ZANESVILLE MUNICIPAL AIRPORT, OH US","39.94609","-81.89315","268.6","2023-05-06","3.13",,"0.00",,"76","43","  110","  120","10.1","13.0",,,,,
"USW00093824","ZANESVILLE MUNICIPAL AIRPORT, OH US","39.94609","-81.89315","268.6","2023-05-07","4.70",,"0.36",,"73","52","  240","  160","12.1","15.0","    1",,"    1",,
"USW00093824","ZANESVILLE MUNICIPAL AIRPORT, OH US","39.94609","-81.89315","268.6","2023-05-08","2.46",,"0.05",,"77","61","  320","   10","12.1","14.1","    1",,,,"    1"
"USW00093824","ZANESVILLE MUNICIPAL AIRPORT, OH US","39.94609","-81.89315","268.6","2023-05-09","7.61",,"0.41",,"73","51","  320","  310","23.9","32.0","    1",,"    1",,
"USW00093824","ZANESVILLE MUNICIPAL AIRPORT, OH US","39.94609","-81.89315","268.6","2023-05-10","2.91",,"0.00",,"74","41","   60","   70","13.0","16.1",,,,,
"USW00093824","ZANESVILLE MUNICIPAL AIRPORT, OH US","39.94609","-81.89315","268.6","2023-05-11","0.89",,"0.00",,"81","45","  170","  170","8.1","12.1",,,,,
"USW00093824","ZANESVILLE MUNICIPAL AIRPORT, OH US","39.94609","-81.89315","268.6","2023-05-12","1.12",,"0.09",,"78","50","   60","  190","6.0","8.1","    1",,,,
"USW00093824","ZANESVILLE MUNICIPAL AIRPORT, OH US","39.94609","-81.89315","268.6","2023-05-13","3.80",,"0.81",,"72","61","   60","   70","14.1","19.0","    1",,,,
"USW00093824","ZANESVILLE MUNICIPAL AIRPORT, OH US","39.94609","-81.89315","268.6","2023-05-14","6.04",,"0.00",,"77","58","   30","  350","14.1","19.9",,,,,
"USW00093824","ZANESVILLE MUNICIPAL AIRPORT, OH US","39.94609","-81.89315","268.6","2023-05-15","3.58",,"0.00",,"76","53","  330","  330","8.9","12.1",,,,,
"USW00093824","ZANESVILLE MUNICIPAL AIRPORT, OH US","39.94609","-81.89315","268.6","2023-05-16","2.24",,"0.06",,"65","50","  230","  220","8.1","11.0","    1",,,,
"USW00093824","ZANESVILLE MUNICIPAL AIRPORT, OH US","39.94609","-81.89315","268.6","2023-05-17","6.49",,"0.00",,"67","45","  350","  330","14.1","19.0",,,,,
"USW00093824","ZANESVILLE MUNICIPAL AIRPORT, OH US","39.94609","-81.89315","268.6","2023-05-18","3.58",,"0.00",,"76","38","  160","  180","12.1","16.1",,,,,
"USW00093824","ZANESVILLE MUNICIPAL AIRPORT, OH US","39.94609","-81.89315","268.6","2023-05-19","8.72",,"0.00",,"77","61","  170","  190","16.1","21.9",,,,,
"USW00093824","ZANESVILLE MUNICIPAL AIRPORT, OH US","39.94609","-81.89315","268.6","2023-05-20","6.26",,"0.52",,"69","50","  320","  320","18.1","25.1","    1",,,,"    1"
"USW00093824","ZANESVILLE MUNICIPAL AIRPORT, OH US","39.94609","-81.89315","268.6","2023-05-21","2.01",,"0.00",,"75","42","  330","  280","12.1","16.1","    1",,,,
"USW00093824","ZANESVILLE MUNICIPAL AIRPORT, OH US","39.94609","-81.89315","268.6","2023-05-22","1.57",,"0.00",,"77","49","  100","   60","10.1","14.1",,,,,
"USW00093824","ZANESVILLE MUNICIPAL AIRPORT, OH US","39.94609","-81.89315","268.6","2023-05-23","3.13",,"0.00",,"79","52","  120","  120","14.1","17.0",,,,,
"USW00093824","ZANESVILLE MUNICIPAL AIRPORT, OH US","39.94609","-81.89315","268.6","2023-05-24","4.47",,"0.00",,"80","51","   10","   20","15.0","21.9",,,,,
"USW00093824","ZANESVILLE MUNICIPAL AIRPORT, OH US","39.94609","-81.89315","268.6","2023-05-25","8.05",,"0.00",,"69","47","   60","   50","17.0","23.0",,,,,
"USW00093824","ZANESVILLE MUNICIPAL AIRPORT, OH US","39.94609","-81.89315","268.6","2023-05-26","6.04",,"0.00",,"75","45","   40","   60","15.0","21.9",,,,,
"USW00093824","ZANESVILLE MUNICIPAL AIRPORT, OH US","39.94609","-81.89315","268.6","2023-05-27","4.47",,"0.00",,"77","45","   60","   90","15.0","21.0",,,,,
"USW00093824","ZANESVILLE MUNICIPAL AIRPORT, OH US","39.94609","-81.89315","268.6","2023-05-28","3.80",,"0.00",,"78","51","   50","   40","15.0","21.0",,,,,
"USW00093824","ZANESVILLE MUNICIPAL AIRPORT, OH US","39.94609","-81.89315","268.6","2023-05-29","3.58",,"0.00",,"85","57","   80","   70","14.1","17.0",,,,,
"USW00093824","ZANESVILLE MUNICIPAL AIRPORT, OH US","39.94609","-81.89315","268.6","2023-05-30","4.25",,"0.00",,"84","57","   90","  120","13.0","17.0",,,,,
"USW00093824","ZANESVILLE MUNICIPAL AIRPORT, OH US","39.94609","-81.89315","268.6","2023-05-31","3.36",,"0.00",,"84","59","  120","  190","10.1","14.1",,,,,
"USW00093824","ZANESVILLE MUNICIPAL AIRPORT, OH US","39.94609","-81.89315","268.6","2023-06-01","3.36",,"0.00",,"86","52","   80","   50","13.0","17.0",,,,,
"USW00093824","ZANESVILLE MUNICIPAL AIRPORT, OH US","39.94609","-81.89315","268.6","2023-06-02","2.91",,"0.00",,"91","53","  360","  360","14.1","18.1",,,,,
"USW00093824","ZANESVILLE MUNICIPAL AIRPORT, OH US","39.94609","-81.89315","268.6","2023-06-03","5.37",,"0.00",,"91","61","   50","   60","15.0","19.9",,,"    1",,
"USW00093824","ZANESVILLE MUNICIPAL AIRPORT, OH US","39.94609","-81.89315","268.6","2023-06-04","6.71",,"0.00",,"84","58","   60","   70","15.0","21.0",,,,,
"USW00093824","ZANESVILLE MUNICIPAL AIRPORT, OH US","39.94609","-81.89315","268.6","2023-06-05","3.13",,"0.00",,"73","51","   50","   10","10.1","15.0",,,,,
"USW00093824","ZANESVILLE MUNICIPAL AIRPORT, OH US","39.94609","-81.89315","268.6","2023-06-06","3.36",,"0.00",,"78","48","  330","  340","6.9","14.1","    1",,,,
"USW00093824","ZANESVILLE MUNICIPAL AIRPORT, OH US","39.94609","-81.89315","268.6","2023-06-07","5.37",,"0.00",,"73","48","  320","  320","14.1","18.1",,,,,"    1"
"USW00093824","ZANESVILLE MUNICIPAL AIRPORT, OH US","39.94609","-81.89315","268.6","2023-06-08","3.58",,"0.00",,"73","43","   30","  320","14.1","19.0",,,,,
"USW00093824","ZANESVILLE MUNICIPAL AIRPORT, OH US","39.94609","-81.89315","268.6","2023-06-09","3.80",,"0.00",,"76","51","  330","  320","15.0","19.0",,,,,"    1"
"USW00093824","ZANESVILLE MUNICIPAL AIRPORT, OH US","39.94609","-81.89315","268.6","2023-06-10","3.13",,"0.00",,"83","47","  260","  240","14.1","18.1",,,,,
"USW00093824","ZANESVILLE MUNICIPAL AIRPORT, OH US","39.94609","-81.89315","268.6","2023-06-11","5.14",,"0.84",,"78","53","  210","  190","16.1","21.9","    1",,,,
"USW00093824","ZANESVILLE MUNICIPAL AIRPORT, OH US","39.94609","-81.89315","268.6","2023-06-12","8.50",,"0.09",,"69","54","  290","  310","17.0","23.9","    1",,,,
"USW00093824","ZANESVILLE MUNICIPAL AIRPORT, OH US","39.94609","-81.89315","268.6","2023-06-13","7.83",,"1.20",,"69","48","  210","  210","17.0","27.1","    1",,,,
"USW00093824","ZANESVILLE MUNICIPAL AIRPORT, OH US","39.94609","-81.89315","268.6","2023-06-14","7.16",,"0.54",,"73","54","  200","  210","19.9","25.9","    1",,,,
"USW00093824","ZANESVILLE MUNICIPAL AIRPORT, OH US","39.94609","-81.89315","268.6","2023-06-15","3.36",,"0.26",,"76","49","   20","   10","16.1","23.0","    1",,"    1",,
"USW00093824","ZANESVILLE MUNICIPAL AIRPORT, OH US","39.94609","-81.89315","268.6","2023-06-16","8.28",,"0.75",,"74","56","  330","  330","18.1","25.1","    1",,"    1",,"    1"
"USW00093824","ZANESVILLE MUNICIPAL AIRPORT, OH US","39.94609","-81.89315","268.6","2023-06-17","2.91",,"0.00",,"77","51","  290","  330","13.0","16.1","    1",,,,"    1"
"USW00093824","ZANESVILLE MUNICIPAL AIRPORT, OH US","39.94609","-81.89315","268.6","2023-06-18","2.01",,"0.00",,"81","54","  130","  130","10.1","13.0","    1",,,,
"USW00093824","ZANESVILLE MUNICIPAL AIRPORT, OH US","39.94609","-81.89315","268.6","2023-06-19","3.80",,"0.05",,"78","59","  150","  150","25.9","31.1",,,,,
"USW00093824","ZANESVILLE MUNICIPAL AIRPORT, OH US","39.94609","-81.89315","268.6","2023-06-20","7.16",,"0.07",,"76","65","  110","  100","17.0","23.0","    1",,,,
"USW00093824","ZANESVILLE MUNICIPAL AIRPORT, OH US","39.94609","-81.89315","268.6","2023-06-21","9.40",,"0.00",,"82","64","   90","   90","18.1","25.1",,,,,
"USW00093824","ZANESVILLE MUNICIPAL AIRPORT, OH US","39.94609","-81.89315","268.6","2023-06-22","8.05",,"0.45",,"73","60","   80","  100","16.1","25.9","    1",,,,
"USW00093824","ZANESVILLE MUNICIPAL AIRPORT, OH US","39.94609","-81.89315","268.6","2023-06-23","3.58",,"0.36",,"76","62","  310","  310","8.9","12.1","    1",,,,
"USW00093824","ZANESVILLE MUNICIPAL AIRPORT, OH US","39.94609","-81.89315","268.6","2023-06-24","2.91",,"0.00",,"82","66","  300","  260","10.1","17.0","    1",,,,
"USW00093824","ZANESVILLE MUNICIPAL AIRPORT, OH US","39.94609","-81.89315","268.6","2023-06-25","6.04",,"0.00",,"85","63","  190","  200","19.9","23.9","    1","    1",,,
"USW00093824","ZANESVILLE MUNICIPAL AIRPORT, OH US","39.94609","-81.89315","268.6","2023-06-26","7.83",,"0.04",,"81","65","  240","  250","21.0","30.0","    1",,"    1",,
"USW00093824","ZANESVILLE MUNICIPAL AIRPORT, OH US","39.94609","-81.89315","268.6","2023-06-27","5.82",,"0.22",,"71","63","  290","  290","14.1","19.0","    1",,,,"    1"
"USW00093824","ZANESVILLE MUNICIPAL AIRPORT, OH US","39.94609","-81.89315","268.6","2023-06-28","2.68",,"0.00",,"78","59","  300","  310","10.1","14.1","    1",,,,"    1"
"USW00093824","ZANESVILLE MUNICIPAL AIRPORT, OH US","39.94609","-81.89315","268.6","2023-06-29","4.70",,"0.00",,"83","59","  150","  160","12.1","14.1","    1","    1",,,"    1"
"USW00093824","ZANESVILLE MUNICIPAL AIRPORT, OH US","39.94609","-81.89315","268.6","2023-06-30","5.82",,"0.00",,"84","70","  190","  190","14.1","18.1",,,,,"    1"
"USW00093824","ZANESVILLE MUNICIPAL AIRPORT, OH US","39.94609","-81.89315","268.6","2023-07-01","5.82",,"0.02",,"82","71","  260","  250","17.0","25.1","    1",,,,
"USW00093824","ZANESVILLE MUNICIPAL AIRPORT, OH US","39.94609","-81.89315","268.6","2023-07-02","6.71",,"2.05",,"84","68","  170","  170","21.9","32.0","    1",,"    1",,"    1"
"USW00093824","ZANESVILLE MUNICIPAL AIRPORT, OH US","39.94609","-81.89315","268.6","2023-07-03","4.25",,"0.10",,"82","66","  230","  260","8.9","14.1","    1",,,,
"USW00093824","ZANESVILLE MUNICIPAL AIRPORT, OH US","39.94609","-81.89315","268.6","2023-07-04","3.13",,"0.00",,"87","66","  310","  320","12.1","16.1","    1","    1",,,
"USW00093824","ZANESVILLE MUNICIPAL AIRPORT, OH US","39.94609","-81.89315","268.6","2023-07-05","1.79",,"0.00",,"90","66","  130","  120","10.1","16.1","    1",,,,
"USW00093824","ZANESVILLE MUNICIPAL AIRPORT, OH US","39.94609","-81.89315","268.6","2023-07-06","4.03",,"0.10",,"87","68","  260","  260","15.0","19.9",,,"    1",,
"USW00093824","ZANESVILLE MUNICIPAL AIRPORT, OH US","39.94609","-81.89315","268.6","2023-07-07","3.36",,"0.00",,"85","68","  320","  320","12.1","14.1",,"    1",,,
"USW00093824","ZANESVILLE MUNICIPAL AIRPORT, OH US","39.94609","-81.89315","268.6","2023-07-08","4.25",,"0.00",,"82","64","  180","  190","8.9","17.0",,,,,
"USW00093824","ZANESVILLE MUNICIPAL AIRPORT, OH US","39.94609","-81.89315","268.6","2023-07-09","3.80",,"0.36",,"81","64","  310","  340","16.1","19.9","    1",,,,
"USW00093824","ZANESVILLE MUNICIPAL AIRPORT, OH US","39.94609","-81.89315","268.6","2023-07-10","1.79",,"0.00",,"83","58","  310","  310","8.9","14.1","    1",,,,
"USW00093824","ZANESVILLE MUNICIPAL AIRPORT, OH US","39.94609","-81.89315","268.6","2023-07-11","4.47",,"0.00",,"85","60","  260","  260","14.1","19.0",,,,,
"USW00093824","ZANESVILLE MUNICIPAL AIRPORT, OH US","39.94609","-81.89315","268.6","2023-07-12","5.14",,"0.00",,"86","64","  210","  200","14.1","18.1",,,,,
"USW00093824","ZANESVILLE MUNICIPAL AIRPORT, OH US","39.94609","-81.89315","268.6","2023-07-13","7.16",,"0.00",,"89","70","  210","  210","28.0","38.9",,,,,
"USW00093824","ZANESVILLE MUNICIPAL AIRPORT, OH US","39.94609","-81.89315","268.6","2023-07-14","2.91",,"0.00",,"87","69","  290","  270","12.1","16.1","    1",,,,
"USW00093824","ZANESVILLE MUNICIPAL AIRPORT, OH US","39.94609","-81.89315","268.6","2023-07-15","3.13",,"0.05",,"83","64","  110","  110","12.1","14.1","    1",,,,
"USW00093824","ZANESVILLE MUNICIPAL AIRPORT, OH US","39.94609","-81.89315","268.6","2023-07-16","5.14",,"0.01",,"84","69","  260","  260","14.1","21.9","    1",,,,"    1"
"USW00093824","ZANESVILLE MUNICIPAL AIRPORT, OH US","39.94609","-81.89315","268.6","2023-07-17","6.49",,"0.14",,"83","65","  190","  290","13.0","17.0","    1",,"    1",,"    1"
"USW00093824","ZANESVILLE MUNICIPAL AIRPORT, OH US","39.94609","-81.89315","268.6","2023-07-18","4.25",,"0.00",,"82","62","  190","  200","10.1","13.0","    1",,,,
"USW00093824","ZANESVILLE MUNICIPAL AIRPORT, OH US","39.94609","-81.89315","268.6","2023-07-19","2.01",,"0.00",,"84","68","  310","  220","8.1","10.1","    1",,,,
"USW00093824","ZANESVILLE MUNICIPAL AIRPORT, OH US","39.94609","-81.89315","268.6","2023-07-20","4.92",,"0.21",,"87","65","  330","  320","25.1","34.0","    1","    1","    1",,
"USW00093824","ZANESVILLE MUNICIPAL AIRPORT, OH US","39.94609","-81.89315","268.6","2023-07-21","4.03",,"0.00",,"79","62","  310","  320","14.1","17.0","    1","    1",,,
"USW00093824","ZANESVILLE MUNICIPAL AIRPORT, OH US","39.94609","-81.89315","268.6","2023-07-22","2.01",,"0.00",,"82","56","  340","  340","12.1","14.1","    1",,,,
"USW00093824","ZANESVILLE MUNICIPAL AIRPORT, OH US","39.94609","-81.89315","268.6","2023-07-23","2.91",,"0.00",,"85","58","  170","  200","12.1","18.1",,,,,
"USW00093824","ZANESVILLE MUNICIPAL AIRPORT, OH US","39.94609","-81.89315","268.6","2023-07-24","4.25",,"0.37",,"86","60","  300","  320","19.9","27.1","    1",,"    1",,
"USW00093824","ZANESVILLE MUNICIPAL AIRPORT, OH US","39.94609","-81.89315","268.6","2023-07-25","2.24",,"0.00",,"83","61","  210","  210","8.9","12.1","    1",,,,
"USW00093824","ZANESVILLE MUNICIPAL AIRPORT, OH US","39.94609","-81.89315","268.6","2023-07-26","7.83",,"0.00",,"91","63","  200","  200","19.9","23.9","    1",,,,
"USW00093824","ZANESVILLE MUNICIPAL AIRPORT, OH US","39.94609","-81.89315","268.6","2023-07-27","6.26",,"0.10",,"88","75","  260","  260","17.0","25.1","    1",,"    1",,
"USW00093824","ZANESVILLE MUNICIPAL AIRPORT, OH US","39.94609","-81.89315","268.6","2023-07-28","5.59",,"0.00",,"88","71","  200","  210","15.0","21.0","    1",,"    1",,
"USW00093824","ZANESVILLE MUNICIPAL AIRPORT, OH US","39.94609","-81.89315","268.6","2023-07-29","6.71",,"0.27",,"84","68","  350","  310","19.9","29.1","    1",,"    1",,
"USW00093824","ZANESVILLE MUNICIPAL AIRPORT, OH US","39.94609","-81.89315","268.6","2023-07-30","2.01",,"0.23",,"84","61","   40","   30","13.0","16.1","    1","    1","    1",,
"USW00093824","ZANESVILLE MUNICIPAL AIRPORT, OH US","39.94609","-81.89315","268.6","2023-07-31","3.36",,"0.00",,"80","61","   50","   20","12.1","15.0","    1",,,,
"USW00093824","ZANESVILLE MUNICIPAL AIRPORT, OH US","39.94609","-81.89315","268.6","2023-08-01","1.12",,"0.00",,"80","54","   40","  320","6.9","8.9",,,,,
"USW00093824","ZANESVILLE MUNICIPAL AIRPORT, OH US","39.94609","-81.89315","268.6","2023-08-02","2.24",,"0.00",,"81","58","  110","  170","8.1","11.0","    1",,,,
"USW00093824","ZANESVILLE MUNICIPAL AIRPORT, OH US","39.94609","-81.89315","268.6","2023-08-03","2.46",,"0.00",,"85","61","  180","  180","10.1","13.0",,,,,
"USW00093824","ZANESVILLE MUNICIPAL AIRPORT, OH US","39.94609","-81.89315","268.6","2023-08-04","2.24",,"0.00",,"88","60","  210","  210","12.1","14.1",,,,,
"USW00093824","ZANESVILLE MUNICIPAL AIRPORT, OH US","39.94609","-81.89315","268.6","2023-08-05","2.46",,"0.00",,"84","62","   20","   80","8.1","10.1",,,,,
"USW00093824","ZANESVILLE MUNICIPAL AIRPORT, OH US","39.94609","-81.89315","268.6","2023-08-06","6.49",,"1.00",,"85","65","  270","  270","18.1","23.9",,,,,
"USW00093824","ZANESVILLE MUNICIPAL AIRPORT, OH US","39.94609","-81.89315","268.6","2023-08-07","6.93",,"0.46",,"81","64","  280","  290","19.9","23.9",,,,,
"USW00093824","ZANESVILLE MUNICIPAL AIRPORT, OH US","39.94609","-81.89315","268.6","2023-08-08","5.14",,"0.00",,"81","62","  260","  260","15.0","19.9",,,,,
"USW00093824","ZANESVILLE MUNICIPAL AIRPORT, OH US","39.94609","-81.89315","268.6","2023-08-09","4.70",,"0.00",,"83","62","  270","  270","12.1","17.0",,,"    1",,
"USW00093824","ZANESVILLE MUNICIPAL AIRPORT, OH US","39.94609","-81.89315","268.6","2023-08-10","5.14",,"1.33",,"81","66","  250","  310","14.1","19.0","    1",,"    1",,
"USW00093824","ZANESVILLE MUNICIPAL AIRPORT, OH US","39.94609","-81.89315","268.6","2023-08-11","4.25",,"0.00",,"84","62","  260","  250","12.1","19.9",,,,,
"USW00093824","ZANESVILLE MUNICIPAL AIRPORT, OH US","39.94609","-81.89315","268.6","2023-08-12","7.16",,"0.00",,"86","69","  200","  200","19.9","28.0",,,"    1",,
"USW00093824","ZANESVILLE MUNICIPAL AIRPORT, OH US","39.94609","-81.89315","268.6","2023-08-13","3.58",,"0.00",,"85","63","  260","  260","12.1","16.1",,,,,
"USW00093824","ZANESVILLE MUNICIPAL AIRPORT, OH US","39.94609","-81.89315","268.6","2023-08-14","3.58",,"0.80",,"75","68","   70","   50","14.1","18.1","    1",,,,
"USW00093824","ZANESVILLE MUNICIPAL AIRPORT, OH US","39.94609","-81.89315","268.6","2023-08-15","7.38",,"0.00",,"77","65","  250","  250","18.1","27.1","    1",,,,
"USW00093824","ZANESVILLE MUNICIPAL AIRPORT, OH US","39.94609","-81.89315","268.6","2023-08-16","3.58",,"0.00",,"77","64","  340","  360","10.1","12.1","    1",,,,
"USW00093824","ZANESVILLE MUNICIPAL AIRPORT, OH US","39.94609","-81.89315","268.6","2023-08-17","5.37",,"0.40",,"80","58","  200","  220","17.0","23.9","    1","    1","    1",,
"USW00093824","ZANESVILLE MUNICIPAL AIRPORT, OH US","39.94609","-81.89315","268.6","2023-08-18","6.71",,"0.00",,"74","56","  280","  290","14.1","19.9","    1",,,,
"USW00093824","ZANESVILLE MUNICIPAL AIRPORT, OH US","39.94609","-81.89315","268.6","2023-08-19","0.89",,"0.00",,"78","51","  220","  230","8.1","11.0","    1","    1",,,
"USW00093824","ZANESVILLE MUNICIPAL AIRPORT, OH US","39.94609","-81.89315","268.6","2023-08-20","2.46",,"0.00",,"85","58","  200","  190","8.9","14.1",,,,,
"USW00093824","ZANESVILLE MUNICIPAL AIRPORT, OH US","39.94609","-81.89315","268.6","2023-08-21","2.01",,"0.00",,"89","68","   10","  360","8.9","13.0",,,,,
"USW00093824","ZANESVILLE MUNICIPAL AIRPORT, OH US","39.94609","-81.89315","268.6","2023-08-22","4.25",,"0.00",,"81","65","  340","  330","12.1","15.0","    1",,,,
"USW00093824","ZANESVILLE MUNICIPAL AIRPORT, OH US","39.94609","-81.89315","268.6","2023-08-23","5.59",,"0.11",,"84","61","   50","   60","21.9","27.1",,,"    1",,
"USW00093824","ZANESVILLE MUNICIPAL AIRPORT, OH US","39.94609","-81.89315","268.6","2023-08-24","6.71",,"1.10",,"82","68","  190","  340","21.0","25.9","    1",,"    1",,
"USW00093824","ZANESVILLE MUNICIPAL AIRPORT, OH US","39.94609","-81.89315","268.6","2023-08-25","5.59",,"0.77",,"86","69","  330","   30","16.1","21.0","    1",,"    1",,
"USW00093824","ZANESVILLE MUNICIPAL AIRPORT, OH US","39.94609","-81.89315","268.6","2023-08-26","3.13",,"0.00",,"81","66","  330","  330","10.1","16.1","    1",,,,
"USW00093824","ZANESVILLE MUNICIPAL AIRPORT, OH US","39.94609","-81.89315","268.6","2023-08-27","5.37",,"0.00",,"79","62","   60","   60","12.1","15.0",,,,,
"USW00093824","ZANESVILLE MUNICIPAL AIRPORT, OH US","39.94609","-81.89315","268.6","2023-08-28","4.47",,"0.00",,"80","56","  330","  350","10.1","13.0",,,,,
"USW00093824","ZANESVILLE MUNICIPAL AIRPORT, OH US","39.94609","-81.89315","268.6","2023-08-29","2.46",,"0.00",,"81","55","  280","  220","10.1","14.1",,,,,
"USW00093824","ZANESVILLE MUNICIPAL AIRPORT, OH US","39.94609","-81.89315","268.6","2023-08-30","6.04",,"0.00",,"72","58","  360","  360","14.1","19.0","    1",,,,"    1"
"USW00093824","ZANESVILLE MUNICIPAL AIRPORT, OH US","39.94609","-81.89315","268.6","2023-08-31","5.14",,"0.00",,"76","56","   30","   30","13.0","18.1","    1",,,,
"USW00093824","ZANESVILLE MUNICIPAL AIRPORT, OH US","39.94609","-81.89315","268.6","2023-09-01","3.13",,"0.00",,"81","53","  130","   90","8.9","12.1",,,,,
"USW00093824","ZANESVILLE MUNICIPAL AIRPORT, OH US","39.94609","-81.89315","268.6","2023-09-02","3.36",,"0.00",,"86","56","  260","  270","12.1","16.1","    1",,,,
"USW00093824","ZANESVILLE MUNICIPAL AIRPORT, OH US","39.94609","-81.89315","268.6","2023-09-03","4.70",,"0.00",,"87","66","  240","  260","14.1","18.1",,,,,
"USW00093824","ZANESVILLE MUNICIPAL AIRPORT, OH US","39.94609","-81.89315","268.6","2023-09-04","1.79",,"0.00",,"88","63","  280","  270","12.1","17.0","    1",,,,
"USW00093824","ZANESVILLE MUNICIPAL AIRPORT, OH US","39.94609","-81.89315","268.6","2023-09-05","2.24",,"0.00",,"90","65","  210","  230","8.1","12.1","    1",,,,
"USW00093824","ZANESVILLE MUNICIPAL AIRPORT, OH US","39.94609","-81.89315","268.6","2023-09-06","4.92",,"0.00",,"89","67","  190","  220","16.1","21.0",,,"    1",,
"USW00093824","ZANESVILLE MUNICIPAL AIRPORT, OH US","39.94609","-81.89315","268.6","2023-09-07","4.92",,"0.02",,"80","66","  270","  250","16.1","23.0","    1",,,,
"USW00093824","ZANESVILLE MUNICIPAL AIRPORT, OH US","39.94609","-81.89315","268.6","2023-09-08","3.58",,"0.00",,"77","65","  340","   10","12.1","16.1","    1",,,,
"USW00093824","ZANESVILLE MUNICIPAL AIRPORT, OH US","39.94609","-81.89315","268.6","2023-09-09","6.26",,"0.00",,"75","62","   30","   20","12.1","15.0",,,,,
"USW00093824","ZANESVILLE MUNICIPAL AIRPORT, OH US","39.94609","-81.89315","268.6","2023-09-10","4.70",,"0.00",,"79","60","  330","   20","10.1","13.0",,,,,
"USW00093824","ZANESVILLE MUNICIPAL AIRPORT, OH US","39.94609","-81.89315","268.6","2023-09-11","1.34",,"0.00",,"80","56","  270","  230","8.1","11.0","    1","    1",,,
"USW00093824","ZANESVILLE MUNICIPAL AIRPORT, OH US","39.94609","-81.89315","268.6","2023-09-12","1.57",,"0.18",,"72","58","  350","  350","10.1","14.1","    1",,,,
"USW00093824","ZANESVILLE MUNICIPAL AIRPORT, OH US","39.94609","-81.89315","268.6","2023-09-13","2.68",,"0.00",,"74","54","  320","  330","15.0","18.1","    1","    1",,,
"USW00093824","ZANESVILLE MUNICIPAL AIRPORT, OH US","39.94609","-81.89315","268.6","2023-09-14","2.91",,"0.00",,"73","48","   50","   40","12.1","14.1","    1",,,,
"USW00093824","ZANESVILLE MUNICIPAL AIRPORT, OH US","39.94609","-81.89315","268.6","2023-09-15","3.13",,"0.00",,"74","47","   60","  110","12.1","18.1",,,,,
"USW00093824","ZANESVILLE MUNICIPAL AIRPORT, OH US","39.94609","-81.89315","268.6","2023-09-16","1.12",,"0.00",,"76","44","  280","  180","6.9","10.1","    1",,,,
"USW00093824","ZANESVILLE MUNICIPAL AIRPORT, OH US","39.94609","-81.89315","268.6","2023-09-17","1.79",,"0.17",,"73","55","  310","  330","8.1","12.1","    1",,,,
"USW00093824","ZANESVILLE MUNICIPAL AIRPORT, OH US","39.94609","-81.89315","268.6","2023-09-18","3.36",,"0.00",,"74","51","  320","  310","15.0","21.0","    1",,,,
"USW00093824","ZANESVILLE MUNICIPAL AIRPORT, OH US","39.94609","-81.89315","268.6","2023-09-19","1.57",,"0.00",,"73","45","  290","  320","10.1","14.1","    1",,,,
"USW00093824","ZANESVILLE MUNICIPAL AIRPORT, OH US","39.94609","-81.89315","268.6","2023-09-20","1.34",,"0.00",,"79","53","  120","  130","8.9","13.0",,,,,
"USW00093824","ZANESVILLE MUNICIPAL AIRPORT, OH US","39.94609","-81.89315","268.6","2023-09-21","3.80",,"0.00",,"82","51","  100","   90","13.0","18.1","    1",,,,
"USW00093824","ZANESVILLE MUNICIPAL AIRPORT, OH US","39.94609","-81.89315","268.6","2023-09-22","4.92",,"0.00",,"79","53","   70","   60","16.1","23.0",,,,,
"USW00093824","ZANESVILLE MUNICIPAL AIRPORT, OH US","39.94609","-81.89315","268.6","2023-09-23","6.04",,"0.00",,"74","49","   40","   40","17.0","25.9",,,,,
"USW00093824","ZANESVILLE MUNICIPAL AIRPORT, OH US","39.94609","-81.89315","268.6","2023-09-24","3.58",,"0.00",,"67","60","   50","   60","13.0","18.1",,,,,
"USW00093824","ZANESVILLE MUNICIPAL AIRPORT, OH US","39.94609","-81.89315","268.6","2023-09-25","0.67",,"0.00",,"68","59","  180","  340","4.9","6.0","    1","    1",,,
"USW00093824","ZANESVILLE MUNICIPAL AIRPORT, OH US","39.94609","-81.89315","268.6","2023-09-26","4.70",,"0.04",,"69","63","   80","   90","10.1","13.0","    1",,,,
"USW00093824","ZANESVILLE MUNICIPAL AIRPORT, OH US","39.94609","-81.89315","268.6","2023-09-27","6.71",,"0.00",,"72","59","  130","  140","13.0","18.1",,,,,
"USW00093824","ZANESVILLE MUNICIPAL AIRPORT, OH US","39.94609","-81.89315","268.6","2023-09-28","5.82",,"0.28",,"71","60","  160","  160","12.1","16.1","    1",,,,
"USW00093824","ZANESVILLE MUNICIPAL AIRPORT, OH US","39.94609","-81.89315","268.6","2023-09-29","1.12",,"0.00",,"72","57","   50","   60","6.0","10.1","    1","    1",,,
"USW00093824","ZANESVILLE MUNICIPAL AIRPORT, OH US","39.94609","-81.89315","268.6","2023-09-30","1.57",,"0.00",,"80","56","   50","  360","8.9","14.1","    1","    1",,,
"USW00093824","ZANESVILLE MUNICIPAL AIRPORT, OH US","39.94609","-81.89315","268.6","2023-10-01","1.34",,"0.00",,"82","53","   60","   50","8.9","13.0","    1","    1",,,
"USW00093824","ZANESVILLE MUNICIPAL AIRPORT, OH US","39.94609","-81.89315","268.6","2023-10-02","0.45",,"0.00",,"85","53","   80","   60","8.1","12.1","    1",,,,
"USW00093824","ZANESVILLE MUNICIPAL AIRPORT, OH US","39.94609","-81.89315","268.6","2023-10-03","0.67",,"0.00",,"86","56","  140","  120","8.9","13.0","    1",,,,
"USW00093824","ZANESVILLE MUNICIPAL AIRPORT, OH US","39.94609","-81.89315","268.6","2023-10-04","1.79",,"0.00",,"85","54","  170","  170","10.1","15.0","    1",,,,
"USW00093824","ZANESVILLE MUNICIPAL AIRPORT, OH US","39.94609","-81.89315","268.6","2023-10-05","4.25",,"0.03",,"81","59","  160","  160","14.1","19.9","    1",,,,"    1"
"USW00093824","ZANESVILLE MUNICIPAL AIRPORT, OH US","39.94609","-81.89315","268.6","2023-10-06","5.59",,"0.36",,"74","54","  310","  320","17.0","27.1","    1",,,,
"USW00093824","ZANESVILLE MUNICIPAL AIRPORT, OH US","39.94609","-81.89315","268.6","2023-10-07","6.93",,"0.05",,"56","42","  300","  280","16.1","27.1",,,,,
"USW00093824","ZANESVILLE MUNICIPAL AIRPORT, OH US","39.94609","-81.89315","268.6","2023-10-08","7.83",,"0.00",,"56","40","  260","  260","17.0","25.9",,,,,
"USW00093824","ZANESVILLE MUNICIPAL AIRPORT, OH US","39.94609","-81.89315","268.6","2023-10-09",,,"0.00",,"61","46",,,,,,,,,
"USW00093824","ZANESVILLE MUNICIPAL AIRPORT, OH US","39.94609","-81.89315","268.6","2023-10-10","6.26",,"0.00",,"64","41","  240","  240","16.1","25.9",,,,,
"USW00093824","ZANESVILLE MUNICIPAL AIRPORT, OH US","39.94609","-81.89315","268.6","2023-10-11","2.91",,"0.00",,"67","35","  260","  290","14.1","21.9",,,,,
"USW00093824","ZANESVILLE MUNICIPAL AIRPORT, OH US","39.94609","-81.89315","268.6","2023-10-12","3.13",,"0.00",,"76","45","   30","   20","8.9","14.1",,,,,
"USW00093824","ZANESVILLE MUNICIPAL AIRPORT, OH US","39.94609","-81.89315","268.6","2023-10-13","6.49",,"0.00",,"72","47","   60","   60","14.1","21.0",,,,,
"USW00093824","ZANESVILLE MUNICIPAL AIRPORT, OH US","39.94609","-81.89315","268.6","2023-10-14","5.59",,"0.42",,"67","48","  290","  250","17.0","23.9","    1",,,,
"USW00093824","ZANESVILLE MUNICIPAL AIRPORT, OH US","39.94609","-81.89315","268.6","2023-10-15","7.38",,"0.04",,"57","45","  340","  340","16.1","25.1",,,,,
"USW00093824","ZANESVILLE MUNICIPAL AIRPORT, OH US","39.94609","-81.89315","268.6","2023-10-16","6.26",,"0.00",,"58","45","  320","  340","13.0","19.9","    1",,,,
"USW00093824","ZANESVILLE MUNICIPAL AIRPORT, OH US","39.94609","-81.89315","268.6","2023-10-17","4.03",,"0.00",,"55","48","  330","  310","12.1","16.1",,,,,
"USW00093824","ZANESVILLE MUNICIPAL AIRPORT, OH US","39.94609","-81.89315","268.6","2023-10-18","3.13",,"0.00",,"62","44","  190","  200","14.1","21.9",,,,,
"USW00093824","ZANESVILLE MUNICIPAL AIRPORT, OH US","39.94609","-81.89315","268.6","2023-10-19","7.83",,"0.18",,"68","43","  210","  170","18.1","25.9","    1",,,,
"USW00093824","ZANESVILLE MUNICIPAL AIRPORT, OH US","39.94609","-81.89315","268.6","2023-10-20","6.93",,"0.50",,"60","53","  180","  310","15.0","21.9","    1",,,,
"USW00093824","ZANESVILLE MUNICIPAL AIRPORT, OH US","39.94609","-81.89315","268.6","2023-10-21","7.16",,"0.08",,"59","47","  260","  250","17.0","25.9","    1",,,,
"USW00093824","ZANESVILLE MUNICIPAL AIRPORT, OH US","39.94609","-81.89315","268.6","2023-10-22","6.26",,"0.00",,"57","36","  300","  310","15.0","21.9",,,,,
"USW00093824","ZANESVILLE MUNICIPAL AIRPORT, OH US","39.94609","-81.89315","268.6","2023-10-23","1.57",,"0.00",,"64","29","  120","  200","8.1","11.0","    1",,,,
"USW00093824","ZANESVILLE MUNICIPAL AIRPORT, OH US","39.94609","-81.89315","268.6","2023-10-24","4.03",,"0.00",,"78","36","  180","  210","13.0","18.1",,,,,
"USW00093824","ZANESVILLE MUNICIPAL AIRPORT, OH US","39.94609","-81.89315","268.6","2023-10-25","4.25",,"0.00",,"72","55","  200","  200","14.1","21.9",,,,,
"USW00093824","ZANESVILLE MUNICIPAL AIRPORT, OH US","39.94609","-81.89315","268.6","2023-10-26","4.70",,"0.00",,"76","49","  200","  200","16.1","23.9",,,,,
"USW00093824","ZANESVILLE MUNICIPAL AIRPORT, OH US","39.94609","-81.89315","268.6","2023-10-27","6.49",,"0.01",,"68","62","  190","  220","13.0","19.9",,,,,
"USW00093824","ZANESVILLE MUNICIPAL AIRPORT, OH US","39.94609","-81.89315","268.6","2023-10-28","5.37",,"0.07",,"67","56","  340","  340","18.1","18.1",,,,,
"USW00093824","ZANESVILLE MUNICIPAL AIRPORT, OH US","39.94609","-81.89315","268.6","2023-10-29","3.58",,"0.44",,"57","53","  290","  280","18.1","25.9",,,,,
"USW00093824","ZANESVILLE MUNICIPAL AIRPORT, OH US","39.94609","-81.89315","268.6","2023-10-30","6.93",,"0.36",,"56","43","  330","  330","14.1","23.9",,,,,
"USW00093824","ZANESVILLE MUNICIPAL AIRPORT, OH US","39.94609","-81.89315","268.6","2023-10-31","5.14",,"0.00",,"47","28","  290","  300","19.9","30.0",,,,,
"USW00093824","ZANESVILLE MUNICIPAL AIRPORT, OH US","39.94609","-81.89315","268.6","2023-11-01","5.82",,"0.00",,"44","26","  320","  320","17.0","23.9",,,,,
"USW00093824","ZANESVILLE MUNICIPAL AIRPORT, OH US","39.94609","-81.89315","268.6","2023-11-02","5.14",,"0.00",,"51","23","  190","  190","16.1","23.0",,,,,
"USW00093824","ZANESVILLE MUNICIPAL AIRPORT, OH US","39.94609","-81.89315","268.6","2023-11-03","6.71",,"0.00",,"62","30","  190","  180","16.1","23.9",,,,,
"USW00093824","ZANESVILLE MUNICIPAL AIRPORT, OH US","39.94609","-81.89315","268.6","2023-11-04","4.47",,"0.00",,"67","41","  190","  180","12.1","18.1",,,,,
"USW00093824","ZANESVILLE MUNICIPAL AIRPORT, OH US","39.94609","-81.89315","268.6","2023-11-05","2.01",,"0.00",,"62","35","  330","  340","8.9","14.1",,,,,
"USW00093824","ZANESVILLE MUNICIPAL AIRPORT, OH US","39.94609","-81.89315","268.6","2023-11-06","6.49",,"0.00",,"67","32","  200","  210","16.1","23.0",,,,,
"USW00093824","ZANESVILLE MUNICIPAL AIRPORT, OH US","39.94609","-81.89315","268.6","2023-11-07","6.93",,"0.00",,"68","46","  260","  250","15.0","21.9",,,,,
"USW00093824","ZANESVILLE MUNICIPAL AIRPORT, OH US","39.94609","-81.89315","268.6","2023-11-08","5.59",,"0.00",,"70","36","  210","  200","16.1","23.9",,,,,
"USW00093824","ZANESVILLE MUNICIPAL AIRPORT, OH US","39.94609","-81.89315","268.6","2023-11-09","7.83",,"0.16",,"73","43","  320","  260","18.1","29.1","    1",,,,
"USW00093824","ZANESVILLE MUNICIPAL AIRPORT, OH US","39.94609","-81.89315","268.6","2023-11-10","4.25",,"0.00",,"59","37","  230","  240","15.0","23.0",,,,,
"USW00093824","ZANESVILLE MUNICIPAL AIRPORT, OH US","39.94609","-81.89315","268.6","2023-11-11","2.68",,"0.00",,"52","28","   20","  360","10.1","16.1",,,,,
"USW00093824","ZANESVILLE MUNICIPAL AIRPORT, OH US","39.94609","-81.89315","268.6","2023-11-12","2.24",,"0.00",,"56","30","   50","   60","10.1","16.1",,,,,"    1"
"USW00093824","ZANESVILLE MUNICIPAL AIRPORT, OH US","39.94609","-81.89315","268.6","2023-11-13","5.14",,"0.00",,"62","26","  270","  260","17.0","23.0",,,,,
"USW00093824","ZANESVILLE MUNICIPAL AIRPORT, OH US","39.94609","-81.89315","268.6","2023-11-14","1.12",,"0.00",,"59","26","  320","  340","8.1","13.0",,,,,"    1"
"USW00093824","ZANESVILLE MUNICIPAL AIRPORT, OH US","39.94609","-81.89315","268.6","2023-11-15","2.68",,"0.00",,"68","26","  260","  260","16.1","25.1",,,,,"    1"
"USW00093824","ZANESVILLE MUNICIPAL AIRPORT, OH US","39.94609","-81.89315","268.6","2023-11-16","2.91",,"0.00",,"69","29","  190","  230","13.0","18.1",,,,,
"USW00093824","ZANESVILLE MUNICIPAL AIRPORT, OH US","39.94609","-81.89315","268.6","2023-11-17","7.83",,"0.71",,"62","44","  350","  180","18.1","29.1","    1",,,,
"USW00093824","ZANESVILLE MUNICIPAL AIRPORT, OH US","39.94609","-81.89315","268.6","2023-11-18","4.47",,"0.00",,"50","31","  340","  350","15.0","23.0",,,,,
"USW00093824","ZANESVILLE MUNICIPAL AIRPORT, OH US","39.94609","-81.89315","268.6","2023-11-19","1.57",,"0.00",,"58","26","  310","  290","10.1","17.0",,,,,
"USW00093824","ZANESVILLE MUNICIPAL AIRPORT, OH US","39.94609","-81.89315","268.6","2023-11-20","7.61",,"0.00",,"50","36","   90","   60","13.0","18.1",,,,,
"USW00093824","ZANESVILLE MUNICIPAL AIRPORT, OH US","39.94609","-81.89315","268.6","2023-11-21","7.38",,"0.99",,"51","44","  280","  250","16.1","25.9","    1",,,,
"USW00093824","ZANESVILLE MUNICIPAL AIRPORT, OH US","39.94609","-81.89315","268.6","2023-11-22","6.71",,"0.00",,"46","36","  290","  300","14.1","23.0","    1",,,,
"USW00093824","ZANESVILLE MUNICIPAL AIRPORT, OH US","39.94609","-81.89315","268.6","2023-11-23","4.92",,"0.00",,"45","30","  180","  260","13.0","19.9","    1",,,,
"USW00093824","ZANESVILLE MUNICIPAL AIRPORT, OH US","39.94609","-81.89315","268.6","2023-11-24","4.70",,"0.00",,"44","27","  350","   10","13.0","21.0","    1",,,,
"USW00093824","ZANESVILLE MUNICIPAL AIRPORT, OH US","39.94609","-81.89315","268.6","2023-11-25","1.79",,"0.00",,"45","24","   90","   90","8.1","12.1",,,,,
"USW00093824","ZANESVILLE MUNICIPAL AIRPORT, OH US","39.94609","-81.89315","268.6","2023-11-26","5.82",,"0.11",,"48","30","  270","  260","18.1","28.0","    1",,,,
"USW00093824","ZANESVILLE MUNICIPAL AIRPORT, OH US","39.94609","-81.89315","268.6","2023-11-27","11.86",,"0.00",,"42","31","  270","  270","21.9","34.0",,,,,
"USW00093824","ZANESVILLE MUNICIPAL AIRPORT, OH US","39.94609","-81.89315","268.6","2023-11-28","9.62",,"0.00",,"31","20","  280","  280","21.0","29.1",,,,,
"USW00093824","ZANESVILLE MUNICIPAL AIRPORT, OH US","39.94609","-81.89315","268.6","2023-11-29","7.16",,"0.00",,"41","16","  210","  200","17.0","23.9",,,,,
"USW00093824","ZANESVILLE MUNICIPAL AIRPORT, OH US","39.94609","-81.89315","268.6","2023-11-30","8.28",,"0.00",,"57","26","  210","  200","19.9","28.0",,,,,
"USW00093824","ZANESVILLE MUNICIPAL AIRPORT, OH US","39.94609","-81.89315","268.6","2023-12-01","7.16",,"0.21",,"52","43","  180","  170","16.1","21.9","    1",,,,
"USW00093824","ZANESVILLE MUNICIPAL AIRPORT, OH US","39.94609","-81.89315","268.6","2023-12-02","5.14",,"0.00",,"60","48","  200","  200","16.1","23.0",,,,,
"USW00093824","ZANESVILLE MUNICIPAL AIRPORT, OH US","39.94609","-81.89315","268.6","2023-12-03","8.50",,"0.39",,"53","43","  260","  260","30.0","49.0","    1","    1",,,
"USW00093824","ZANESVILLE MUNICIPAL AIRPORT, OH US","39.94609","-81.89315","268.6","2023-12-04","6.04",,"0.00",,"46","36","  270","  260","15.0","21.0",,,,,
"USW00093824","ZANESVILLE MUNICIPAL AIRPORT, OH US","39.94609","-81.89315","268.6","2023-12-05","3.58",,"0.14",,"40","34","  190","  300","8.9","13.0","    1",,,,
"USW00093824","ZANESVILLE MUNICIPAL AIRPORT, OH US","39.94609","-81.89315","268.6","2023-12-06","6.71",,"0.00",,"41","32","  320","  290","18.1","23.9","    1",,,,
"USW00093824","ZANESVILLE MUNICIPAL AIRPORT, OH US","39.94609","-81.89315","268.6","2023-12-07","6.49",,"0.00",,"52","33","  260","  190","15.0","23.9",,,,,
"USW00093824","ZANESVILLE MUNICIPAL AIRPORT, OH US","39.94609","-81.89315","268.6","2023-12-08","8.05",,"0.00",,"62","34","  200","  190","16.1","25.9",,,,,
"USW00093824","ZANESVILLE MUNICIPAL AIRPORT, OH US","39.94609","-81.89315","268.6","2023-12-09","10.51",,"0.37",,"60","49","  200","  230","17.0","25.1","    1",,"    1",,
"USW00093824","ZANESVILLE MUNICIPAL AIRPORT, OH US","39.94609","-81.89315","268.6","2023-12-10","7.83",,"0.00",,"57","35","  290","  290","15.0","21.9","    1",,,,"    1"
"USW00093824","ZANESVILLE MUNICIPAL AIRPORT, OH US","39.94609","-81.89315","268.6","2023-12-11","7.83",,"0.00",,"37","29","  290","  290","16.1","21.9","    1",,,,
"USW00093824","ZANESVILLE MUNICIPAL AIRPORT, OH US","39.94609","-81.89315","268.6","2023-12-12","7.61",,"0.00",,"49","28","  260","  260","17.0","28.0",,,,,
"USW00093824","ZANESVILLE MUNICIPAL AIRPORT, OH US","39.94609","-81.89315","268.6","2023-12-13","2.01",,"0.00",,"43","23","  290","  340","8.1","12.1",,,,,
"USW00093824","ZANESVILLE MUNICIPAL AIRPORT, OH US","39.94609","-81.89315","268.6","2023-12-14","2.24",,"0.00",,"48","19","  210","  200","10.1","13.0",,,,,
"USW00093824","ZANESVILLE MUNICIPAL AIRPORT, OH US","39.94609","-81.89315","268.6","2023-12-15","1.57",,"0.00",,"55","22","  180","  200","6.0","8.9",,,,,
"USW00093824","ZANESVILLE MUNICIPAL AIRPORT, OH US","39.94609","-81.89315","268.6","2023-12-16","3.80",,"0.00",,"58","25","  160","  160","14.1","18.1",,,,,
"USW00093824","ZANESVILLE MUNICIPAL AIRPORT, OH US","39.94609","-81.89315","268.6","2023-12-17","6.71",,"0.26",,"52","43","  150","  160","18.1","27.1","    1","    1",,,
"USW00093824","ZANESVILLE MUNICIPAL AIRPORT, OH US","39.94609","-81.89315","268.6","2023-12-18","11.86",,"0.02",,"44","31","  300","  280","28.0","42.9","    1",,,,
"USW00093824","ZANESVILLE MUNICIPAL AIRPORT, OH US","39.94609","-81.89315","268.6","2023-12-19","7.61",,"0.00",,"32","24","  270","  270","18.1","27.1",,,,,
"USW00093824","ZANESVILLE MUNICIPAL AIRPORT, OH US","39.94609","-81.89315","268.6","2023-12-20","3.58",,"0.00",,"44","20","  190","  190","12.1","17.0",,,,,
"USW00093824","ZANESVILLE MUNICIPAL AIRPORT, OH US","39.94609","-81.89315","268.6","2023-12-21","0.67",,"0.00",,"48","24","   40","   50","4.9","6.0",,,,,
"USW00093824","ZANESVILLE MUNICIPAL AIRPORT, OH US","39.94609","-81.89315","268.6","2023-12-22","1.57",,"0.00",,"49","30","  160","  160","8.1","10.1",,,,,
"USW00093824","ZANESVILLE MUNICIPAL AIRPORT, OH US","39.94609","-81.89315","268.6","2023-12-23","3.13",,"0.05",,"55","39","  170","  200","13.0","17.0","    1",,,,
"USW00093824","ZANESVILLE MUNICIPAL AIRPORT, OH US","39.94609","-81.89315","268.6","2023-12-24","2.01",,"0.09",,"57","46","  180","  190","6.9","8.9","    1","    1",,,
"USW00093824","ZANESVILLE MUNICIPAL AIRPORT, OH US","39.94609","-81.89315","268.6","2023-12-25","5.82",,"0.19",,"64","42","  140","  130","15.0","19.9","    1",,,,
"USW00093824","ZANESVILLE MUNICIPAL AIRPORT, OH US","39.94609","-81.89315","268.6","2023-12-26","6.49",,"0.16",,"60","51","  150","  130","13.0","17.0","    1",,,,
"USW00093824","ZANESVILLE MUNICIPAL AIRPORT, OH US","39.94609","-81.89315","268.6","2023-12-27","4.47",,"0.43",,"54","45","  270","  270","10.1","15.0","    1",,,,
"USW00093824","ZANESVILLE MUNICIPAL AIRPORT, OH US","39.94609","-81.89315","268.6","2023-12-28","5.82",,"0.00",,"47","34","  260","  260","14.1","23.0","    1",,,,
"USW00093824","ZANESVILLE MUNICIPAL AIRPORT, OH US","39.94609","-81.89315","268.6","2023-12-29","4.92",,"0.00",,"39","31","  190","  190","10.1","13.0","    1",,,,
"USW00093824","ZANESVILLE MUNICIPAL AIRPORT, OH US","39.94609","-81.89315","268.6","2023-12-30","7.61",,"0.00",,"41","36","  270","  280","15.0","23.0",,,,,
"USW00093824","ZANESVILLE MUNICIPAL AIRPORT, OH US","39.94609","-81.89315","268.6","2023-12-31","8.05",,"0.01",,"42","35","  260","  260","16.1","23.9",,,,,
"USW00093824","ZANESVILLE MUNICIPAL AIRPORT, OH US","39.94609","-81.89315","268.6","2024-01-01","6.49",,"0.05",,"38","32","  260","  240","14.1","21.0","    1",,,,
"USW00093824","ZANESVILLE MUNICIPAL AIRPORT, OH US","39.94609","-81.89315","268.6","2024-01-02","6.71",,"0.00",,"37","33","  260","  270","14.1","21.0",,,,,
"USW00093824","ZANESVILLE MUNICIPAL AIRPORT, OH US","39.94609","-81.89315","268.6","2024-01-03","6.04",,"0.00",,"42","26","  310","  300","16.1","21.0","    1",,,,
"USW00093824","ZANESVILLE MUNICIPAL AIRPORT, OH US","39.94609","-81.89315","268.6","2024-01-04","5.82",,"0.00",,"34","22","  340","  300","14.1","23.0",,,,,
"USW00093824","ZANESVILLE MUNICIPAL AIRPORT, OH US","39.94609","-81.89315","268.6","2024-01-05","0.67",,"0.00",,"40","17","  130","  200","6.9","8.9",,,,,
"USW00093824","ZANESVILLE MUNICIPAL AIRPORT, OH US","39.94609","-81.89315","268.6","2024-01-06","3.36",,"0.06",,"35","29","   60","   70","10.1","16.1","    1","    1",,,
"USW00093824","ZANESVILLE MUNICIPAL AIRPORT, OH US","39.94609","-81.89315","268.6","2024-01-07","8.50",,"0.02",,"37","34","  270","  280","16.1","23.9","    1","    1",,,
"USW00093824","ZANESVILLE MUNICIPAL AIRPORT, OH US","39.94609","-81.89315","268.6","2024-01-08","5.59",,"0.00",,"40","25","  100","  120","13.0","18.1","    1",,,,
"USW00093824","ZANESVILLE MUNICIPAL AIRPORT, OH US","39.94609","-81.89315","268.6","2024-01-09","13.20",,"0.97",,"51","34","  240","  240","25.1","38.0","    1",,,,
"USW00093824","ZANESVILLE MUNICIPAL AIRPORT, OH US","39.94609","-81.89315","268.6","2024-01-10","12.30",,"0.02",,"42","33","  250","  250","23.9","38.9","    1",,,,"    1"
"USW00093824","ZANESVILLE MUNICIPAL AIRPORT, OH US","39.94609","-81.89315","268.6","2024-01-11","8.05",,"0.00",,"45","28","  270","  270","25.1","35.1",,,,,
"USW00093824","ZANESVILLE MUNICIPAL AIRPORT, OH US","39.94609","-81.89315","268.6","2024-01-12","10.51",,"0.30",,"48","25","  150","  190","25.9","38.9","    1",,,,
"USW00093824","ZANESVILLE MUNICIPAL AIRPORT, OH US","39.94609","-81.89315","268.6","2024-01-13","16.55",,"0.04",,"47","25","  240","  250","28.0","48.1","    1",,,,
"USW00093824","ZANESVILLE MUNICIPAL AIRPORT, OH US","39.94609","-81.89315","268.6","2024-01-14","11.63",,"0.01",,"29","12","  270","  250","28.0","46.1","    1",,,,"    1"
"USW00093824","ZANESVILLE MUNICIPAL AIRPORT, OH US","39.94609","-81.89315","268.6","2024-01-15","3.80",,"0.00",,"21","10","  230","  230","12.1","15.0",,,,,
"USW00093824","ZANESVILLE MUNICIPAL AIRPORT, OH US","39.94609","-81.89315","268.6","2024-01-16","7.61",,"0.00",,"18","9","  270","  270","16.1","23.9",,,,,"    1"
"USW00093824","ZANESVILLE MUNICIPAL AIRPORT, OH US","39.94609","-81.89315","268.6","2024-01-17","9.17",,"0.00",,"23","6","  210","  230","21.0","29.1",,,,,
"USW00093824","ZANESVILLE MUNICIPAL AIRPORT, OH US","39.94609","-81.89315","268.6","2024-01-18","5.37",,"0.00",,"29","21","  200","  210","15.0","21.0",,,,,
"USW00093824","ZANESVILLE MUNICIPAL AIRPORT, OH US","39.94609","-81.89315","268.6","2024-01-19","8.28",,"0.07",,"27","19","  310","  290","17.0","27.1","    1",,,,"    1"
"USW00093824","ZANESVILLE MUNICIPAL AIRPORT, OH US","39.94609","-81.89315","268.6","2024-01-20","9.40",,"0.00",,"19","8","  260","  260","16.1","23.0","    1",,,,"    1"
"USW00093824","ZANESVILLE MUNICIPAL AIRPORT, OH US","39.94609","-81.89315","268.6","2024-01-21","3.80",,"0.00",,"25","9","  240","  270","8.9","13.0",,,,,"    1"
"USW00093824","ZANESVILLE MUNICIPAL AIRPORT, OH US","39.94609","-81.89315","268.6","2024-01-22","5.82",,"0.00",,"39","5","  180","  180","13.0","17.0",,,,,
"USW00093824","ZANESVILLE MUNICIPAL AIRPORT, OH US","39.94609","-81.89315","268.6","2024-01-23","1.57",,"0.08",,"41","34","  120","  120","8.1","10.1","    1",,,,
"USW00093824","ZANESVILLE MUNICIPAL AIRPORT, OH US","39.94609","-81.89315","268.6","2024-01-24","4.92",,"0.81",,"55","39","  190","  190","12.1","17.0","    1",,,,
"USW00093824","ZANESVILLE MUNICIPAL AIRPORT, OH US","39.94609","-81.89315","268.6","2024-01-25","4.03",,"0.63",,"60","54","  190","  170","10.1","21.0","    1","    1",,,
"USW00093824","ZANESVILLE MUNICIPAL AIRPORT, OH US","39.94609","-81.89315","268.6","2024-01-26","8.72",,"0.00",,"64","46","  260","  240","19.9","32.0",,,,,
"USW00093824","ZANESVILLE MUNICIPAL AIRPORT, OH US","39.94609","-81.89315","268.6","2024-01-27","3.58",,"0.28",,"47","43","   60","   60","14.1","19.9","    1",,,,
"USW00093824","ZANESVILLE MUNICIPAL AIRPORT, OH US","39.94609","-81.89315","268.6","2024-01-28","9.62",,"0.85",,"48","35","   60","  350","19.9","28.0","    1",,"    1",,
"USW00093824","ZANESVILLE MUNICIPAL AIRPORT, OH US","39.94609","-81.89315","268.6","2024-01-29","6.93",,"0.00",,"37","34","  320","  350","15.0","21.9","    1",,,,
"USW00093824","ZANESVILLE MUNICIPAL AIRPORT, OH US","39.94609","-81.89315","268.6","2024-01-30","6.04",,"0.01",,"41","34","  160","  160","15.0","19.9",,,,,
"USW00093824","ZANESVILLE MUNICIPAL AIRPORT, OH US","39.94609","-81.89315","268.6","2024-01-31","4.47",,"0.00",,"41","34","  270","  240","13.0","19.9","    1",,,,
"USW00093824","ZANESVILLE MUNICIPAL AIRPORT, OH US","39.94609","-81.89315","268.6","2024-02-01","7.83",,"0.00",,"53","38","  190","  180","18.1","25.1",,,,,
"USW00093824","ZANESVILLE MUNICIPAL AIRPORT, OH US","39.94609","-81.89315","268.6","2024-02-02","6.71",,"0.00",,"47","34","  340","   10","14.1","19.9",,,,,
"USW00093824","ZANESVILLE MUNICIPAL AIRPORT, OH US","39.94609","-81.89315","268.6","2024-02-03","2.91",,"0.00",,"43","26","   80","   70","10.1","13.0",,,,,
"USW00093824","ZANESVILLE MUNICIPAL AIRPORT, OH US","39.94609","-81.89315","268.6","2024-02-04","4.03",,"0.00",,"56","24","   10","   20","10.1","15.0",,,,,
"USW00093824","ZANESVILLE MUNICIPAL AIRPORT, OH US","39.94609","-81.89315","268.6","2024-02-05","6.26",,"0.00",,"50","30","  350","  360","14.1","21.9",,,,,
"USW00093824","ZANESVILLE MUNICIPAL AIRPORT, OH US","39.94609","-81.89315","268.6","2024-02-06","4.03",,"0.00",,"50","27","   50","   60","12.1","15.0",,,,,
"USW00093824","ZANESVILLE MUNICIPAL AIRPORT, OH US","39.94609","-81.89315","268.6","2024-02-07","0.89",,"0.00",,"58","21","  100","  110","6.9","10.1",,,,,
"USW00093824","ZANESVILLE MUNICIPAL AIRPORT, OH US","39.94609","-81.89315","268.6","2024-02-08","5.82",,"0.00",,"64","30","  170","  170","16.1","21.9",,,,,
"USW00093824","ZANESVILLE MUNICIPAL AIRPORT, OH US","39.94609","-81.89315","268.6","2024-02-09","9.84",,"0.00",,"64","48","  200","  210","19.9","28.0",,,,,
"USW00093824","ZANESVILLE MUNICIPAL AIRPORT, OH US","39.94609","-81.89315","268.6","2024-02-10","7.38",,"0.00",,"63","47","  240","  260","15.0","23.0",,,,,
"USW00093824","ZANESVILLE MUNICIPAL AIRPORT, OH US","39.94609","-81.89315","268.6","2024-02-11","5.14",,"0.00",,"49","33","   20","   20","10.1","16.1",,,,,
"USW00093824","ZANESVILLE MUNICIPAL AIRPORT, OH US","39.94609","-81.89315","268.6","2024-02-12","4.92",,"0.00",,"49","29","   10","   20","12.1","18.1","    1",,,,
"USW00093824","ZANESVILLE MUNICIPAL AIRPORT, OH US","39.94609","-81.89315","268.6","2024-02-13","9.62",,"0.00",,"49","30","  270","  250","21.0","32.0",,,,,
"USW00093824","ZANESVILLE MUNICIPAL AIRPORT, OH US","39.94609","-81.89315","268.6","2024-02-14","2.24",,"0.00",,"45","24","  340","  260","10.1","16.1",,,,,
"USW00093824","ZANESVILLE MUNICIPAL AIRPORT, OH US","39.94609","-81.89315","268.6","2024-02-15","9.40",,"0.01",,"56","24","  290","  300","28.0","48.1",,,,,
"USW00093824","ZANESVILLE MUNICIPAL AIRPORT, OH US","39.94609","-81.89315","268.6","2024-02-16","4.25",,"0.16",,"39","28","   10","  290","10.1","17.0","    1",,,,
"USW00093824","ZANESVILLE MUNICIPAL AIRPORT, OH US","39.94609","-81.89315","268.6","2024-02-17","9.17",,"0.00",,"28","16","  270","  280","21.0","31.1","    1",,,,"    1"
"USW00093824","ZANESVILLE MUNICIPAL AIRPORT, OH US","39.94609","-81.89315","268.6","2024-02-18","9.17",,"0.00",,"39","13","  260","  250","21.9","36.0",,,,,
"USW00093824","ZANESVILLE MUNICIPAL AIRPORT, OH US","39.94609","-81.89315","268.6","2024-02-19","1.12",,"0.00",,"47","16","  340","  330","8.1","12.1",,,,,
"USW00093824","ZANESVILLE MUNICIPAL AIRPORT, OH US","39.94609","-81.89315","268.6","2024-02-20","1.12",,"0.00",,"55","20","  120","  110","10.1","13.0",,,,,
"USW00093824","ZANESVILLE MUNICIPAL AIRPORT, OH US","39.94609","-81.89315","268.6","2024-02-21","5.82",,"0.00",,"63","22","  180","  210","18.1","25.1",,,,,
"USW00093824","ZANESVILLE MUNICIPAL AIRPORT, OH US","39.94609","-81.89315","268.6","2024-02-22","4.70",,"0.67",,"52","45","  180","  180","13.0","16.1","    1",,,,
"USW00093824","ZANESVILLE MUNICIPAL AIRPORT, OH US","39.94609","-81.89315","268.6","2024-02-23","5.82",,"0.01",,"58","39","  310","  310","25.1","33.1","    1",,,,"    1"
"USW00093824","ZANESVILLE MUNICIPAL AIRPORT, OH US","39.94609","-81.89315","268.6","2024-02-24","8.50",,"0.06",,"40","20","   10","  360","16.1","23.9","    1","    1",,,
"USW00093824","ZANESVILLE MUNICIPAL AIRPORT, OH US","39.94609","-81.89315","268.6","2024-02-25","7.16",,"0.00",,"49","17","  180","  180","17.0","23.9",,,,,
"USW00093824","ZANESVILLE MUNICIPAL AIRPORT, OH US","39.94609","-81.89315","268.6","2024-02-26","3.13",,"0.00",,"67","29","  180","  160","13.0","19.9",,,,,
"USW00093824","ZANESVILLE MUNICIPAL AIRPORT, OH US","39.94609","-81.89315","268.6","2024-02-27","11.18",,"0.05",,"70","46","  180","  210","18.1","36.9",,,,,
"USW00093824","ZANESVILLE MUNICIPAL AIRPORT, OH US","39.94609","-81.89315","268.6","2024-02-28","13.87",,"0.49",,"65","26","  290","  240","28.0","42.9","    1",,"    1",,
"USW00093824","ZANESVILLE MUNICIPAL AIRPORT, OH US","39.94609","-81.89315","268.6","2024-02-29","4.92",,"0.00",,"41","21","  300","  280","15.0","19.9",,,,,
"USW00093824","ZANESVILLE MUNICIPAL AIRPORT, OH US","39.94609","-81.89315","268.6","2024-03-01","5.82",,"0.05",,"48","22","  140","  110","14.1","21.0","    1",,,,
"USW00093824","ZANESVILLE MUNICIPAL AIRPORT, OH US","39.94609","-81.89315","268.6","2024-03-02","3.36",,"0.13",,"52","44","  170","  170","12.1","16.1","    1",,,,
"USW00093824","ZANESVILLE MUNICIPAL AIRPORT, OH US","39.94609","-81.89315","268.6","2024-03-03","3.36",,"0.00",,"66","45","  190","  190","13.0","21.0","    1",,,,
"USW00093824","ZANESVILLE MUNICIPAL AIRPORT, OH US","39.94609","-81.89315","268.6","2024-03-04","4.25",,"0.00",,"75","41","  170","  180","14.1","23.0",,,,,
"USW00093824","ZANESVILLE MUNICIPAL AIRPORT, OH US","39.94609","-81.89315","268.6","2024-03-05","6.93",,"0.00",,"75","50","  250","  260","18.1","27.1",,,,,
"USW00093824","ZANESVILLE MUNICIPAL AIRPORT, OH US","39.94609","-81.89315","268.6","2024-03-06","5.14",,"0.46",,"60","46","   10","   10","14.1","21.9","    1",,,,
"USW00093824","ZANESVILLE MUNICIPAL AIRPORT, OH US","39.94609","-81.89315","268.6","2024-03-07","4.03",,"0.00",,"49","41","  350","  340","12.1","19.0","    1",,,,
"USW00093824","ZANESVILLE MUNICIPAL AIRPORT, OH US","39.94609","-81.89315","268.6","2024-03-08","6.71",,"0.02",,"61","41","  160","  140","21.0","31.1",,,,,
"USW00093824","ZANESVILLE MUNICIPAL AIRPORT, OH US","39.94609","-81.89315","268.6","2024-03-09","11.41",,"0.26",,"58","39","  170","  160","21.0","30.0","    1",,,,
"USW00093824","ZANESVILLE MUNICIPAL AIRPORT, OH US","39.94609","-81.89315","268.6","2024-03-10","14.54",,"0.00",,"39","33","  290","  290","25.9","40.9",,,,,
"USW00093824","ZANESVILLE MUNICIPAL AIRPORT, OH US","39.94609","-81.89315","268.6","2024-03-11","8.50",,"0.00",,"53","29","  280","  260","17.0","25.1",,,,,
"USW00093824","ZANESVILLE MUNICIPAL AIRPORT, OH US","39.94609","-81.89315","268.6","2024-03-12","7.61",,"0.00",,"68","35","  270","  280","19.9","29.1",,,,,
"USW00093824","ZANESVILLE MUNICIPAL AIRPORT, OH US","39.94609","-81.89315","268.6","2024-03-13","3.80",,"0.00",,"73","39","  270","  280","18.1","25.9",,,,,
"USW00093824","ZANESVILLE MUNICIPAL AIRPORT, OH US","39.94609","-81.89315","268.6","2024-03-14","6.71",,"1.37",,"75","40","  190","  290","23.9","40.0","    1",,"    1",,
"USW00093824","ZANESVILLE MUNICIPAL AIRPORT, OH US","39.94609","-81.89315","268.6","2024-03-15","5.82",,"0.00",,"61","36","  340","  350","15.0","23.0","    1",,,,
"USW00093824","ZANESVILLE MUNICIPAL AIRPORT, OH US","39.94609","-81.89315","268.6","2024-03-16","8.05",,"0.00",,"62","30","  250","  200","17.0","28.0","    1",,,,
"USW00093824","ZANESVILLE MUNICIPAL AIRPORT, OH US","39.94609","-81.89315","268.6","2024-03-17","11.86",,"0.00",,"56","33","  260","  290","25.1","35.1",,,,,
"USW00093824","ZANESVILLE MUNICIPAL AIRPORT, OH US","39.94609","-81.89315","268.6","2024-03-18","8.28",,"0.00",,"36","28","  270","  250","17.0","23.9",,,,,
"USW00093824","ZANESVILLE MUNICIPAL AIRPORT, OH US","39.94609","-81.89315","268.6","2024-03-19","12.08",,"0.00",,"50","30","  190","  260","23.0","36.9",,,,,
"USW00093824","ZANESVILLE MUNICIPAL AIRPORT, OH US","39.94609","-81.89315","268.6","2024-03-20","13.42",,"0.00",,"52","29","  270","  290","28.0","42.1",,,,,
"USW00093824","ZANESVILLE MUNICIPAL AIRPORT, OH US","39.94609","-81.89315","268.6","2024-03-21","4.25",,"0.00",,"44","23","  310","  290","10.1","16.1",,,,,
"USW00093824","ZANESVILLE MUNICIPAL AIRPORT, OH US","39.94609","-81.89315","268.6","2024-03-22","5.37",,"0.17",,"51","28","  110","   60","10.1","15.0","    1",,,,
"USW00093824","ZANESVILLE MUNICIPAL AIRPORT, OH US","39.94609","-81.89315","268.6","2024-03-23","9.17",,"0.02",,"43","28","  350","  330","19.9","30.0","    1",,,,
"USW00093824","ZANESVILLE MUNICIPAL AIRPORT, OH US","39.94609","-81.89315","268.6","2024-03-24","6.04",,"0.00",,"51","20","  100","   60","15.0","21.0",,,,,
"USW00093824","ZANESVILLE MUNICIPAL AIRPORT, OH US","39.94609","-81.89315","268.6","2024-03-25","9.84",,"0.00",,"69","36","  140","  130","19.9","29.1",,,,,
"USW00093824","ZANESVILLE MUNICIPAL AIRPORT, OH US","39.94609","-81.89315","268.6","2024-03-26","13.87",,"0.87",,"59","46","  150","  140","25.1","38.9","    1",,,,
"USW00093824","ZANESVILLE MUNICIPAL AIRPORT, OH US","39.94609","-81.89315","268.6","2024-03-27","7.16",,"0.02",,"55","36","  270","  290","17.0","25.1","    1",,,,
"USW00093824","ZANESVILLE MUNICIPAL AIRPORT, OH US","39.94609","-81.89315","268.6","2024-03-28","5.14",,"0.00",,"53","26","  320","  330","18.1","25.9",,,,,
"USW00093824","ZANESVILLE MUNICIPAL AIRPORT, OH US","39.94609","-81.89315","268.6","2024-03-29","5.37",,"0.01",,"60","39","  300","  300","18.1","25.1",,,,,
"USW00093824","ZANESVILLE MUNICIPAL AIRPORT, OH US","39.94609","-81.89315","268.6","2024-03-30","4.47",,"0.26",,"69","39","  340","  330","21.0","31.1","    1",,"    1",,
"USW00093824","ZANESVILLE MUNICIPAL AIRPORT, OH US","39.94609","-81.89315","268.6","2024-03-31","2.24",,"0.00",,"67","46","  280","  280","8.1","10.1","    1",,,,
"USW00093824","ZANESVILLE MUNICIPAL AIRPORT, OH US","39.94609","-81.89315","268.6","2024-04-01","5.37",,"1.49",,"66","50","  120","  320","15.0","23.0","    1",,"    1",,
"USW00093824","ZANESVILLE MUNICIPAL AIRPORT, OH US","39.94609","-81.89315","268.6","2024-04-02","8.72",,"2.25",,"70","54","  160","  310","23.0","33.1","    1",,"    1",,
"USW00093824","ZANESVILLE MUNICIPAL AIRPORT, OH US","39.94609","-81.89315","268.6","2024-04-03","9.17",,"0.08",,"62","38","  250","  280","23.9","38.0","    1",,,,
"USW00093824","ZANESVILLE MUNICIPAL AIRPORT, OH US","39.94609","-81.89315","268.6","2024-04-04","6.71",,"0.26",,"47","35","  320","  340","17.0","28.0","    1",,,,
"USW00093824","ZANESVILLE MUNICIPAL AIRPORT, OH US","39.94609","-81.89315","268.6","2024-04-05","9.62",,"0.05",,"46","37","  330","  320","21.9","29.1","    1",,,,
"USW00093824","ZANESVILLE MUNICIPAL AIRPORT, OH US","39.94609","-81.89315","268.6","2024-04-06","6.49",,"0.00",,"54","36","  330","  330","15.0","19.9",,,,,
"USW00093824","ZANESVILLE MUNICIPAL AIRPORT, OH US","39.94609","-81.89315","268.6","2024-04-07","3.80",,"0.00",,"63","28","  120","   90","10.1","19.0",,,,,
"USW00093824","ZANESVILLE MUNICIPAL AIRPORT, OH US","39.94609","-81.89315","268.6","2024-04-08","5.82",,"0.00",,"75","50","  270","  240","15.0","21.0",,,,,
"USW00093824","ZANESVILLE MUNICIPAL AIRPORT, OH US","39.94609","-81.89315","268.6","2024-04-09","7.38",,"0.03",,"73","56","  190","  220","18.1","25.1",,,"    1",,
"USW00093824","ZANESVILLE MUNICIPAL AIRPORT, OH US","39.94609","-81.89315","268.6","2024-04-10","4.92",,"0.17",,"64","57","  220","  220","12.1","18.1","    1",,,,
"USW00093824","ZANESVILLE MUNICIPAL AIRPORT, OH US","39.94609","-81.89315","268.6","2024-04-11","7.83",,"0.64",,"68","55","  280","  270","19.9","32.0","    1",,,,
"USW00093824","ZANESVILLE MUNICIPAL AIRPORT, OH US","39.94609","-81.89315","268.6","2024-04-12","15.88",,"0.11",,"56","49","  290","  300","29.1","46.1","    1",,,,
"USW00093824","ZANESVILLE MUNICIPAL AIRPORT, OH US","39.94609","-81.89315","268.6","2024-04-13","11.41",,"0.00",,"63","46","  290","  290","23.0","33.1",,,,,
"USW00093824","ZANESVILLE MUNICIPAL AIRPORT, OH US","39.94609","-81.89315","268.6","2024-04-14","10.51",,"0.00",,"82","41","  270","  250","25.1","40.9",,,,,
"USW00093824","ZANESVILLE MUNICIPAL AIRPORT, OH US","39.94609","-81.89315","268.6","2024-04-15","6.04",,"0.00",,"78","59","   10","  260","13.0","19.9",,,,,
"USW00093824","ZANESVILLE MUNICIPAL AIRPORT, OH US","39.94609","-81.89315","268.6","2024-04-16","4.25",,"0.00",,"85","46","   70","  150","13.0","17.0",,,,,
"USW00093824","ZANESVILLE MUNICIPAL AIRPORT, OH US","39.94609","-81.89315","268.6","2024-04-17","10.07",,"0.56",,"81","60","  290","  280","35.1","55.0","    1",,"    1",,"    1"
"USW00093824","ZANESVILLE MUNICIPAL AIRPORT, OH US","39.94609","-81.89315","268.6","2024-04-18","5.14",,"0.00",,"75","56","  300","  320","13.0","19.0",,,,,
"USW00093824","ZANESVILLE MUNICIPAL AIRPORT, OH US","39.94609","-81.89315","268.6","2024-04-19","8.72",,"0.00",,"67","51","  320","  250","19.9","29.1",,,,,
"USW00093824","ZANESVILLE MUNICIPAL AIRPORT, OH US","39.94609","-81.89315","268.6","2024-04-20","9.62",,"0.00",,"57","39","  260","  260","25.1","38.0",,,,,
"USW00093824","ZANESVILLE MUNICIPAL AIRPORT, OH US","39.94609","-81.89315","268.6","2024-04-21","4.92",,"0.00",,"51","34","  320","  290","16.1","23.0",,,,,
"USW00093824","ZANESVILLE MUNICIPAL AIRPORT, OH US","39.94609","-81.89315","268.6","2024-04-22","2.91",,"0.00",,"62","30","  290","  280","13.0","17.0",,,,,
"USW00093824","ZANESVILLE MUNICIPAL AIRPORT, OH US","39.94609","-81.89315","268.6","2024-04-23","6.93",,"0.07",,"69","39","  210","  280","21.9","36.9","    1",,,,
"USW00093824","ZANESVILLE MUNICIPAL AIRPORT, OH US","39.94609","-81.89315","268.6","2024-04-24","8.28",,"0.00",,"61","38","  330","  320","17.0","25.9","    1",,,,
"USW00093824","ZANESVILLE MUNICIPAL AIRPORT, OH US","39.94609","-81.89315","268.6","2024-04-25","3.58",,"0.00",,"60","34","   30","   60","10.1","17.0",,,,,
"USW00093824","ZANESVILLE MUNICIPAL AIRPORT, OH US","39.94609","-81.89315","268.6","2024-04-26","5.82",,"0.00",,"75","37","  180","  120","13.0","19.0",,,,,
"USW00093824","ZANESVILLE MUNICIPAL AIRPORT, OH US","39.94609","-81.89315","268.6","2024-04-27","9.40",,"0.09",,"81","60","  190","  200","21.0","28.0",,,,,
"USW00093824","ZANESVILLE MUNICIPAL AIRPORT, OH US","39.94609","-81.89315","268.6","2024-04-28","5.82",,"0.00",,"83","61","  240","  230","17.0","28.0",,,,,
"USW00093824","ZANESVILLE MUNICIPAL AIRPORT, OH US","39.94609","-81.89315","268.6","2024-04-29","5.37",,"0.00",,"83","55","  190","  210","17.0","23.9",,,,,
"USW00093824","ZANESVILLE MUNICIPAL AIRPORT, OH US","39.94609","-81.89315","268.6","2024-04-30","3.80",,"0.07",,"75","53","  300","  300","13.0","17.0","    1",,,,
"USW00093824","ZANESVILLE MUNICIPAL AIRPORT, OH US","39.94609","-81.89315","268.6","2024-05-01","4.92",,"0.00",,"82","46","  220","  200","15.0","23.9",,,,,
"USW00093824","ZANESVILLE MUNICIPAL AIRPORT, OH US","39.94609","-81.89315","268.6","2024-05-02","1.79",,"0.00",,"87","53","  280","  330","10.1","12.1","    1",,,,
"USW00093824","ZANESVILLE MUNICIPAL AIRPORT, OH US","39.94609","-81.89315","268.6","2024-05-03","2.24",,"0.02",,"77","60","  280","  290","13.0","18.1",,,,,
"USW00093824","ZANESVILLE MUNICIPAL AIRPORT, OH US","39.94609","-81.89315","268.6","2024-05-04","4.70",,"0.20",,"73","65","  170","  160","10.1","14.1","    1",,,,
"USW00093824","ZANESVILLE MUNICIPAL AIRPORT, OH US","39.94609","-81.89315","268.6","2024-05-05","5.59",,"0.03",,"81","65","  270","  280","15.0","19.9",,,"    1",,
"USW00093824","ZANESVILLE MUNICIPAL AIRPORT, OH US","39.94609","-81.89315","268.6","2024-05-06","4.25",,"0.02",,"72","64","   40","   30","10.1","13.0","    1",,,,
"USW00093824","ZANESVILLE MUNICIPAL AIRPORT, OH US","39.94609","-81.89315","268.6","2024-05-07","6.04",,"0.15",,"77","62","  190","  190","16.1","31.1","    1",,"    1",,
"USW00093824","ZANESVILLE MUNICIPAL AIRPORT, OH US","39.94609","-81.89315","268.6","2024-05-08","4.92",,"0.10",,"81","61","  240","  260","18.1","23.0",,,"    1",,
"USW00093824","ZANESVILLE MUNICIPAL AIRPORT, OH US","39.94609","-81.89315","268.6","2024-05-09","5.37",,"0.33",,"73","54","  330","  320","21.9","31.1","    1",,"    1",,
"USW00093824","ZANESVILLE MUNICIPAL AIRPORT, OH US","39.94609","-81.89315","268.6","2024-05-10","6.49",,"0.01",,"68","46","  330","  340","15.0","21.9",,,,,
"USW00093824","ZANESVILLE MUNICIPAL AIRPORT, OH US","39.94609","-81.89315","268.6","2024-05-11","7.61",,"0.31",,"67","41","  290","  290","23.9","38.0","    1",,"    1",,
"USW00093824","ZANESVILLE MUNICIPAL AIRPORT, OH US","39.94609","-81.89315","268.6","2024-05-12","4.70",,"0.00",,"70","42","  340","  340","14.1","19.9",,,,,
"USW00093824","ZANESVILLE MUNICIPAL AIRPORT, OH US","39.94609","-81.89315","268.6","2024-05-13","4.47",,"0.00",,"79","47","  160","  160","17.0","21.0",,,,,
"USW00093824","ZANESVILLE MUNICIPAL AIRPORT, OH US","39.94609","-81.89315","268.6","2024-05-14","3.58",,"0.03",,"68","55","  110","  100","12.1","16.1","    1",,"    1",,
"USW00093824","ZANESVILLE MUNICIPAL AIRPORT, OH US","39.94609","-81.89315","268.6","2024-05-15","2.91",,"0.25",,"72","60","  220","  200","10.1","13.0","    1",,"    1",,
"USW00093824","ZANESVILLE MUNICIPAL AIRPORT, OH US","39.94609","-81.89315","268.6","2024-05-16","3.13",,"0.00",,"77","56","   60","   60","8.1","11.0","    1",,,,
"USW00093824","ZANESVILLE MUNICIPAL AIRPORT, OH US","39.94609","-81.89315","268.6","2024-05-17","4.70",,"0.36",,"73","62","  290","  200","16.1","27.1","    1",,"    1",,
"USW00093824","ZANESVILLE MUNICIPAL AIRPORT, OH US","39.94609","-81.89315","268.6","2024-05-18","1.79",,"0.00",,"82","61","   80","   80","8.9","13.0","    1",,,,
"USW00093824","ZANESVILLE MUNICIPAL AIRPORT, OH US","39.94609","-81.89315","268.6","2024-05-19","1.12",,"0.00",,"86","58","   10","  300","10.1","13.0","    1","    1",,,
"USW00093824","ZANESVILLE MUNICIPAL AIRPORT, OH US","39.94609","-81.89315","268.6","2024-05-20","2.24",,"0.00",,"87","57","  190","  250","8.9","16.1",,,,,
"USW00093824","ZANESVILLE MUNICIPAL AIRPORT, OH US","39.94609","-81.89315","268.6","2024-05-21","4.47",,"0.00",,"88","61","  160","  200","13.0","18.1",,,,,
"USW00093824","ZANESVILLE MUNICIPAL AIRPORT, OH US","39.94609","-81.89315","268.6","2024-05-22","9.17",,"0.00",,"81","66","  150","  180","21.9","29.1",,,"    1",,
"USW00093824","ZANESVILLE MUNICIPAL AIRPORT, OH US","39.94609","-81.89315","268.6","2024-05-23","4.92",,"0.00",,"79","64","  200","  190","13.0","18.1",,,,,
"USW00093824","ZANESVILLE MUNICIPAL AIRPORT, OH US","39.94609","-81.89315","268.6","2024-05-24","2.68",,"0.00",,"85","62","  260","  230","13.0","17.0","    1",,,,
"USW00093824","ZANESVILLE MUNICIPAL AIRPORT, OH US","39.94609","-81.89315","268.6","2024-05-25","4.70",,"0.00",,"86","62","  200","  250","14.1","19.9",,,"    1",,
"USW00093824","ZANESVILLE MUNICIPAL AIRPORT, OH US","39.94609","-81.89315","268.6","2024-05-26","6.93",,"0.30",,"85","62","  220","  210","25.9","40.9","    1",,"    1",,
"USW00093824","ZANESVILLE MUNICIPAL AIRPORT, OH US","39.94609","-81.89315","268.6","2024-05-27","10.96",,"0.31",,"80","59","  270","  260","23.0","33.1","    1",,"    1",,
"USW00093824","ZANESVILLE MUNICIPAL AIRPORT, OH US","39.94609","-81.89315","268.6","2024-05-28","6.26",,"0.03",,"75","56","  320","  310","17.0","27.1",,,,,
"USW00093824","ZANESVILLE MUNICIPAL AIRPORT, OH US","39.94609","-81.89315","268.6","2024-05-29","6.04",,"0.19",,"70","54","  360","  350","18.1","25.9","    1","    1",,,
"USW00093824","ZANESVILLE MUNICIPAL AIRPORT, OH US","39.94609","-81.89315","268.6","2024-05-30","5.14",,"0.00",,"71","47","  340","  320","16.1","21.9",,,,,
"USW00093824","ZANESVILLE MUNICIPAL AIRPORT, OH US","39.94609","-81.89315","268.6","2024-05-31","2.01",,"0.00",,"76","41","   30","   90","8.9","14.1",,,,,
"USW00093824","ZANESVILLE MUNICIPAL AIRPORT, OH US","39.94609","-81.89315","268.6","2024-06-01","3.80",,"0.00",,"80","46","  180","  170","13.0","19.0",,,,,
"USW00093824","ZANESVILLE MUNICIPAL AIRPORT, OH US","39.94609","-81.89315","268.6","2024-06-02","5.59",,"0.07",,"73","62","  190","  200","12.1","19.9","    1",,,,"    1"
"USW00093824","ZANESVILLE MUNICIPAL AIRPORT, OH US","39.94609","-81.89315","268.6","2024-06-03","2.01",,"0.00",,"85","59","  190","  190","8.9","14.1","    1","    1",,,
"USW00093824","ZANESVILLE MUNICIPAL AIRPORT, OH US","39.94609","-81.89315","268.6","2024-06-04","3.58",,"0.00",,"87","62","  190","  180","14.1","19.9",,,,,
"USW00093824","ZANESVILLE MUNICIPAL AIRPORT, OH US","39.94609","-81.89315","268.6","2024-06-05","7.61",,"0.81",,"82","69","  180","  160","23.0","32.0","    1",,"    1",,
"USW00093824","ZANESVILLE MUNICIPAL AIRPORT, OH US","39.94609","-81.89315","268.6","2024-06-06","7.38",,"0.04",,"80","64","  200","  200","19.9","25.9","    1",,"    1",,
"USW00093824","ZANESVILLE MUNICIPAL AIRPORT, OH US","39.94609","-81.89315","268.6","2024-06-07","8.72",,"0.00",,"78","58","  280","  270","21.0","34.0",,,,,
"USW00093824","ZANESVILLE MUNICIPAL AIRPORT, OH US","39.94609","-81.89315","268.6","2024-06-08","5.14",,"0.00",,"79","51","  200","  200","14.1","19.9",,,,,
"USW00093824","ZANESVILLE MUNICIPAL AIRPORT, OH US","39.94609","-81.89315","268.6","2024-06-09","8.50",,"0.00",,"78","55","  270","  320","16.1","25.9",,,,,
"USW00093824","ZANESVILLE MUNICIPAL AIRPORT, OH US","39.94609","-81.89315","268.6","2024-06-10","4.70",,"0.00",,"69","49","  340","  320","14.1","19.9",,,,,
"USW00093824","ZANESVILLE MUNICIPAL AIRPORT, OH US","39.94609","-81.89315","268.6","2024-06-11","2.24",,"0.00",,"75","45","  310","  280","10.1","15.0","    1","    1",,,
"USW00093824","ZANESVILLE MUNICIPAL AIRPORT, OH US","39.94609","-81.89315","268.6","2024-06-12","3.13",,"0.00",,"81","50","  190","  200","10.1","17.0",,,,,
"USW00093824","ZANESVILLE MUNICIPAL AIRPORT, OH US","39.94609","-81.89315","268.6","2024-06-13","5.14",,"0.00",,"87","53","  170","  260","14.1","19.9",,,,,
"USW00093824","ZANESVILLE MUNICIPAL AIRPORT, OH US","39.94609","-81.89315","268.6","2024-06-14","4.25",,"0.05",,"86","63","  330","  350","16.1","23.0","    1",,"    1",,
"USW00093824","ZANESVILLE MUNICIPAL AIRPORT, OH US","39.94609","-81.89315","268.6","2024-06-15","3.58",,"0.00",,"82","51","   50","   50","13.0","21.9",,,,,
"USW00093824","ZANESVILLE MUNICIPAL AIRPORT, OH US","39.94609","-81.89315","268.6","2024-06-16","4.47",,"0.00",,"89","53","  190","  180","14.1","19.9",,,,,
"USW00093824","ZANESVILLE MUNICIPAL AIRPORT, OH US","39.94609","-81.89315","268.6","2024-06-17","2.68",,"0.00",,"95","64","  180","  180","14.1","18.1",,,"    1",,"    1"
"USW00093824","ZANESVILLE MUNICIPAL AIRPORT, OH US","39.94609","-81.89315","268.6","2024-06-18","2.91",,"0.00",,"93","69","  130","  190","10.1","16.1",,,,,
"USW00093824","ZANESVILLE MUNICIPAL AIRPORT, OH US","39.94609","-81.89315","268.6","2024-06-19","3.36",,"0.00",,"87","72","  160","  150","13.0","16.1",,,,,
"USW00093824","ZANESVILLE MUNICIPAL AIRPORT, OH US","39.94609","-81.89315","268.6","2024-06-20","2.24",,"0.00",,"92","68","  200","  190","12.1","16.1","    1",,,,
"USW00093824","ZANESVILLE MUNICIPAL AIRPORT, OH US","39.94609","-81.89315","268.6","2024-06-21","2.68",,"0.00",,"94","69","  210","  210","13.0","17.0",,,"    1",,
"USW00093824","ZANESVILLE MUNICIPAL AIRPORT, OH US","39.94609","-81.89315","268.6","2024-06-22","4.25",,"0.00",,"94","72","  200","  260","13.0","18.1","    1",,,,
"USW00093824","ZANESVILLE MUNICIPAL AIRPORT, OH US","39.94609","-81.89315","268.6","2024-06-23","7.16",,"0.27",,"85","72","  230","  230","19.9","30.0","    1",,,,"    1"
"USW00093824","ZANESVILLE MUNICIPAL AIRPORT, OH US","39.94609","-81.89315","268.6","2024-06-24","5.14",,"0.00",,"84","64","  330","  330","13.0","21.0",,,,,
"USW00093824","ZANESVILLE MUNICIPAL AIRPORT, OH US","39.94609","-81.89315","268.6","2024-06-25","6.26",,"0.05",,"83","59","  200","  200","16.1","23.9",,,,,
"USW00093824","ZANESVILLE MUNICIPAL AIRPORT, OH US","39.94609","-81.89315","268.6","2024-06-26","4.92",,"0.43",,"82","66","  290","  300","16.1","23.0","    1",,"    1",,
"USW00093824","ZANESVILLE MUNICIPAL AIRPORT, OH US","39.94609","-81.89315","268.6","2024-06-27","3.58",,"0.00",,"82","62","  330","  360","12.1","16.1","    1","    1",,,
"USW00093824","ZANESVILLE MUNICIPAL AIRPORT, OH US","39.94609","-81.89315","268.6","2024-06-28","5.14",,"0.00",,"90","59","  160","  160","15.0","19.9",,,,,
"USW00093824","ZANESVILLE MUNICIPAL AIRPORT, OH US","39.94609","-81.89315","268.6","2024-06-29","8.05",,"0.02",,"87","75","  180","  180","16.1","25.1","    1",,,,
"USW00093824","ZANESVILLE MUNICIPAL AIRPORT, OH US","39.94609","-81.89315","268.6","2024-06-30","8.05",,"0.03",,"86","60","  350","  350","17.0","27.1","    1",,"    1",,
"USW00093824","ZANESVILLE MUNICIPAL AIRPORT, OH US","39.94609","-81.89315","268.6","2024-07-01","6.04",,"0.00",,"79","52","   60","   20","16.1","21.9",,,,,
"USW00093824","ZANESVILLE MUNICIPAL AIRPORT, OH US","39.94609","-81.89315","268.6","2024-07-02","6.04",,"0.00",,"89","54","  120","  110","15.0","23.9",,,,,
"USW00093824","ZANESVILLE MUNICIPAL AIRPORT, OH US","39.94609","-81.89315","268.6","2024-07-03","9.84",,"0.70",,"94","70","  200","  220","18.1","25.9","    1",,"    1",,
"USW00093824","ZANESVILLE MUNICIPAL AIRPORT, OH US","39.94609","-81.89315","268.6","2024-07-04","5.14",,"0.00",,"86","71","  180","  190","15.0","19.0","    1",,,,
"USW00093824","ZANESVILLE MUNICIPAL AIRPORT, OH US","39.94609","-81.89315","268.6","2024-07-05","5.59",,"0.02",,"79","70","  270","  280","14.1","19.9",,,,,
"USW00093824","ZANESVILLE MUNICIPAL AIRPORT, OH US","39.94609","-81.89315","268.6","2024-07-06","4.92",,"0.00",,"85","68","  270","  270","15.0","21.9","    1","    1",,,"    1"
"USW00093824","ZANESVILLE MUNICIPAL AIRPORT, OH US","39.94609","-81.89315","268.6","2024-07-07","1.34",,"0.00",,"88","62","  210","  200","8.1","12.1","    1","    1",,,
"USW00093824","ZANESVILLE MUNICIPAL AIRPORT, OH US","39.94609","-81.89315","268.6","2024-07-08","1.57",,"0.00",,"90","63","  300","  110","8.1","11.0",,,,,
"USW00093824","ZANESVILLE MUNICIPAL AIRPORT, OH US","39.94609","-81.89315","268.6","2024-07-09","2.91",,"0.00",,"92","67","  130","   90","8.9","17.0",,,,,
"USW00093824","ZANESVILLE MUNICIPAL AIRPORT, OH US","39.94609","-81.89315","268.6","2024-07-10","10.96",,"0.12",,"81","66","  220","  200","25.1","45.0","    1",,,,"    1"
"USW00093824","ZANESVILLE MUNICIPAL AIRPORT, OH US","39.94609","-81.89315","268.6","2024-07-11","4.70",,"0.00",,"87","61","  320","  340","12.1","19.0",,,,,
"USW00093824","ZANESVILLE MUNICIPAL AIRPORT, OH US","39.94609","-81.89315","268.6","2024-07-12","2.01",,"0.00",,"92","62","  300","  290","8.9","15.0",,,,,
"USW00093824","ZANESVILLE MUNICIPAL AIRPORT, OH US","39.94609","-81.89315","268.6","2024-07-13","2.91",,"0.00",,"94","67","  320","  300","13.0","19.9",,,,,
"USW00093824","ZANESVILLE MUNICIPAL AIRPORT, OH US","39.94609","-81.89315","268.6","2024-07-14","4.25",,"0.10",,"95","67","  260","  260","28.0","40.9","    1",,"    1",,"    1"
"USW00093824","ZANESVILLE MUNICIPAL AIRPORT, OH US","39.94609","-81.89315","268.6","2024-07-15","5.82",,"0.89",,"93","68","  300","  300","36.9","55.9","    1",,"    1",,"    1"
"USW00093824","ZANESVILLE MUNICIPAL AIRPORT, OH US","39.94609","-81.89315","268.6","2024-07-16","6.93",,"0.00",,"90","69","  240","  230","15.0","21.9",,,,,
"USW00093824","ZANESVILLE MUNICIPAL AIRPORT, OH US","39.94609","-81.89315","268.6","2024-07-17","4.70",,"0.36",,"87","68","  320","  330","17.0","23.0","    1",,,,
"USW00093824","ZANESVILLE MUNICIPAL AIRPORT, OH US","39.94609","-81.89315","268.6","2024-07-18","4.92",,"0.00",,"82","62","  350","  350","13.0","19.9","    1",,,,
"USW00093824","ZANESVILLE MUNICIPAL AIRPORT, OH US","39.94609","-81.89315","268.6","2024-07-19","2.91",,"0.00",,"83","56","  330","  320","8.9","14.1",,,,,
"USW00093824","ZANESVILLE MUNICIPAL AIRPORT, OH US","39.94609","-81.89315","268.6","2024-07-20","2.68",,"0.00",,"86","60","  300","  350","13.0","19.0",,,,,
"USW00093824","ZANESVILLE MUNICIPAL AIRPORT, OH US","39.94609","-81.89315","268.6","2024-07-21","1.57",,"0.00",,"84","58","  340","  350","12.1","18.1",,,,,
"USW00093824","ZANESVILLE MUNICIPAL AIRPORT, OH US","39.94609","-81.89315","268.6","2024-07-22","2.01",,"0.04",,"78","65","  170","  190","6.9","10.1",,,,,
"USW00093824","ZANESVILLE MUNICIPAL AIRPORT, OH US","39.94609","-81.89315","268.6","2024-07-23","3.13",,"0.05",,"84","62","  280","  250","14.1","25.9","    1",,"    1",,
"USW00093824","ZANESVILLE MUNICIPAL AIRPORT, OH US","39.94609","-81.89315","268.6","2024-07-24","4.47",,"0.01",,"87","64","  300","  300","17.0","25.9","    1","    1","    1",,
"USW00093824","ZANESVILLE MUNICIPAL AIRPORT, OH US","39.94609","-81.89315","268.6","2024-07-25","3.80",,"0.00",,"86","62","  320","  360","16.1","21.0","    1","    1",,,
"USW00093824","ZANESVILLE MUNICIPAL AIRPORT, OH US","39.94609","-81.89315","268.6","2024-07-26","4.03",,"0.00",,"83","56","   30","   20","14.1","19.9",,,,,
"USW00093824","ZANESVILLE MUNICIPAL AIRPORT, OH US","39.94609","-81.89315","268.6","2024-07-27","2.01",,"0.00",,"90","54","  120","  130","10.1","18.1",,,,,
"USW00093824","ZANESVILLE MUNICIPAL AIRPORT, OH US","39.94609","-81.89315","268.6","2024-07-28","2.01",,"0.00",,"93","58","  240","  280","8.9","14.1",,,,,
"USW00093824","ZANESVILLE MUNICIPAL AIRPORT, OH US","39.94609","-81.89315","268.6","2024-07-29","4.92",,"0.58",,"86","70","  320","  310","21.9","29.1","    1",,"    1",,
"USW00093824","ZANESVILLE MUNICIPAL AIRPORT, OH US","39.94609","-81.89315","268.6","2024-07-30","6.26",,"0.03",,"87","72","  280","  270","16.1","23.9",,,,,
"USW00093824","ZANESVILLE MUNICIPAL AIRPORT, OH US","39.94609","-81.89315","268.6","2024-07-31","4.25",,"0.00",,"92","68","  240","  270","13.0","18.1",,,,,
"USW00093824","ZANESVILLE MUNICIPAL AIRPORT, OH US","39.94609","-81.89315","268.6","2024-08-01","6.04",,"0.00",,"91","71","  310","  310","16.1","23.9","    1",,"    1",,
"USW00093824","ZANESVILLE MUNICIPAL AIRPORT, OH US","39.94609","-81.89315","268.6","2024-08-02","4.25",,"0.03",,"84","70","  260","  270","19.9","29.1","    1",,"    1",,
"USW00093824","ZANESVILLE MUNICIPAL AIRPORT, OH US","39.94609","-81.89315","268.6","2024-08-03","3.36",,"0.00",,"83","68","  290","  300","12.1","16.1","    1",,,,
"USW00093824","ZANESVILLE MUNICIPAL AIRPORT, OH US","39.94609","-81.89315","268.6","2024-08-04","1.34",,"0.00",,"89","66","  310","  330","8.9","14.1","    1","    1",,,
"USW00093824","ZANESVILLE MUNICIPAL AIRPORT, OH US","39.94609","-81.89315","268.6","2024-08-05","3.36",,"0.00",,"89","68","  270","  280","14.1","19.0",,,,,
"USW00093824","ZANESVILLE MUNICIPAL AIRPORT, OH US","39.94609","-81.89315","268.6","2024-08-06","4.70",,"0.00",,"92","70","   20","   30","18.1","27.1","    1",,,,
"USW00093824","ZANESVILLE MUNICIPAL AIRPORT, OH US","39.94609","-81.89315","268.6","2024-08-07","6.71",,"0.00",,"84","69","   30","  360","14.1","21.0",,,,,
"USW00093824","ZANESVILLE MUNICIPAL AIRPORT, OH US","39.94609","-81.89315","268.6","2024-08-08","3.58",,"0.00",,"89","68","  340","  340","8.9","14.1",,,,,
"USW00093824","ZANESVILLE MUNICIPAL AIRPORT, OH US","39.94609","-81.89315","268.6","2024-08-09","7.83",,"0.01",,"85","68","  320","  290","16.1","23.9","    1",,,,
"USW00093824","ZANESVILLE MUNICIPAL AIRPORT, OH US","39.94609","-81.89315","268.6","2024-08-10","4.70",,"0.00",,"77","57","  290","  240","12.1","16.1",,,,,
"USW00093824","ZANESVILLE MUNICIPAL AIRPORT, OH US","39.94609","-81.89315","268.6","2024-08-11","2.91",,"0.00",,"78","53","  250","  280","13.0","19.9",,,,,
"USW00093824","ZANESVILLE MUNICIPAL AIRPORT, OH US","39.94609","-81.89315","268.6","2024-08-12","3.36",,"0.00",,"81","53","  320","  320","13.0","19.0",,,,,
"USW00093824","ZANESVILLE MUNICIPAL AIRPORT, OH US","39.94609","-81.89315","268.6","2024-08-13","2.01",,"0.00",,"85","59","   30","   30","10.1","18.1",,,,,
"USW00093824","ZANESVILLE MUNICIPAL AIRPORT, OH US","39.94609","-81.89315","268.6","2024-08-14","2.24",,"0.00",,"86","57","  310","  360","12.1","17.0",,,,,
"USW00093824","ZANESVILLE MUNICIPAL AIRPORT, OH US","39.94609","-81.89315","268.6","2024-08-15","1.12",,"0.00",,"88","58","  280","  240","8.9","14.1",,,,,
"USW00093824","ZANESVILLE MUNICIPAL AIRPORT, OH US","39.94609","-81.89315","268.6","2024-08-16","6.04",,"0.01",,"83","69","  200","  200","17.0","23.9",,,,,
"USW00093824","ZANESVILLE MUNICIPAL AIRPORT, OH US","39.94609","-81.89315","268.6","2024-08-17","8.28",,"0.11",,"90","68","  190","  190","29.1","38.0","    1",,"    1",,
"USW00093824","ZANESVILLE MUNICIPAL AIRPORT, OH US","39.94609","-81.89315","268.6","2024-08-18","5.82",,"0.00",,"83","67","  300","  240","12.1","18.1","    1",,,,
"USW00093824","ZANESVILLE MUNICIPAL AIRPORT, OH US","39.94609","-81.89315","268.6","2024-08-19","7.83",,"0.00",,"74","55","  330","  330","16.1","23.9",,,,,
"USW00093824","ZANESVILLE MUNICIPAL AIRPORT, OH US","39.94609","-81.89315","268.6","2024-08-20","6.26",,"0.00",,"72","50","  360","  350","15.0","23.0",,,,,
"USW00093824","ZANESVILLE MUNICIPAL AIRPORT, OH US","39.94609","-81.89315","268.6","2024-08-21","3.36",,"0.00",,"75","45","  330","  330","14.1","19.0",,,,,
"USW00093824","ZANESVILLE MUNICIPAL AIRPORT, OH US","39.94609","-81.89315","268.6","2024-08-22","2.24",,"0.00",,"79","45","   30","   20","12.1","19.0",,,,,
"USW00093824","ZANESVILLE MUNICIPAL AIRPORT, OH US","39.94609","-81.89315","268.6","2024-08-23","1.79",,"0.00",,"86","48","  360","  200","8.1","14.1",,,,,
"USW00093824","ZANESVILLE MUNICIPAL AIRPORT, OH US","39.94609","-81.89315","268.6","2024-08-24","1.79",,"0.00",,"90","52","  360","  230","10.1","17.0",,,,,
"USW00093824","ZANESVILLE MUNICIPAL AIRPORT, OH US","39.94609","-81.89315","268.6","2024-08-25","1.12",,"0.00",,"94","59","  230","  160","8.1","12.1",,,,,
"USW00093824","ZANESVILLE MUNICIPAL AIRPORT, OH US","39.94609","-81.89315","268.6","2024-08-26","2.01",,"0.00",,"95","64","  320","  320","12.1","15.0",,,,,
"USW00093824","ZANESVILLE MUNICIPAL AIRPORT, OH US","39.94609","-81.89315","268.6","2024-08-27","3.36",,"0.00",,"98","67","  270","  190","13.0","18.1",,,,,
"USW00093824","ZANESVILLE MUNICIPAL AIRPORT, OH US","39.94609","-81.89315","268.6","2024-08-28","2.91",,"0.00",,"97","68","  310","  310","13.0","19.0",,,,,
"USW00093824","ZANESVILLE MUNICIPAL AIRPORT, OH US","39.94609","-81.89315","268.6","2024-08-29","2.68",,"0.00",,"95","71","  340","   20","10.1","17.0",,,,,
"USW00093824","ZANESVILLE MUNICIPAL AIRPORT, OH US","39.94609","-81.89315","268.6","2024-08-30","3.58",,"0.00",,"97","67","  310","  310","14.1","18.1",,,"    1",,
"USW00093824","ZANESVILLE MUNICIPAL AIRPORT, OH US","39.94609","-81.89315","268.6","2024-08-31","4.03"," 1841","0.01",,"90","68","  180","  180","15.0","21.0",,,,,
"USW00093824","ZANESVILLE MUNICIPAL AIRPORT, OH US","39.94609","-81.89315","268.6","2024-09-01","6.71",,"0.00",,"90","68","  330","   10","16.1","23.9","    1",,,,
"USW00093824","ZANESVILLE MUNICIPAL AIRPORT, OH US","39.94609","-81.89315","268.6","2024-09-02","6.93",,"0.00",,"78","55","  330","  310","17.0","23.9",,,,,
"USW00093824","ZANESVILLE MUNICIPAL AIRPORT, OH US","39.94609","-81.89315","268.6","2024-09-03","5.59",,"0.00",,"80","47","   80","   80","16.1","21.9",,,,,
"USW00093824","ZANESVILLE MUNICIPAL AIRPORT, OH US","39.94609","-81.89315","268.6","2024-09-04","2.24",,"0.00",,"86","47","  150","  130","12.1","17.0",,,,,
"USW00093824","ZANESVILLE MUNICIPAL AIRPORT, OH US","39.94609","-81.89315","268.6","2024-09-05","2.24",,"0.00",,"88","50","  170","  180","15.0","18.1",,,,,
"USW00093824","ZANESVILLE MUNICIPAL AIRPORT, OH US","39.94609","-81.89315","268.6","2024-09-06","5.82",,"0.35",,"90","55","  320","  330","25.9","36.9","    1",,"    1",,
"USW00093824","ZANESVILLE MUNICIPAL AIRPORT, OH US","39.94609","-81.89315","268.6","2024-09-07","7.61",,"0.00",,"69","46","  320","  310","18.1","25.1",,,,,
"USW00093824","ZANESVILLE MUNICIPAL AIRPORT, OH US","39.94609","-81.89315","268.6","2024-09-08","2.46",,"0.00",,"71","39","  310","  290","13.0","16.1",,,,,
"USW00093824","ZANESVILLE MUNICIPAL AIRPORT, OH US","39.94609","-81.89315","268.6","2024-09-09","3.13",,"0.00",,"79","41","  270","  240","14.1","19.9",,,,,
"USW00093824","ZANESVILLE MUNICIPAL AIRPORT, OH US","39.94609","-81.89315","268.6","2024-09-10","2.01",,"0.00",,"84","47","  330","  290","10.1","15.0",,,,,
"USW00093824","ZANESVILLE MUNICIPAL AIRPORT, OH US","39.94609","-81.89315","268.6","2024-09-11","2.24",,"0.00",,"88","51","   50","   50","12.1","16.1",,,,,
"USW00093824","ZANESVILLE MUNICIPAL AIRPORT, OH US","39.94609","-81.89315","268.6","2024-09-12","4.70",,"0.00",,"88","53","   70","   90","15.0","23.0",,,,,
"USW00093824","ZANESVILLE MUNICIPAL AIRPORT, OH US","39.94609","-81.89315","268.6","2024-09-13","4.03",,"0.00",,"88","55","  100","   90","14.1","19.9",,,,,
"USW00093824","ZANESVILLE MUNICIPAL AIRPORT, OH US","39.94609","-81.89315","268.6","2024-09-14","4.92",,"0.00",,"89","57","  100","  150","16.1","21.9",,,,,
"USW00093824","ZANESVILLE MUNICIPAL AIRPORT, OH US","39.94609","-81.89315","268.6","2024-09-15","4.70",,"0.00",,"89","54","   80","   40","14.1","21.0",,,,,
"USW00093824","ZANESVILLE MUNICIPAL AIRPORT, OH US","39.94609","-81.89315","268.6","2024-09-16","4.03",,"0.00",,"84","53","  100","  100","14.1","19.9",,,,,
"USW00093824","ZANESVILLE MUNICIPAL AIRPORT, OH US","39.94609","-81.89315","268.6","2024-09-17","4.47",,"0.00",,"83","58","  100","   90","14.1","19.0",,,,,
"USW00093824","ZANESVILLE MUNICIPAL AIRPORT, OH US","39.94609","-81.89315","268.6","2024-09-18","4.92",,"0.00",,"89","65","   80","   70","13.0","18.1",,,,,
"USW00093824","ZANESVILLE MUNICIPAL AIRPORT, OH US","39.94609","-81.89315","268.6","2024-09-19","2.46",,"0.00",,"86","62","  330","  330","12.1","21.9",,,,,
"USW00093824","ZANESVILLE MUNICIPAL AIRPORT, OH US","39.94609","-81.89315","268.6","2024-09-20","1.79",,"0.00",,"90","56","  320","  250","8.9","16.1",,,,,
"USW00093824","ZANESVILLE MUNICIPAL AIRPORT, OH US","39.94609","-81.89315","268.6","2024-09-21","3.36",,"0.00",,"93","61","  300","  290","18.1","23.9",,,,,
"USW00093824","ZANESVILLE MUNICIPAL AIRPORT, OH US","39.94609","-81.89315","268.6","2024-09-22","2.68",,"0.05",,"94","53","  250","  260","18.1","29.1",,,,,
"USW00093824","ZANESVILLE MUNICIPAL AIRPORT, OH US","39.94609","-81.89315","268.6","2024-09-23","4.03",,"0.13",,"77","66","  320","  320","14.1","17.0","    1",,,,
"USW00093824","ZANESVILLE MUNICIPAL AIRPORT, OH US","39.94609","-81.89315","268.6","2024-09-24","6.26",,"0.02",,"78","64","  160","  140","17.0","23.0","    1",,,,
"USW00093824","ZANESVILLE MUNICIPAL AIRPORT, OH US","39.94609","-81.89315","268.6","2024-09-25","4.92",,"1.11",,"78","66","  200","  220","18.1","28.0","    1",,"    1",,
"USW00093824","ZANESVILLE MUNICIPAL AIRPORT, OH US","39.94609","-81.89315","268.6","2024-09-26","3.80"," 1937","0.02",,"76","66","  110","   40","8.1","12.1",,,,,
"USW00093824","ZANESVILLE MUNICIPAL AIRPORT, OH US","39.94609","-81.89315","268.6","2024-09-27","10.07"," 1402","0.41",,"73","65","   60","   60","23.9","36.0","    1",,"    1",,
"USW00093824","ZANESVILLE MUNICIPAL AIRPORT, OH US","39.94609","-81.89315","268.6","2024-09-28","2.91"," 0027","0.09",,"73","62","   20","  100","6.9","10.1","    1",,,,
"USW00093824","ZANESVILLE MUNICIPAL AIRPORT, OH US","39.94609","-81.89315","268.6","2024-09-29","4.92"," 2335","0.53",,"72","65","   30","   30","8.1","13.0","    1",,,,
"USW00093824","ZANESVILLE MUNICIPAL AIRPORT, OH US","39.94609","-81.89315","268.6","2024-09-30","5.59"," 1604","0.23",,"71","66","   90","   90","10.1","14.1","    1",,,,
"USW00093824","ZANESVILLE MUNICIPAL AIRPORT, OH US","39.94609","-81.89315","268.6","2024-10-01","3.36",,"0.00",,"73","64","  330","  330","14.1","19.9","    1",,,,
"USW00093824","ZANESVILLE MUNICIPAL AIRPORT, OH US","39.94609","-81.89315","268.6","2024-10-02","5.14",,"0.00",,"72","52","  330","  350","14.1","21.9",,,,,
"USW00093824","ZANESVILLE MUNICIPAL AIRPORT, OH US","39.94609","-81.89315","268.6","2024-10-03","1.79",,"0.00",,"77","46","  180","  190","10.1","13.0",,,,,"    1"
"USW00093824","ZANESVILLE MUNICIPAL AIRPORT, OH US","39.94609","-81.89315","268.6","2024-10-04","2.24",,"0.00",,"81","49","  320","  260","8.9","13.0",,,,,
"USW00093824","ZANESVILLE MUNICIPAL AIRPORT, OH US","39.94609","-81.89315","268.6","2024-10-05","2.46",,"0.00",,"77","51","   40","  100","8.9","16.1","    1","    1",,,
"USW00093824","ZANESVILLE MUNICIPAL AIRPORT, OH US","39.94609","-81.89315","268.6","2024-10-06","7.16",,"0.02",,"85","50","  300","  220","19.9","30.0","    1",,"    1",,
"USW00093824","ZANESVILLE MUNICIPAL AIRPORT, OH US","39.94609","-81.89315","268.6","2024-10-07","4.92",,"0.00",,"66","45","  310","  360","14.1","21.0",,,,,
"USW00093824","ZANESVILLE MUNICIPAL AIRPORT, OH US","39.94609","-81.89315","268.6","2024-10-08","2.68",,"0.00",,"69","38","  290","  280","14.1","21.0",,,,,
"USW00093824","ZANESVILLE MUNICIPAL AIRPORT, OH US","39.94609","-81.89315","268.6","2024-10-09","3.58",,"0.00",,"68","40","  340","  340","15.0","21.9",,,,,
"USW00093824","ZANESVILLE MUNICIPAL AIRPORT, OH US","39.94609","-81.89315","268.6","2024-10-10","2.24",,"0.00",,"65","36","  330","   60","12.1","28.0",,,,,
"USW00093824","ZANESVILLE MUNICIPAL AIRPORT, OH US","39.94609","-81.89315","268.6","2024-10-11","3.80",,"0.00",,"71","35","  210","  260","12.1","17.0",,,,,
"USW00093824","ZANESVILLE MUNICIPAL AIRPORT, OH US","39.94609","-81.89315","268.6","2024-10-12","3.58",,"0.00",,"77","43","  200","  210","10.1","15.0",,,,,
"USW00093824","ZANESVILLE MUNICIPAL AIRPORT, OH US","39.94609","-81.89315","268.6","2024-10-13","11.18",,"0.00",,"80","57","  310","  300","23.0","36.9",,,,,
"USW00093824","ZANESVILLE MUNICIPAL AIRPORT, OH US","39.94609","-81.89315","268.6","2024-10-14","6.71",,"0.04",,"57","44","  290","  280","21.0","32.0","    1",,,,
"USW00093824","ZANESVILLE MUNICIPAL AIRPORT, OH US","39.94609","-81.89315","268.6","2024-10-15","3.58",,"0.07",,"54","36","  360","   10","19.9","31.1","    1",,,,
"USW00093824","ZANESVILLE MUNICIPAL AIRPORT, OH US","39.94609","-81.89315","268.6","2024-10-16","4.92",,"0.00",,"53","32","  310","  320","16.1","23.0",,,,,
"USW00093824","ZANESVILLE MUNICIPAL AIRPORT, OH US","39.94609","-81.89315","268.6","2024-10-17","1.12",,"0.00",,"62","30","  290","  300","12.1","16.1",,,,,
"USW00093824","ZANESVILLE MUNICIPAL AIRPORT, OH US","39.94609","-81.89315","268.6","2024-10-18","0.67",,"0.00",,"69","31","   80","   90","8.1","12.1",,,,,
"USW00093824","ZANESVILLE MUNICIPAL AIRPORT, OH US","39.94609","-81.89315","268.6","2024-10-19","0.00",,"0.00",,"75","33","  330","  340","6.9","10.1",,,,,
"USW00093824","ZANESVILLE MUNICIPAL AIRPORT, OH US","39.94609","-81.89315","268.6","2024-10-20","1.79",,"0.00",,"74","36","  290","  310","12.1","15.0",,,,,
"USW00093824","ZANESVILLE MUNICIPAL AIRPORT, OH US","39.94609","-81.89315","268.6","2024-10-21","2.24",,"0.00",,"77","38","  210","  230","8.9","14.1",,,,,"    1"
"USW00093824","ZANESVILLE MUNICIPAL AIRPORT, OH US","39.94609","-81.89315","268.6","2024-10-22","3.58",,"0.00",,"81","43","  170","  200","13.0","17.0",,,,,
"USW00093824","ZANESVILLE MUNICIPAL AIRPORT, OH US","39.94609","-81.89315","268.6","2024-10-23","6.93",,"0.00",,"77","46","  320","  310","18.1","25.9",,,,,
"USW00093824","ZANESVILLE MUNICIPAL AIRPORT, OH US","39.94609","-81.89315","268.6","2024-10-24","2.01",,"0.00",,"63","38","  320","   50","10.1","14.1",,,,,"    1"
"USW00093824","ZANESVILLE MUNICIPAL AIRPORT, OH US","39.94609","-81.89315","268.6","2024-10-25","3.58",,"0.00",,"69","32","  200","  200","16.1","21.0",,,,,
"USW00093824","ZANESVILLE MUNICIPAL AIRPORT, OH US","39.94609","-81.89315","268.6","2024-10-26","5.14",,"0.00",,"63","36","  320","  320","15.0","21.0","    1",,,,
"USW00093824","ZANESVILLE MUNICIPAL AIRPORT, OH US","39.94609","-81.89315","268.6","2024-10-27","2.01",,"0.00",,"60","30","   80","   60","13.0","16.1",,,,,
"USW00093824","ZANESVILLE MUNICIPAL AIRPORT, OH US","39.94609","-81.89315","268.6","2024-10-28","1.57",,"0.00",,"69","28","  170","  170","13.0","18.1",,,,,
"USW00093824","ZANESVILLE MUNICIPAL AIRPORT, OH US","39.94609","-81.89315","268.6","2024-10-29","7.83",,"0.00",,"80","48","  190","  200","18.1","29.1",,,,,
"USW00093824","ZANESVILLE MUNICIPAL AIRPORT, OH US","39.94609","-81.89315","268.6","2024-10-30","6.26",,"0.00",,"79","54","  190","  200","17.0","23.9",,,,,
"USW00093824","ZANESVILLE MUNICIPAL AIRPORT, OH US","39.94609","-81.89315","268.6","2024-10-31","9.40",,"0.06",,"79","55","  270","  260","21.9","33.1","    1",,,,
"USW00093824","ZANESVILLE MUNICIPAL AIRPORT, OH US","39.94609","-81.89315","268.6","2024-11-01","6.04",,"0.00",,"64","38","  270","  270","17.0","27.1",,,,,
"USW00093824","ZANESVILLE MUNICIPAL AIRPORT, OH US","39.94609","-81.89315","268.6","2024-11-02","1.34",,"0.00",,"61","30","   50","  280","8.1","12.1","    1",,,,
"USW00093824","ZANESVILLE MUNICIPAL AIRPORT, OH US","39.94609","-81.89315","268.6","2024-11-03","4.70",,"0.00",,"71","35","  100","  130","13.0","17.0",,,,,
"USW00093824","ZANESVILLE MUNICIPAL AIRPORT, OH US","39.94609","-81.89315","268.6","2024-11-04","10.07",,"0.00",,"75","57","  170","  190","17.0","23.9",,,,,
"USW00093824","ZANESVILLE MUNICIPAL AIRPORT, OH US","39.94609","-81.89315","268.6","2024-11-05","10.96",,"0.00",,"82","62","  190","  180","21.0","28.0",,,,,
"USW00093824","ZANESVILLE MUNICIPAL AIRPORT, OH US","39.94609","-81.89315","268.6","2024-11-06","5.82",,"0.12",,"71","63","  180","  180","16.1","23.9","    1",,,,"    1"
"USW00093824","ZANESVILLE MUNICIPAL AIRPORT, OH US","39.94609","-81.89315","268.6","2024-11-07","4.03",,"0.00",,"66","47","  330","   10","8.9","14.1","    1",,,,
"USW00093824","ZANESVILLE MUNICIPAL AIRPORT, OH US","39.94609","-81.89315","268.6","2024-11-08","3.80",,"0.00",,"66","34","  260","  290","14.1","21.0","    1","    1",,,
"USW00093824","ZANESVILLE MUNICIPAL AIRPORT, OH US","39.94609","-81.89315","268.6","2024-11-09","3.13",,"0.00",,"61","32","  100","  140","13.0","17.0",,,,,
"USW00093824","ZANESVILLE MUNICIPAL AIRPORT, OH US","39.94609","-81.89315","268.6","2024-11-10","8.50",,"0.63",,"63","51","  170","  180","15.0","23.0","    1",,,,
"USW00093824","ZANESVILLE MUNICIPAL AIRPORT, OH US","39.94609","-81.89315","268.6","2024-11-11","10.07",,"0.00",,"63","46","  260","  250","19.9","31.1",,,,,
"USW00093824","ZANESVILLE MUNICIPAL AIRPORT, OH US","39.94609","-81.89315","268.6","2024-11-12","6.04",,"0.00",,"54","38","   60","   40","15.0","23.0",,,,,
"USW00093824","ZANESVILLE MUNICIPAL AIRPORT, OH US","39.94609","-81.89315","268.6","2024-11-13","6.26",,"0.00",,"61","34","  110","  100","14.1","18.1",,,,,
"USW00093824","ZANESVILLE MUNICIPAL AIRPORT, OH US","39.94609","-81.89315","268.6","2024-11-14","8.72",,"0.64",,"55","42","  150","  160","16.1","23.9","    1",,,,
"USW00093824","ZANESVILLE MUNICIPAL AIRPORT, OH US","39.94609","-81.89315","268.6","2024-11-15","5.59",,"0.01",,"52","49","  290","  280","13.0","19.0","    1",,,,
"USW00093824","ZANESVILLE MUNICIPAL AIRPORT, OH US","39.94609","-81.89315","268.6","2024-11-16","3.58",,"0.00",,"51","43","  350","  360","8.9","13.0",,,,,
"USW00093824","ZANESVILLE MUNICIPAL AIRPORT, OH US","39.94609","-81.89315","268.6","2024-11-17","2.91",,"0.00",,"58","32","  170","  190","14.1","17.0","    1",,,,
"USW00093824","ZANESVILLE MUNICIPAL AIRPORT, OH US","39.94609","-81.89315","268.6","2024-11-18","1.57",,"0.00",,"66","45","  110","  190","6.0","8.9",,,,,
"USW00093824","ZANESVILLE MUNICIPAL AIRPORT, OH US","39.94609","-81.89315","268.6","2024-11-19","6.49",,"0.18",,"60","51","  170","  160","13.0","19.9","    1",,,,
"USW00093824","ZANESVILLE MUNICIPAL AIRPORT, OH US","39.94609","-81.89315","268.6","2024-11-20","6.93",,"0.14",,"64","37","  290","  300","32.0","48.1","    1","    1",,,
"USW00093824","ZANESVILLE MUNICIPAL AIRPORT, OH US","39.94609","-81.89315","268.6","2024-11-21","7.61",,"0.02",,"41","31","  270","  250","18.1","23.9","    1",,,,
"USW00093824","ZANESVILLE MUNICIPAL AIRPORT, OH US","39.94609","-81.89315","268.6","2024-11-22","10.51",,"0.03",,"45","31","  290","  260","23.9","35.1","    1",,,,
"USW00093824","ZANESVILLE MUNICIPAL AIRPORT, OH US","39.94609","-81.89315","268.6","2024-11-23","9.62",,"0.00",,"47","43","  300","  310","18.1","25.9","    1",,,,
"USW00093824","ZANESVILLE MUNICIPAL AIRPORT, OH US","39.94609","-81.89315","268.6","2024-11-24","4.70",,"0.00",,"50","33","  270","  220","12.1","17.0",,,,,
"USW00093824","ZANESVILLE MUNICIPAL AIRPORT, OH US","39.94609","-81.89315","268.6","2024-11-25","4.70",,"0.32",,"59","30","  260","  270","14.1","19.0","    1",,"    1",,
"USW00093824","ZANESVILLE MUNICIPAL AIRPORT, OH US","39.94609","-81.89315","268.6","2024-11-26","9.84",,"0.00",,"59","35","  290","  290","23.0","34.0","    1",,,,
"USW00093824","ZANESVILLE MUNICIPAL AIRPORT, OH US","39.94609","-81.89315","268.6","2024-11-27","3.13",,"0.31",,"46","32","   30","   40","10.1","13.0","    1",,,,
"USW00093824","ZANESVILLE MUNICIPAL AIRPORT, OH US","39.94609","-81.89315","268.6","2024-11-28","8.05",,"0.12",,"42","37","  290","  300","16.1","21.9","    1",,,,
"USW00093824","ZANESVILLE MUNICIPAL AIRPORT, OH US","39.94609","-81.89315","268.6","2024-11-29","11.41",,"0.00",,"38","22","  260","  280","23.0","32.0","    1",,,,"    1"
"USW00093824","ZANESVILLE MUNICIPAL AIRPORT, OH US","39.94609","-81.89315","268.6","2024-11-30","8.05",,"0.00",,"31","19","  250","  220","16.1","25.9",,,,,
"USW00093824","ZANESVILLE MUNICIPAL AIRPORT, OH US","39.94609","-81.89315","268.6","2024-12-01","7.16",,"0.00",,"32","24","  290","  300","15.0","21.9",,,,,
"USW00093824","ZANESVILLE MUNICIPAL AIRPORT, OH US","39.94609","-81.89315","268.6","2024-12-02","4.92"," 0340","0.00",,"31","24","  290","  290","12.1","16.1",,,,,
"USW00093824","ZANESVILLE MUNICIPAL AIRPORT, OH US","39.94609","-81.89315","268.6","2024-12-03","5.82"," 1301","0.00",,"30","17","  250","  240","14.1","19.9",,,,,
"USW00093824","ZANESVILLE MUNICIPAL AIRPORT, OH US","39.94609","-81.89315","268.6","2024-12-04","11.41"," 2236","0.06",,"47","21","  260","  250","31.1","50.1",,,,,
"USW00093824","ZANESVILLE MUNICIPAL AIRPORT, OH US","39.94609","-81.89315","268.6","2024-12-05","14.54"," 0135","0.00",,"38","22","  290","  290","32.0","59.1",,,,,
"USW00093824","ZANESVILLE MUNICIPAL AIRPORT, OH US","39.94609","-81.89315","268.6","2024-12-06","6.49"," 1433","0.00",,"35","15","  260","  270","16.1","23.9",,,,,
"USW00093824","ZANESVILLE MUNICIPAL AIRPORT, OH US","39.94609","-81.89315","268.6","2024-12-07","8.72"," 2232","0.00",,"41","25","  200","  220","17.0","27.1",,,,,
"USW00093824","ZANESVILLE MUNICIPAL AIRPORT, OH US","39.94609","-81.89315","268.6","2024-12-08","8.50"," 1018","0.00",,"57","36","  240","  260","18.1","31.1",,,,,
"USW00093824","ZANESVILLE MUNICIPAL AIRPORT, OH US","39.94609","-81.89315","268.6","2024-12-09","8.95"," 1036","0.53",,"58","45","  200","  200","16.1","25.1","    1",,,,
"USW00093824","ZANESVILLE MUNICIPAL AIRPORT, OH US","39.94609","-81.89315","268.6","2024-12-10","4.03"," 1650","0.14",,"56","41","  300","  300","16.1","21.0",,,,,
"USW00093824","ZANESVILLE MUNICIPAL AIRPORT, OH US","39.94609","-81.89315","268.6","2024-12-11","9.62"," 2337","0.02",,"46","30","  290","  280","25.1","35.1",,,,,
"USW00093824","ZANESVILLE MUNICIPAL AIRPORT, OH US","39.94609","-81.89315","268.6","2024-12-12","12.30"," 0115","0.00",,"31","22","  260","  280","25.1","38.9",,,,,
"USW00093824","ZANESVILLE MUNICIPAL AIRPORT, OH US","39.94609","-81.89315","268.6","2024-12-13","4.03"," 1129","0.00",,"32","22","   50","   30","6.9","10.1",,,,,
"USW00093824","ZANESVILLE MUNICIPAL AIRPORT, OH US","39.94609","-81.89315","268.6","2024-12-14","4.92"," 2144","0.00",,"49","22","  100","  110","10.1","14.1",,,,,
"USW00093824","ZANESVILLE MUNICIPAL AIRPORT, OH US","39.94609","-81.89315","268.6","2024-12-15","9.40"," 0944","0.52",,"47","37","  170","  150","18.1","27.1",,,,,
"USW00093824","ZANESVILLE MUNICIPAL AIRPORT, OH US","39.94609","-81.89315","268.6","2024-12-16","8.05"," 2139","0.28",,"59","47","  240","  240","17.0","28.0",,"    1",,,
"USW00093824","ZANESVILLE MUNICIPAL AIRPORT, OH US","39.94609","-81.89315","268.6","2024-12-17","6.71"," 0053","0.00",,"58","32","  280","  250","19.9","29.1",,,,,
"USW00093824","ZANESVILLE MUNICIPAL AIRPORT, OH US","39.94609","-81.89315","268.6","2024-12-18","4.25"," 2017","0.29",,"39","29","  320","  310","14.1","19.0",,,,,
"USW00093824","ZANESVILLE MUNICIPAL AIRPORT, OH US","39.94609","-81.89315","268.6","2024-12-19","2.24"," 0115","0.00",,"39","34","  290","  290","12.1","16.1",,,,,
"USW00093824","ZANESVILLE MUNICIPAL AIRPORT, OH US","39.94609","-81.89315","268.6","2024-12-20","4.47"," 2304","0.08",,"40","33","  320","  360","14.1","18.1",,,,,
"USW00093824","ZANESVILLE MUNICIPAL AIRPORT, OH US","39.94609","-81.89315","268.6","2024-12-21","8.28"," 0029","0.00",,"33","24","  310","  350","17.0","28.0",,,,,
"USW00093824","ZANESVILLE MUNICIPAL AIRPORT, OH US","39.94609","-81.89315","268.6","2024-12-22","1.57"," 2019","0.00",,"30","16","  150","  130","8.1","8.9",,,,,
"USW00093824","ZANESVILLE MUNICIPAL AIRPORT, OH US","39.94609","-81.89315","268.6","2024-12-23","6.71"," 1450","0.00",,"45","16","  170","  160","16.1","23.0",,,,,
"USW00093824","ZANESVILLE MUNICIPAL AIRPORT, OH US","39.94609","-81.89315","268.6","2024-12-24","4.70"," 0121","0.02",,"45","39","  240","  230","8.9","14.1",,,,,
"USW00093824","ZANESVILLE MUNICIPAL AIRPORT, OH US","39.94609","-81.89315","268.6","2024-12-25","2.46"," 1508","0.00",,"46","36","   60","   50","6.0","8.1",,,,,
"USW00093824","ZANESVILLE MUNICIPAL AIRPORT, OH US","39.94609","-81.89315","268.6","2024-12-26","3.58"," 1021","0.00",,"50","35","   70","   70","10.1","15.0",,,,,
"USW00093824","ZANESVILLE MUNICIPAL AIRPORT, OH US","39.94609","-81.89315","268.6","2024-12-27","5.14"," 2124","0.10",,"53","34","  160","  160","15.0","19.9",,,,,
"USW00093824","ZANESVILLE MUNICIPAL AIRPORT, OH US","39.94609","-81.89315","268.6","2024-12-28","6.04"," 1034","0.01",,"64","45","  200","  210","16.1","21.9",,,,,
"USW00093824","ZANESVILLE MUNICIPAL AIRPORT, OH US","39.94609","-81.89315","268.6","2024-12-29","11.86"," 1841","0.59",,"61","43","  210","  190","29.1","45.0",,,,,
"USW00093824","ZANESVILLE MUNICIPAL AIRPORT, OH US","39.94609","-81.89315","268.6","2024-12-30","8.50"," 0213","0.02",,"51","32","  240","  240","19.9","33.1",,,,,
"USW00093824","ZANESVILLE MUNICIPAL AIRPORT, OH US","39.94609","-81.89315","268.6","2024-12-31","9.62"," 2154","0.56",,"52","33","  280","  290","21.9","32.0",,,,,
"USW00093824","ZANESVILLE MUNICIPAL AIRPORT, OH US","39.94609","-81.89315","268.6","2025-01-01","12.30"," 1415","0.00",,"39","32","  270","  270","21.0","33.1",,,,,
